selection_index,candidate_id,source_dataset,source_split,edit_type,source_record_id,instruction_original,local_caption,mask_area_ratio,mask_components,diff_mass_inside_ratio,changed_pixel_inside_ratio,small_target,multi_target,multi_object_scene,same_class_multi_instance_proxy,strict_eligible,review_flags
0,cb_train-00000-of-00007_0027,CompBench,train,add,03e5f069/1/00086.png,add a black-clothed person riding a bike on the upper right of the white-clothed person,a black-clothed person showing the upper body,0.00936767578125,1,0.9788321256637573,1.0,True,False,True,True,True,
1,cb_train-00000-of-00007_0028,CompBench,train,add,05ed1023/0/00006.png,add a tiger on the right of the two tigers facing left with similar fur color to the others,a tiger,0.07341552734375,1,0.9737883806228638,1.0,False,False,True,True,True,
2,cb_train-00000-of-00007_0039,CompBench,train,add,0f809e41/0/00007.png,add a gray fish on the upper left heading right,a gray fish,0.073935546875,1,0.8144065141677856,0.9548013020480131,False,False,True,True,True,
3,cb_train-00000-of-00007_0106,CompBench,train,add,1dc0c9a0/1/00017.png,add a turtle on the left of the forward-facing turtle below the leftmost turtle,a turtle,0.11483154296875,1,0.9830930829048157,0.9947230110626033,False,False,True,True,True,
4,cb_train-00000-of-00007_0129,CompBench,train,add,1e95ef5e/0/00002.png,add a duck on the rightmost side with its body facing right and similar feather color to other ducks,a brownish-gray duck,0.0146435546875,1,0.9879998564720154,1.0,True,False,True,True,True,
5,cb_train-00000-of-00007_0130,CompBench,train,add,1e95ef5e/0/00005.png,add a duck on the upper right corner similar to other ducks,a brownish-gray duck,0.01412841796875,1,0.9882457256317139,1.0,True,False,True,True,True,
6,cb_train-00000-of-00007_0131,CompBench,train,add,1e95ef5e/0/00007.png,add a duck similar to the other ducks on the upper right corner of the group of ducks,a brown duck,0.01429443359375,1,0.986443817615509,1.0,True,False,True,True,True,
7,cb_train-00000-of-00007_0132,CompBench,train,add,1e95ef5e/0/00010.png,add a duck on the right side below the green stone beast,a brown duck,0.01412353515625,1,0.9862156510353088,1.0,True,False,True,True,True,
8,cb_train-00000-of-00007_0145,CompBench,train,add,23e046fb/1/00001.png,add a giraffe on the right side of the sheep with its head down drinking water,a giraffe and a brown sheep,0.12752197265625,1,0.90699303150177,0.9151684556987149,False,False,True,True,True,
9,cb_train-00000-of-00007_0151,CompBench,train,add,258944c8/0/00096.png,add a black bear on the rightmost side facing right and supporting itself on the parallel bars,a black bear,0.165078125,1,0.8922650218009949,0.8103956180525189,False,False,True,True,True,
10,cb_train-00000-of-00007_0177,CompBench,train,add,2ea465de/0/00147.png,add a man on the lower right corner of the steps wearing a blue coat and a mask with his direction to upper right,a blue-coated person,0.11258056640625,1,0.8898749351501465,0.9277844824230156,False,False,True,True,True,
11,cb_train-00000-of-00007_0208,CompBench,train,add,34504f63/4/00053.png,add a monkey behind the left monkey on the rock walking to the left and similar to other monkeys,a monkey,0.01078369140625,1,0.9857089519500732,1.0,True,False,True,True,True,
12,cb_train-00000-of-00007_0214,CompBench,train,add,34ccea00/1/00050.png,add a brown bear on the leftmost,a brown bear,0.07996337890625,1,0.996250331401825,1.0,False,False,True,True,True,
13,cb_train-00000-of-00007_0216,CompBench,train,add,359003f8/0/00047.png,add a gray bear sitting with its head facing right on the leftmost side,a gray bear,0.00611083984375,1,0.9949125051498413,1.0,True,False,True,True,True,
14,cb_train-00000-of-00007_0219,CompBench,train,add,359003f8/1/00005.png,add a similar bear on the right side of the bear on the right,a gray bear,0.00728759765625,1,0.9992994070053101,1.0,True,False,True,True,True,
15,cb_train-00000-of-00007_0220,CompBench,train,add,359003f8/1/00050.png,add a gray bear on the right side of the right bear,a gray bear,0.00613525390625,1,0.9974218010902405,1.0,True,False,True,True,True,
16,cb_train-00000-of-00007_0221,CompBench,train,add,359003f8/1/00081.png,add a gray bear on the rightmost,a gray bear,0.0065576171875,1,0.9990436434745789,1.0,True,False,True,True,True,
17,cb_train-00000-of-00007_0223,CompBench,train,add,359003f8/2/00042.png,"add a black bear on the rightmost side of the group of bears, similar to the other bears",a black bear,0.00593017578125,1,0.9984322786331177,1.0,True,False,True,True,True,
18,cb_train-00000-of-00007_0235,CompBench,train,add,3bd7facd/0/00012.png,add a white airplane on the right side of the leftmost tail,a white airplane,0.0938525390625,1,0.86090487241745,0.959351980356571,False,False,True,True,True,
19,cb_train-00000-of-00007_0242,CompBench,train,add,4385b2c4/4/00004.png,add a rabbit similar to the second rabbit on the right side of the left second rabbit,a white rabbit,0.01720458984375,1,0.7803739905357361,0.9083070196745203,True,False,True,True,True,
20,cb_train-00000-of-00007_0245,CompBench,train,add,4539b907/1/00003.png,add a white-bodied black-mouthed dog running to the right on the right side of the group of dogs,a white-bodied black-mouthed dog,0.00698486328125,1,0.9979111552238464,1.0,True,False,True,True,True,
21,cb_train-00000-of-00007_0257,CompBench,train,add,46d140ea/1/00012.png,add a black and white dog on the lower right corner walking towards the lower left,a black and white dog,0.07196044921875,1,0.9003416299819946,0.9275628035639615,False,False,True,True,True,
22,cb_train-00000-of-00007_0283,CompBench,train,add,5a064706/0/00074.png,add a brown bear on the rightmost,a brown bear,0.01304931640625,1,0.9985182285308838,1.0,True,False,True,True,True,
23,cb_train-00000-of-00007_0284,CompBench,train,add,5a064706/0/00079.png,add a brown bear on the rightmost,a brown bear,0.012158203125,1,0.9981361031532288,1.0,True,False,True,True,True,
24,cb_train-00000-of-00007_0285,CompBench,train,add,5a064706/0/00081.png,add a small bear with similar fur color on the right side of the topmost bear,a small brown bear,0.012919921875,1,0.9979031085968018,1.0,True,False,True,True,True,
25,cb_train-00000-of-00007_0309,CompBench,train,add,6a3bc149/1/00003.png,add a turtle on the upper left with its head facing forward,a turtle,0.018486328125,1,0.980219304561615,1.0,True,False,True,True,True,
26,cb_train-00000-of-00007_0335,CompBench,train,add,790285e8/0/00011.png,"add a bird on the left near side of the second bird on the right, with its neck stretched out and turning to the left",a white bird,0.016279296875,1,0.9842525720596313,1.0,True,False,True,True,True,
27,cb_train-00000-of-00007_0383,CompBench,train,add,80fb79c6/0/00084.png,add a headless tiger facing right on the right staircase,a headless tiger facing right,0.2261279296875,1,0.9545783996582031,0.9669315893193581,False,False,True,True,True,
28,cb_train-00000-of-00007_0390,CompBench,train,add,82a3db34/0/00035.png,add a similar airplane to the uppermost airplane on its upper side,a white airplane,0.1273876953125,1,0.9713943600654602,0.9834278488773086,False,False,True,True,True,
29,cb_train-00001-of-00007_0066,CompBench,train,add,85aa3b0e/1/00166.png,add a fish on the lower right corner of the red fish with its head pointing to the upper right,a red fish,0.01197998046875,1,0.7428953051567078,0.8694054776219104,True,False,True,True,True,
30,cb_train-00001-of-00007_0094,CompBench,train,add,86a2b59f/16/00028.png,add a red electric scooter and a purple windproof cover on the upper left,a red electric scooter and a purple windproof cover,0.0159765625,1,0.9850757122039795,1.0,True,False,True,True,True,
31,cb_train-00001-of-00007_0095,CompBench,train,add,86a2b59f/16/00031.png,add a red electric scooter and a purple windproof cover on the upper left,a red electric scooter and a purple windproof cover,0.01746826171875,1,0.987057089805603,1.0,True,False,True,True,True,
32,cb_train-00001-of-00007_0115,CompBench,train,add,89fd5681/0/00009.png,add a black-clothed person standing with their back on the left side of the scooter,a black-clothed person,0.0642626953125,1,0.7950664162635803,0.9357949609035621,False,False,True,True,True,
33,cb_train-00001-of-00007_0120,CompBench,train,add,8c8b7913/2/00065.png,add a white cow on the rightmost,a white cow,0.0143115234375,1,0.6470895409584045,0.8036104236424516,True,False,True,True,True,
34,cb_train-00001-of-00007_0174,CompBench,train,add,94f7c53e/1/00050.png,add a turtle on the lower right with its head facing forward,a turtle,0.121787109375,1,0.8807140588760376,0.9532336366519479,False,False,True,True,True,
35,cb_train-00001-of-00007_0201,CompBench,train,add,994ed763/2/00006.png,add a white goose on the lower left,a white goose,0.1027587890625,1,0.8302717208862305,0.8439570174087198,False,False,True,True,True,
36,cb_train-00001-of-00007_0250,CompBench,train,add,a3e85b4b/3/00020.png,add a zebra on the left side of the lead zebra in the herd with its head towards the ground,two zebras,0.168408203125,1,0.8920507431030273,0.8508064516129032,False,False,True,True,True,
37,cb_train-00001-of-00007_0262,CompBench,train,add,a6adef89/1/00009.png,add a plane on the rightmost side that is similar to the other planes,two planes,0.01794921875,1,0.82264643907547,0.8385354789934119,True,False,True,True,True,
38,cb_train-00001-of-00007_0295,CompBench,train,add,aa911a8e/0/00023.png,add a black bird on the upper left,a black bird,0.08836181640625,1,0.8841813206672668,0.9537272097853681,False,False,True,True,True,
39,cb_train-00001-of-00007_0351,CompBench,train,add,b6f03bd9/0/00038.png,add a tiger with similar fur color walking on the left side of the leftmost tiger in the group of tigers,a tiger,0.0203125,1,0.9821357727050781,1.0,False,False,True,True,True,
40,cb_train-00001-of-00007_0354,CompBench,train,add,b898c99e/0/00035.png,add a giraffe on the right side of the giraffe that is similar in appearance and facing forward,a giraffe,0.13035888671875,1,0.8115680813789368,0.8506608529772448,False,False,True,True,True,
41,cb_train-00001-of-00007_0396,CompBench,train,add,c6ad7aaf/0/00034.png,add a black car on the lower left of the road with only the tail and facing left,add a black car,0.0965869140625,1,0.9242960214614868,0.9306341348420556,False,False,True,True,True,
42,cb_train-00001-of-00007_0402,CompBench,train,add,ca74a924/1/00004.png,add a parrot on the right side of the parrot on the right that is standing on a person's finger and looks similar to other parrots,a green bird,0.09708740234375,1,0.945238471031189,0.9889149811882938,False,False,True,True,True,
43,cb_train-00001-of-00007_0412,CompBench,train,add,cbdbc6c3/0/00037.png,add a black plane on the right of the first fighter jet similar to the leftmost one,a black plane,0.01880615234375,1,0.8495514988899231,0.9821138211382113,True,False,True,True,True,
44,cb_train-00002-of-00007_0069,CompBench,train,add,e15e4de8/0/00034.png,add a zebra on the right side of the zebra facing its front,two zebras,0.08583984375,1,0.8441725969314575,0.9188645176568097,False,False,True,True,True,
45,cb_train-00002-of-00007_0079,CompBench,train,add,e3dcd186/0/00007.png,add a grey fish with a yellow head on the left side of the goldfish,a black fish,0.09563232421875,1,0.8022084832191467,0.852918229179775,False,False,True,True,True,
46,cb_train-00002-of-00007_0086,CompBench,train,add,e53611da/0/00073.png,add a white goose facing right on below the black bucket,a white goose and a gray duck,0.00477783203125,1,0.9924220442771912,1.0,True,False,True,True,True,
47,cb_train-00002-of-00007_0089,CompBench,train,add,e5665030/1/00021.png,add a tiger walking to the left front between the two tigers near the pool,a tiger,0.038056640625,1,0.9849041104316711,1.0,False,False,True,True,True,
48,cb_train-00002-of-00007_0117,CompBench,train,add,efe9cbca/1/00003.png,"add a tiger on the leftmost of the cluster, above the second tiger from the left",a tiger,0.023408203125,1,0.954179584980011,0.9601803155522164,False,False,True,True,True,
49,cb_train-00002-of-00007_0141,CompBench,train,add,fc4c1c67/1/00002.png,add a tiger on the leftmost with its tail facing forward,a tiger,0.05803466796875,1,0.9922344088554382,1.0,False,False,True,True,True,
50,cb_train-00006-of-00007_0271,CompBench,train,multi_object_add,02b72b8d_00002.png,add a yellow fish in front of the rock and a white fish above the rock to the upper left of the yellow fish,a yellow fish|a white fish,0.032890625,2,0.9417938590049744,0.9997056442711016,False,True,True,True,True,
51,cb_train-00006-of-00007_0272,CompBench,train,multi_object_add,02b72b8d_00014.png,add a yellow fish to the upper left of the yellow fish and a white fish above the waterweeds on the right,a yellow fish|a white fish,0.05146484375,2,0.966650664806366,1.0,False,True,True,True,True,
52,cb_train-00006-of-00007_0273,CompBench,train,multi_object_add,02b72b8d_00016.png,add a white fish above the upper yellow fish and another white fish on upper right above the water plants,a white fish|a white fish,0.02483154296875,2,0.9317536950111389,0.9993421670895593,False,True,True,True,True,
53,cb_train-00006-of-00007_0274,CompBench,train,multi_object_add,03c21af7_00020.png,add a smaller zebra on the left and a bigger zebra on the right,a zebra|a zebra,0.07056884765625,2,0.8421550989151001,0.9992386269906732,False,True,True,True,True,
54,cb_train-00006-of-00007_0275,CompBench,train,multi_object_add,115da184_00002.png,add a zebra on the left of the one far behind the zebra herds and a small zebra to the right of the lion,a zebra|a zebra,0.01836181640625,2,0.7313346266746521,0.8930062099155044,True,True,True,True,True,
55,cb_train-00006-of-00007_0276,CompBench,train,multi_object_add,115da184_00049.png,add a big zebra on the right of the lion and a small zebra on the left of the lion,a zebra|a zebra,0.0537451171875,2,0.9403785467147827,0.9998294461262951,False,True,True,True,True,
56,cb_train-00006-of-00007_0278,CompBench,train,multi_object_add,1dc12eca_00039.png,add a yellow bird on the rightmost of the birds and add a grey bird on the left of it,a grey bird|a yellow bird,0.0185693359375,2,0.5899236798286438,0.8536797908579576,True,True,True,True,True,
57,cb_train-00006-of-00007_0279,CompBench,train,multi_object_add,1dc12eca_00042.png,add a grey bird on the upper left of the rightmost yellow bird and a yellow bird on the left of the rightmost yellow bird,a grey bird|a yellow bird,0.02359130859375,1,0.6651158332824707,0.8745659722222222,False,True,True,True,True,
58,cb_train-00006-of-00007_0280,CompBench,train,multi_object_add,1fb378d9_00007.png,add two long fish up and down with opposite direction,a long fish|a long fish,0.20326416015625,2,0.9745877981185913,0.9993658845909955,False,True,True,True,True,
59,cb_train-00006-of-00007_0281,CompBench,train,multi_object_add,1fb378d9_00058.png,add a fish tail on the upper left and add a fish below,fish tail|a fish,0.13856201171875,2,0.9766377210617065,0.9972912353347136,False,True,True,True,True,
60,cb_train-00006-of-00007_0282,CompBench,train,multi_object_add,251bf059_00028.png,add a small dog on the right of the dog on the upper right and a yellow dog on the left of the yellow dog,a dog|a yellow dog,0.02237548828125,2,0.49934273958206177,0.9197413465195892,False,True,True,True,True,
61,cb_train-00006-of-00007_0283,CompBench,train,multi_object_add,29ff29f6_00020.png,add a zebra facing left on the leftmost and a zebra facing right on the rightmost,a zebra|a zebra,0.10938720703125,2,0.9213352799415588,1.0,False,True,True,True,True,
62,cb_train-00006-of-00007_0284,CompBench,train,multi_object_add,31b09833_00043.png,add a small yellow horse on the rightmost and half body of a white horse on the left,a horse|a horse,0.0409765625,2,0.7938774824142456,0.9254328237319024,False,True,True,True,True,
63,cb_train-00006-of-00007_0285,CompBench,train,multi_object_add,32ecef67_00001.png,add a tiger on the leftmost and a tiger standing on the rock on the right,a tiger|a tiger,0.12156982421875,2,0.870948076248169,0.9681984565526567,False,True,True,True,True,
64,cb_train-00006-of-00007_0286,CompBench,train,multi_object_add,359003f8_00004.png,add two bears on the right of the bear,a bear|a bear,0.0181298828125,2,0.9981846809387207,1.0,True,True,True,True,True,
65,cb_train-00006-of-00007_0287,CompBench,train,multi_object_add,4a41cbf8_00008.png,add a yellow fish on the right of the fish and a white and red fish above the yellow fish,an orange and white fish|a yellow fish,0.07058837890625,1,0.7811727523803711,0.9760412710469679,False,True,True,True,True,
66,cb_train-00006-of-00007_0288,CompBench,train,multi_object_add,4a41cbf8_00009.png,add a white and red fish above the yellow fish and a black and red fish on the upper right,an orange and white fish|a black and red fish,0.080068359375,2,0.7868853211402893,0.9881268504105241,False,True,True,True,True,
67,cb_train-00006-of-00007_0289,CompBench,train,multi_object_add,54273925_00004.png,add a white sheep and a black sheep to the right of it,a black sheep|a white sheep,0.04872314453125,2,0.949528694152832,0.9996703477830888,False,True,True,True,True,
68,cb_train-00006-of-00007_0290,CompBench,train,multi_object_add,7286b176_00024.png,add two birds flying above the birds,a bird|a bird,0.04515869140625,2,0.927360475063324,0.9996195445404642,False,True,True,True,True,
69,cb_train-00006-of-00007_0292,CompBench,train,multi_object_add,799a2d61_00002.png,add one plane on the left and another one on the right,a plane|a plane,0.0539111328125,2,0.9481990933418274,1.0,False,True,True,True,True,
70,cb_train-00006-of-00007_0293,CompBench,train,multi_object_add,7c6d3504_00016.png,add a smaller crane on the uppper right of the larger crane and a small crane on the left,a bird|a bird,0.02237548828125,2,0.7898536920547485,0.9166046857567869,False,True,True,True,True,
71,cb_train-00006-of-00007_0294,CompBench,train,multi_object_add,7fe2bf77_00040.png,add an antelope in front of the left zebra and an antelope in front of the right zebra,an antelop|an antelop,0.06918212890625,2,0.9606401920318604,1.0,False,True,True,True,True,
72,cb_train-00006-of-00007_0296,CompBench,train,multi_object_add,80b73f1a_00006.png,add two white rabbits up and down,a white rabbit|a white rabbit,0.23513671875,1,0.972867488861084,0.9629589021069751,False,True,True,True,True,
73,cb_train-00006-of-00007_0297,CompBench,train,multi_object_add,843d8f25_00046.png,add a zebra on the left of the tiger and a zebra on the left of the rightmost zebra,a zebra|a zebra,0.046123046875,2,0.9332383275032043,0.99984545641871,False,True,True,True,True,
74,cb_train-00006-of-00007_0298,CompBench,train,multi_object_add,85aa3b0e_00002.png,add a red fish above the light yellow fish and a red fish on the upper right,a red fish|a red fish,0.01593017578125,2,0.9587953686714172,1.0,True,True,True,True,True,
75,cb_train-00006-of-00007_0299,CompBench,train,multi_object_add,85aa3b0e_00036.png,add a red fish on the upper left and a light yellow fish in the middle,a red fish|a fish,0.016435546875,2,0.9056738615036011,1.0,True,True,True,True,True,
76,cb_train-00006-of-00007_0300,CompBench,train,multi_object_add,85aa3b0e_00081.png,add a red fish on the upper left and a light yellow fish on the left,a red fish|a fish,0.018154296875,2,0.9426414966583252,1.0,True,True,True,True,True,
77,cb_train-00006-of-00007_0301,CompBench,train,multi_object_add,85aa3b0e_00122.png,add a red fish in the middle and a light yellow fish on the left of the orange fish,a red fish|a fish,0.01728271484375,2,0.9366392493247986,1.0,True,True,True,True,True,
78,cb_train-00006-of-00007_0302,CompBench,train,multi_object_add,85aa3b0e_00140.png,add a yellow fish below the red fish on the top and a red fish on the bottom right,a fish|a red fish,0.02114013671875,2,0.9607304930686951,1.0,False,True,True,True,True,
79,cb_train-00006-of-00007_0303,CompBench,train,multi_object_add,85aa3b0e_00162.png,add a grey fish below the orange fish on the upper left and a red fish on the bottom right,a fish|a red fish,0.0246435546875,2,0.9561383128166199,1.0,False,True,True,True,True,
80,cb_train-00006-of-00007_0304,CompBench,train,multi_object_add,85aa3b0e_00289.png,add a bigger yellow fish below the yellow fish on the bottom and a white fish on the upper left,a fish|a fish,0.02121826171875,2,0.945144772529602,1.0,False,True,True,True,True,
81,cb_train-00006-of-00007_0305,CompBench,train,multi_object_add,85aa3b0e_00344.png,add a yellow fish above the red fish in the bottom and a white fish on the right of the red fish on the upper left corner,a fish|a fish,0.01996826171875,2,0.9545220732688904,1.0,True,True,True,True,True,
82,cb_train-00006-of-00007_0306,CompBench,train,multi_object_add,8c8b7913_00009.png,add a white cow on the left and another one on the right,a cattle|a cattle,0.0591943359375,2,0.9769848585128784,0.9991834980661797,False,True,True,True,True,
83,cb_train-00006-of-00007_0307,CompBench,train,multi_object_add,8c8b7913_00061.png,add a white cow in the middle and another one on the right,a cattle|a cattle,0.02648193359375,2,0.9445984363555908,0.9992277992277993,False,True,True,True,True,
84,cb_train-00006-of-00007_0308,CompBench,train,multi_object_add,8d0d641a_00003.png,add a black duck on the upper right of the ducks near the feeding bowl and another one on the uppper left,a black duck|a black duck,0.060927734375,2,0.8880382776260376,0.9691780821917808,False,True,True,True,True,
85,cb_train-00006-of-00007_0309,CompBench,train,multi_object_add,8d0d641a_00029.png,add a white duck on the upper left and a black and white duck facing directly forward near the feeding bowl,a white duck|a black and white duck,0.06052001953125,2,0.8586849570274353,0.975590394919627,False,True,True,True,True,
86,cb_train-00006-of-00007_0310,CompBench,train,multi_object_add,8d0d641a_00056.png,add a black duck on the upper left near the feeding bowl and a black duck facing the feeding bowl in front,a black duck|a black duck,0.110625,2,0.9167410135269165,0.9906577735857531,False,True,True,True,True,
87,cb_train-00006-of-00007_0311,CompBench,train,multi_object_add,910bf878_00001.png,add two red fish up and down in the water,a red fish|a red fish,0.0187939453125,1,0.8158293962478638,0.9988250652741515,True,True,True,True,True,
88,cb_train-00006-of-00007_0312,CompBench,train,multi_object_add,91b754c5_00013.png,add a white rabbit on the left and a white rabbit on the upper right,a white rabbit|a white rabbit,0.21499755859375,2,0.9938682317733765,1.0,False,True,True,True,True,
89,cb_train-00006-of-00007_0313,CompBench,train,multi_object_add,9b5f0f47_00014.png,add a yellow fish above the blue fish and another one on the right of the blue fish,a red fish|an orange fish,0.111865234375,2,0.9553699493408203,0.9982447782151902,False,True,True,True,True,
90,cb_train-00006-of-00007_0316,CompBench,train,multi_object_add,9ffb2818_00064.png,add a white behind the black bird on the right and a black bird standing on the bucket,a white bird|a black and grey bird,0.01923828125,2,0.5068104267120361,0.8309564555999239,True,True,True,True,True,
91,cb_train-00006-of-00007_0317,CompBench,train,multi_object_add,9ffb2818_00119.png,add a black bird in front of the white bird on the left and a black bird in front of the big bowl,a black bird|a black and grey bird,0.0158837890625,2,0.5263418555259705,0.8259064209033826,True,True,True,True,True,
92,cb_train-00006-of-00007_0324,CompBench,train,multi_object_add,b33ade7c_00003.png,add a zebra facing front in front of the rightmost zebra and a zebra on the leftmost,a zebra|a zebra,0.0904296875,2,0.9450965523719788,0.9970303750212116,False,True,True,True,True,
93,cb_train-00006-of-00007_0325,CompBench,train,multi_object_add,b4891f7f_00001.png,add two white goats,a goat|a goat,0.070517578125,1,0.7790757417678833,0.8890954860117856,False,True,True,True,True,
94,cb_train-00006-of-00007_0326,CompBench,train,multi_object_add,b7fb59c9_00045.png,add a duck to the rear left of the rightmost duck and a duck to the rear right of the leftmost duck,two ducks|two ducks,0.04058837890625,2,0.8496055006980896,0.9987170515512013,False,True,True,True,True,
95,cb_train-00006-of-00007_0327,CompBench,train,multi_object_add,ba4b3b09_00024.png,add a black and white dog behind the white dog in front and a yellow dog on the right of the white dog,a dog|a yellow dog,0.05281982421875,2,0.8527005910873413,0.9244133388225607,False,True,True,True,True,
96,cb_train-00006-of-00007_0328,CompBench,train,multi_object_add,c30641cf_00000.png,add two flamingos in the middle,a flamingo|a flamingo,0.04602783203125,1,0.861309826374054,0.9601680897670883,False,True,True,True,True,
97,cb_train-00006-of-00007_0329,CompBench,train,multi_object_add,c30641cf_00001.png,add a flamingo on the right and a flamingo on the left of the leftmost flamingo,a flamingo|a flamingo,0.05963623046875,2,0.8556235432624817,0.9725384890798424,False,True,True,True,True,
98,cb_train-00006-of-00007_0330,CompBench,train,multi_object_add,cfd946b2_00010.png,add a red fish with black spots on the bottom left and a black and white fish on the bottom right,two fish|a fish,0.14216064453125,1,0.8869001269340515,0.981225899883098,False,True,True,True,True,
99,cb_train-00006-of-00007_0331,CompBench,train,multi_object_add,cfd946b2_00021.png,add a black and white fish on the right and a red and white fish with black spots on the left of it,a fish|a fish,0.1061962890625,2,0.8932488560676575,0.9803455526099277,False,True,True,True,True,
100,cb_train-00006-of-00007_0332,CompBench,train,multi_object_add,db6533a5_00070.png,add a white dog on the rightmost in front of the slope and a taller white dog on the left of the black dog,a dog|a dog,0.0242431640625,2,0.6386886239051819,0.8635421464762782,False,True,True,True,True,
101,cb_train-00006-of-00007_0333,CompBench,train,multi_object_add,e1b7f212_00002.png,add a monkey hanging on the rope on the upper right and a monkey standing on the wood on the bottom right,a monkey|a monkey,0.04632080078125,2,0.8016982674598694,0.9316951057525289,False,True,True,True,True,
102,cb_train-00006-of-00007_0335,CompBench,train,multi_object_add,eb4d26e1_00000.png,add a man wearing blue T-shirt and black shorts sitting in the boat and a man wearing blue T-shirt and blue jeans rowing,a man|a man,0.04940185546875,1,0.6560751795768738,0.8924164702620269,False,True,True,True,True,
103,cb_train-00006-of-00007_0337,CompBench,train,multi_object_add,ee91f783_00014.png,add a blue and grey bird on the right of the leftmost white bird and a white bird on the rightmost,a bird|a bird,0.015673828125,2,0.40555137395858765,0.8218167701863354,True,True,True,True,True,
104,cb_train-00006-of-00007_0338,CompBench,train,multi_object_add,f92cdae8_00000.png,add a chicken at the very back and a chicken on the bottom left,a chicken|a chicken,0.11537841796875,2,0.8442503809928894,0.9936726156692103,False,True,True,True,True,
105,cb_train-00006-of-00007_0339,CompBench,train,multi_object_add,f92cdae8_00001.png,add a chicken in the middle and a chicken on the bottom left,a chicken|a chicken,0.130849609375,2,0.8676780462265015,0.9968534942774078,False,True,True,True,True,
106,cb_train-00006-of-00007_0340,CompBench,train,multi_object_add,f92cdae8_00002.png,add a chicken on the bottom left and another one on the bottom right,a chicken|a chicken,0.14519287109375,2,0.8874138593673706,0.9966822050065527,False,True,True,True,True,
107,cb_train-00006-of-00007_0342,CompBench,train,multi_object_add,fdb2e432_00165.png,add two black birds on the right,a bird|a bird,0.03036376953125,2,0.8457426428794861,0.9857829961805065,False,True,True,True,True,
108,cb_train-00006-of-00007_0343,CompBench,train,multi_object_remove,02b72b8d_00002.png,remove the two fish,rock|rock and water,0.032890625,2,0.9417938590049744,0.9997056442711016,False,True,True,True,True,
109,cb_train-00006-of-00007_0344,CompBench,train,multi_object_remove,02b72b8d_00014.png,remove the upper yellow fish and the white fish on the right,rock|water and grass,0.05146484375,2,0.966650664806366,1.0,False,True,True,True,True,
110,cb_train-00006-of-00007_0345,CompBench,train,multi_object_remove,02b72b8d_00016.png,remove the two white fish,water|water and grass,0.02483154296875,2,0.9317536950111389,0.9993421670895593,False,True,True,True,True,
111,cb_train-00006-of-00007_0346,CompBench,train,multi_object_remove,03c21af7_00020.png,remove the two zebras,grassland|grassland,0.07056884765625,2,0.8421550989151001,0.9992386269906732,False,True,True,True,True,
112,cb_train-00006-of-00007_0347,CompBench,train,multi_object_remove,115da184_00002.png,remove the left one between the two zebras far behind the zebra herds and the zebra hunted by the lion,grass|grass,0.01836181640625,2,0.7313346266746521,0.8930062099155044,True,True,True,True,True,
113,cb_train-00006-of-00007_0348,CompBench,train,multi_object_remove,115da184_00049.png,remove the two zebras on the left and right of the lion,grassland|grassland,0.0537451171875,2,0.9403785467147827,0.9998294461262951,False,True,True,True,True,
114,cb_train-00006-of-00007_0350,CompBench,train,multi_object_remove,1dc12eca_00039.png,remove the grey and the yellow bird on the rightmost of the birds,wiring nets|wiring nets,0.0185693359375,2,0.5899236798286438,0.8536797908579576,True,True,True,True,True,
115,cb_train-00006-of-00007_0351,CompBench,train,multi_object_remove,1dc12eca_00042.png,remove the grey bird on the right and the yellow bird in the middle,wiring nets|wiring nets,0.02359130859375,1,0.6651158332824707,0.8745659722222222,False,True,True,True,True,
116,cb_train-00006-of-00007_0352,CompBench,train,multi_object_remove,1fb378d9_00007.png,remove the two long fish,water|water,0.20326416015625,2,0.9745877981185913,0.9993658845909955,False,True,True,True,True,
117,cb_train-00006-of-00007_0353,CompBench,train,multi_object_remove,1fb378d9_00058.png,remove the fish tail on the upper left and the fish below,water|water,0.13856201171875,2,0.9766377210617065,0.9972912353347136,False,True,True,True,True,
118,cb_train-00006-of-00007_0354,CompBench,train,multi_object_remove,251bf059_00028.png,remove the small dog on the upper right and the yellow dog on the left,ground|ground,0.02237548828125,2,0.49934273958206177,0.9197413465195892,False,True,True,True,True,
119,cb_train-00006-of-00007_0355,CompBench,train,multi_object_remove,29ff29f6_00020.png,remove the leftmost and the rightmost zebras,a zebra|a zebra,0.10938720703125,2,0.9213352799415588,1.0,False,True,True,True,True,
120,cb_train-00006-of-00007_0356,CompBench,train,multi_object_remove,31b09833_00043.png,remove the rightmost yellow horse and the white horse on the left,grass|grass,0.0409765625,2,0.7938774824142456,0.9254328237319024,False,True,True,True,True,
121,cb_train-00006-of-00007_0357,CompBench,train,multi_object_remove,32ecef67_00001.png,remove the leftmost and rightmost tiger,grass and a tiger|grass,0.12156982421875,2,0.870948076248169,0.9681984565526567,False,True,True,True,True,
122,cb_train-00006-of-00007_0358,CompBench,train,multi_object_remove,359003f8_00004.png,remove the two bears on the right,ground|ground,0.0181298828125,2,0.9981846809387207,1.0,True,True,True,True,True,
123,cb_train-00006-of-00007_0359,CompBench,train,multi_object_remove,4a41cbf8_00008.png,remove the two fish on the right,green water|sand,0.07058837890625,1,0.7811727523803711,0.9760412710469679,False,True,True,True,True,
124,cb_train-00006-of-00007_0360,CompBench,train,multi_object_remove,4a41cbf8_00009.png,remove the white and red fish and remove the black and red fish,green water|green water,0.080068359375,2,0.7868853211402893,0.9881268504105241,False,True,True,True,True,
125,cb_train-00006-of-00007_0361,CompBench,train,multi_object_remove,54273925_00004.png,remove the two sheep,wall and ground|grey curtain,0.04872314453125,2,0.949528694152832,0.9996703477830888,False,True,True,True,True,
126,cb_train-00006-of-00007_0362,CompBench,train,multi_object_remove,7286b176_00024.png,remove the two birds flying above,grassland|grassland,0.04515869140625,2,0.927360475063324,0.9996195445404642,False,True,True,True,True,
127,cb_train-00006-of-00007_0364,CompBench,train,multi_object_remove,799a2d61_00002.png,remove the planes,grassland|grassland,0.0539111328125,2,0.9481990933418274,1.0,False,True,True,True,True,
128,cb_train-00006-of-00007_0365,CompBench,train,multi_object_remove,7c6d3504_00016.png,remove the two upper cranes,grassland|grassland,0.02237548828125,2,0.7898536920547485,0.9166046857567869,False,True,True,True,True,
129,cb_train-00006-of-00007_0366,CompBench,train,multi_object_remove,7fe2bf77_00040.png,remove the two antelopes,grass and a zebra|grass and a zebra,0.06918212890625,2,0.9606401920318604,1.0,False,True,True,True,True,
130,cb_train-00006-of-00007_0368,CompBench,train,multi_object_remove,80b73f1a_00006.png,remove the rabbits,a rabbit and grass|grass,0.23513671875,1,0.972867488861084,0.9629589021069751,False,True,True,True,True,
131,cb_train-00006-of-00007_0369,CompBench,train,multi_object_remove,843d8f25_00046.png,remove the zebra hunted by the lion and the second zebra on the right,grass|grass,0.046123046875,2,0.9332383275032043,0.99984545641871,False,True,True,True,True,
132,cb_train-00006-of-00007_0370,CompBench,train,multi_object_remove,85aa3b0e_00002.png,remove the red fish above the light yellow fish and the red fish on the upper right,water|water,0.01593017578125,2,0.9587953686714172,1.0,True,True,True,True,True,
133,cb_train-00006-of-00007_0371,CompBench,train,multi_object_remove,85aa3b0e_00036.png,remove the red fish on the upper left and the light yellow fish in the middle,water|water,0.016435546875,2,0.9056738615036011,1.0,True,True,True,True,True,
134,cb_train-00006-of-00007_0372,CompBench,train,multi_object_remove,85aa3b0e_00081.png,remove the red fish on the upper left and the light yellow fish on the left,water and a fish|water,0.018154296875,2,0.9426414966583252,1.0,True,True,True,True,True,
135,cb_train-00006-of-00007_0373,CompBench,train,multi_object_remove,85aa3b0e_00122.png,remove the red fish in the middle and the light yellow fish on the left of the orange fish,water|water,0.01728271484375,2,0.9366392493247986,1.0,True,True,True,True,True,
136,cb_train-00006-of-00007_0374,CompBench,train,multi_object_remove,85aa3b0e_00140.png,remove the second fish on the top and the red fish on the bottom right,water|water,0.02114013671875,2,0.9607304930686951,1.0,False,True,True,True,True,
137,cb_train-00006-of-00007_0375,CompBench,train,multi_object_remove,85aa3b0e_00162.png,remove the grey fish below the orange fish on the upper left and the red fish on the bottom right,water and an orange fish|water,0.0246435546875,2,0.9561383128166199,1.0,False,True,True,True,True,
138,cb_train-00006-of-00007_0376,CompBench,train,multi_object_remove,85aa3b0e_00289.png,remove the yellow fish on the bottom and the fish on the upper left,water and a fish|water,0.02121826171875,2,0.945144772529602,1.0,False,True,True,True,True,
139,cb_train-00006-of-00007_0377,CompBench,train,multi_object_remove,85aa3b0e_00344.png,remove the biggest yellow fish in the middle and the white fish on the upper left,water|water,0.01996826171875,2,0.9545220732688904,1.0,True,True,True,True,True,
140,cb_train-00006-of-00007_0378,CompBench,train,multi_object_remove,8c8b7913_00009.png,remove the leftmost and rightmost white cow,grass|tree,0.0591943359375,2,0.9769848585128784,0.9991834980661797,False,True,True,True,True,
141,cb_train-00006-of-00007_0379,CompBench,train,multi_object_remove,8c8b7913_00061.png,remove the two cows on the right,tree|tree,0.02648193359375,2,0.9445984363555908,0.9992277992277993,False,True,True,True,True,
142,cb_train-00006-of-00007_0380,CompBench,train,multi_object_remove,8d0d641a_00003.png,remove the two black ducks,ground|ground,0.060927734375,2,0.8880382776260376,0.9691780821917808,False,True,True,True,True,
143,cb_train-00006-of-00007_0381,CompBench,train,multi_object_remove,8d0d641a_00029.png,remove the white duck on the upper left and a black and white duck facing directly forward near the feeding bowl,ground|ground,0.06052001953125,2,0.8586849570274353,0.975590394919627,False,True,True,True,True,
144,cb_train-00006-of-00007_0382,CompBench,train,multi_object_remove,8d0d641a_00056.png,remove all the black ducks except the right one,ground|basin and ground,0.110625,2,0.9167410135269165,0.9906577735857531,False,True,True,True,True,
145,cb_train-00006-of-00007_0383,CompBench,train,multi_object_remove,910bf878_00001.png,remove the two fish,a fish and water|water,0.0187939453125,1,0.8158293962478638,0.9988250652741515,True,True,True,True,True,
146,cb_train-00006-of-00007_0384,CompBench,train,multi_object_remove,91b754c5_00013.png,remove the rabbit on the left and the one on the upper right,cardboa and grass|cardboard and grass,0.21499755859375,2,0.9938682317733765,1.0,False,True,True,True,True,
147,cb_train-00006-of-00007_0385,CompBench,train,multi_object_remove,9b5f0f47_00014.png,remove the two yellow fish,water and line|water and line,0.111865234375,2,0.9553699493408203,0.9982447782151902,False,True,True,True,True,
148,cb_train-00006-of-00007_0388,CompBench,train,multi_object_remove,9ffb2818_00064.png,remove the white bird on the right and the black bird standing on the bucket,ground|wall,0.01923828125,2,0.5068104267120361,0.8309564555999239,True,True,True,True,True,
149,cb_train-00006-of-00007_0389,CompBench,train,multi_object_remove,9ffb2818_00119.png,remove the two black birds,ground and a white bird|ground,0.0158837890625,2,0.5263418555259705,0.8259064209033826,True,True,True,True,True,
150,cb_train-00006-of-00007_0396,CompBench,train,multi_object_remove,b33ade7c_00003.png,remove the zebra facing front on the right and the leftmost zebra,grassland and a zebra|grassland,0.0904296875,2,0.9450965523719788,0.9970303750212116,False,True,True,True,True,
151,cb_train-00006-of-00007_0397,CompBench,train,multi_object_remove,b4891f7f_00001.png,remove the two white goats,grass|ground,0.070517578125,1,0.7790757417678833,0.8890954860117856,False,True,True,True,True,
152,cb_train-00006-of-00007_0398,CompBench,train,multi_object_remove,b7fb59c9_00045.png,remove the second duck on the right and the second duck on the left,grass and a bird|grass and a bird,0.04058837890625,2,0.8496055006980896,0.9987170515512013,False,True,True,True,True,
153,cb_train-00006-of-00007_0399,CompBench,train,multi_object_remove,ba4b3b09_00024.png,remove the yellow dog and the dog behind the white dog in front,ground|ground,0.05281982421875,2,0.8527005910873413,0.9244133388225607,False,True,True,True,True,
154,cb_train-00006-of-00007_0400,CompBench,train,multi_object_remove,c30641cf_00000.png,remove the two flamingos,rock and ground|rock and ground,0.04602783203125,1,0.861309826374054,0.9601680897670883,False,True,True,True,True,
155,cb_train-00006-of-00007_0401,CompBench,train,multi_object_remove,c30641cf_00001.png,remove the rightmost and the leftmost flamingos,rock and ground|rock and ground,0.05963623046875,2,0.8556235432624817,0.9725384890798424,False,True,True,True,True,
156,cb_train-00006-of-00007_0402,CompBench,train,multi_object_remove,cfd946b2_00010.png,remove the fish on the bottom left and the fish on the bottom right,rock and water|rock and water,0.14216064453125,1,0.8869001269340515,0.981225899883098,False,True,True,True,True,
157,cb_train-00006-of-00007_0403,CompBench,train,multi_object_remove,cfd946b2_00021.png,remove the rightmost and second rightmost fish,rock and water|ground and water,0.1061962890625,2,0.8932488560676575,0.9803455526099277,False,True,True,True,True,
158,cb_train-00006-of-00007_0404,CompBench,train,multi_object_remove,db6533a5_00070.png,remove the rightmost dog and the tallest white dog between two dogs,slope|shutter and ground,0.0242431640625,2,0.6386886239051819,0.8635421464762782,False,True,True,True,True,
159,cb_train-00006-of-00007_0405,CompBench,train,multi_object_remove,e1b7f212_00002.png,remove the two monkeys on the right,wall|tree branch,0.04632080078125,2,0.8016982674598694,0.9316951057525289,False,True,True,True,True,
160,cb_train-00006-of-00007_0407,CompBench,train,multi_object_remove,eb4d26e1_00000.png,remove the two men,boat|boat and water,0.04940185546875,1,0.6560751795768738,0.8924164702620269,False,True,True,True,True,
161,cb_train-00006-of-00007_0409,CompBench,train,multi_object_remove,ee91f783_00014.png,remove the blue and grey bird and the rightmost white bird,ground|ground,0.015673828125,2,0.40555137395858765,0.8218167701863354,True,True,True,True,True,
162,cb_train-00006-of-00007_0410,CompBench,train,multi_object_remove,f92cdae8_00000.png,remove the chicken at the very back and the chicken on the bottom left,ground|ground,0.11537841796875,2,0.8442503809928894,0.9936726156692103,False,True,True,True,True,
163,cb_train-00006-of-00007_0411,CompBench,train,multi_object_remove,f92cdae8_00001.png,remove the chicken in the middle and the chicken on the bottom left,ground|ground,0.130849609375,2,0.8676780462265015,0.9968534942774078,False,True,True,True,True,
164,cb_train-00006-of-00007_0412,CompBench,train,multi_object_remove,f92cdae8_00002.png,remove the chickens on the leftmost and rightmost,ground|ground,0.14519287109375,2,0.8874138593673706,0.9966822050065527,False,True,True,True,True,
165,cb_train-00006-of-00007_0414,CompBench,train,multi_object_remove,fdb2e432_00165.png,remove the two birds on the right,sea and sand|sea and sand,0.03036376953125,2,0.8457426428794861,0.9857829961805065,False,True,True,True,True,
166,cb_train-00002-of-00007_0183,CompBench,train,remove,03e5f069/1/00085.png,remove the second person on the left,grassland,0.0089306640625,1,0.9769879579544067,1.0,True,False,True,True,True,
167,cb_train-00002-of-00007_0268,CompBench,train,remove,16130bd3/0/00040.png,remove the person on the right,grass and stone bench,0.05595947265625,1,0.6659947037696838,0.8008900373241459,False,False,True,True,True,
168,cb_train-00002-of-00007_0322,CompBench,train,remove,1e95ef5e/0/00001.png,remove the duck on the rightmost and upper side,ground,0.01448974609375,1,0.9867861270904541,1.0,True,False,True,True,True,
169,cb_train-00002-of-00007_0323,CompBench,train,remove,1e95ef5e/0/00004.png,remove the duck in the upper right corner of the duck group,ground,0.014501953125,1,0.9869665503501892,1.0,True,False,True,True,True,
170,cb_train-00002-of-00007_0324,CompBench,train,remove,1e95ef5e/0/00006.png,remove the duck in the upper right corner of the group of ducks,ground,0.0144189453125,1,0.9869999289512634,1.0,True,False,True,True,True,
171,cb_train-00002-of-00007_0325,CompBench,train,remove,1e95ef5e/0/00009.png,remove the duck in the upper right corner of the duck flock,ground,0.0142919921875,1,0.9840971827507019,1.0,True,False,True,True,True,
172,cb_train-00002-of-00007_0339,CompBench,train,remove,214aeac3/0/00148.png,remove the rightmost sheep,two white sheep and a wall,0.0299169921875,1,0.4392966032028198,0.8343699412115532,False,False,True,True,True,
173,cb_train-00002-of-00007_0367,CompBench,train,remove,2895bb8b/0/00049.png,remove the chicken at the lower leftmost,ground,0.0729443359375,1,0.6229174733161926,0.8819890141659439,False,False,True,True,True,
174,cb_train-00002-of-00007_0377,CompBench,train,remove,2ae75f99/1/00015.png,remove the cat on the right,sofa and a cat,0.0702490234375,1,0.7187678813934326,0.9541959369660148,False,False,True,True,True,
175,cb_train-00002-of-00007_0385,CompBench,train,remove,2b0e34d3/2/00004.png,remove the green bird on the upper side,ground,0.0710498046875,1,0.7567086219787598,0.9319591564080542,False,False,True,True,True,
176,cb_train-00002-of-00007_0405,CompBench,train,remove,3135d31d/0/00001.png,remove the dog,ground,0.04608642578125,1,0.7904968857765198,0.9158597662771285,False,False,True,False,True,
177,cb_train-00003-of-00007_0025,CompBench,train,remove,34504f63/1/00021.png,remove the second monkey on the left,boat and rocks,0.01127197265625,1,0.9886608123779297,1.0,True,False,True,True,True,
178,cb_train-00003-of-00007_0026,CompBench,train,remove,34504f63/4/00020.png,remove the rightmost monkey on the wooden boat,wooden boat,0.01533203125,1,0.9860029220581055,1.0,True,False,True,True,True,
179,cb_train-00003-of-00007_0027,CompBench,train,remove,34504f63/6/00080.png,remove the second monkey on the right side of the boat,wooden boat,0.0130859375,1,0.9956926703453064,1.0,True,False,True,True,True,
180,cb_train-00003-of-00007_0041,CompBench,train,remove,359003f8/1/00004.png,remove the rightmost bear,ground and trees,0.00746337890625,1,0.9984068274497986,1.0,True,False,True,True,True,
181,cb_train-00003-of-00007_0046,CompBench,train,remove,359003f8/3/00004.png,remove the second bear on the right,ground and trees,0.01066650390625,1,0.9969201683998108,1.0,True,False,True,True,True,
182,cb_train-00003-of-00007_0086,CompBench,train,remove,4539b907/0/00007.png,remove the leftmost dog,muddy ground,0.01116943359375,1,0.9940958619117737,1.0,True,False,True,True,True,
183,cb_train-00003-of-00007_0087,CompBench,train,remove,4539b907/1/00000.png,remove the rightmost dog,muddy ground,0.0081689453125,1,0.9952070116996765,1.0,True,False,True,True,True,
184,cb_train-00003-of-00007_0123,CompBench,train,remove,52ddf44c/0/00039.png,remove the leftmost chicken,ground and bamboo cage,0.0989599609375,1,0.8539553880691528,0.9280167104065128,False,False,True,True,True,
185,cb_train-00003-of-00007_0138,CompBench,train,remove,58264713/0/00014.png,remove the zebra in the middle of the left,ground,0.06549560546875,1,0.6824155449867249,0.8220989616802516,False,False,True,True,True,
186,cb_train-00003-of-00007_0139,CompBench,train,remove,592b4dee/0/00010.png,remove the rabbit on the top,green grass,0.16740966796875,1,0.9306364059448242,0.8000406719916848,False,False,True,True,True,
187,cb_train-00003-of-00007_0142,CompBench,train,remove,5984ed74/0/00016.png,remove the leftmost giraffe,ground,0.0348583984375,1,0.9819926023483276,1.0,False,False,True,True,True,
188,cb_train-00003-of-00007_0147,CompBench,train,remove,5a064706/0/00071.png,remove the bear on the rightmost,green grassland,0.0121923828125,1,0.9988179206848145,1.0,True,False,True,True,True,
189,cb_train-00003-of-00007_0148,CompBench,train,remove,5a064706/0/00078.png,remove the bear on the rightmost,green grassland,0.01195068359375,1,0.9971153736114502,1.0,True,False,True,True,True,
190,cb_train-00003-of-00007_0149,CompBench,train,remove,5a064706/0/00080.png,remove the bear on the rightmost,green grassland,0.01272216796875,1,0.9982427358627319,1.0,True,False,True,True,True,
191,cb_train-00003-of-00007_0150,CompBench,train,remove,5a064706/0/00082.png,remove the rightmost bear,green grassland,0.013369140625,1,0.9979479312896729,1.0,True,False,True,True,True,
192,cb_train-00003-of-00007_0168,CompBench,train,remove,607d8ff5/3/00035.png,remove the white fish on the upper part,yellow pond bottom,0.0545556640625,1,0.730070948600769,0.8724348772929056,False,False,True,True,True,
193,cb_train-00003-of-00007_0174,CompBench,train,remove,616ad8ec/0/00001.png,remove the rightmost zebra,zebra and yellow grassland,0.07541259765625,1,0.7700411677360535,0.8286206048684535,False,False,True,True,True,
194,cb_train-00003-of-00007_0179,CompBench,train,remove,61d80e22/0/00007.png,remove the person,ground and greenery,0.1091845703125,1,0.839633047580719,0.8229803894151781,False,False,True,False,True,
195,cb_train-00003-of-00007_0183,CompBench,train,remove,62372d4c/0/00004.png,remove the fish on the left,stone and tank wall,0.0784228515625,1,0.7657153606414795,0.9329500635069189,False,False,True,True,True,
196,cb_train-00003-of-00007_0191,CompBench,train,remove,6a3bc149/1/00000.png,remove the turtle in the upper left,blue ocean water,0.017197265625,1,0.981317937374115,1.0,True,False,True,True,True,
197,cb_train-00003-of-00007_0196,CompBench,train,remove,6dff20c9/0/00015.png,remove the goose,muddy ground and wall,0.09621337890625,1,0.8801023364067078,0.804523876012287,False,False,True,False,True,
198,cb_train-00003-of-00007_0201,CompBench,train,remove,708098a9/1/00001.png,remove the leftmost tiger,red stones and muddy ground,0.05603515625,1,0.6570730209350586,0.8715727568942223,False,False,True,True,True,
199,cb_train-00003-of-00007_0207,CompBench,train,remove,7286b176/1/00030.png,remove the rightmost bird,green field,0.01998291015625,1,0.5647067427635193,0.8961309834185004,True,False,True,True,True,
200,cb_train-00003-of-00007_0229,CompBench,train,remove,790285e8/0/00008.png,remove the second bird on the left,sky and grass,0.01296630859375,1,0.9752627015113831,1.0,True,False,True,True,True,
201,cb_train-00003-of-00007_0230,CompBench,train,remove,790285e8/0/00012.png,remove the second crane on the left,grass and sky,0.01591552734375,1,0.9677201509475708,1.0,True,False,True,True,True,
202,cb_train-00003-of-00007_0232,CompBench,train,remove,790285e8/3/00003.png,remove the second crane from the left,blue sky with white clouds,0.01810791015625,1,0.9735164046287537,1.0,True,False,True,True,True,
203,cb_train-00004-of-00007_0121,CompBench,train,remove,962ae0e2/0/00016.png,remove the bottommost turtle,blue water,0.20353515625,1,0.835285484790802,0.8967529045695215,False,False,True,False,True,
204,cb_train-00004-of-00007_0139,CompBench,train,remove,98b0033d/0/00034.png,remove the leftmost sheep,wall,0.11545654296875,1,0.8376502394676208,0.807161283290339,False,False,True,True,True,
205,cb_train-00004-of-00007_0158,CompBench,train,remove,9ae447a7/1/00003.png,remove the leftmost duck in the group of ducks,ground,0.00380615234375,1,0.9888952970504761,1.0,True,False,True,True,True,
206,cb_train-00004-of-00007_0212,CompBench,train,remove,a3a80cf7/0/00015.png,remove the car on the road and by the fence,road and fence,0.1843798828125,1,0.9154519438743591,0.8913490001812361,False,False,True,False,True,
207,cb_train-00004-of-00007_0218,CompBench,train,remove,a3f0cb28/0/00007.png,remove the leftmost black fish,blue water,0.02935791015625,1,0.637524425983429,0.9928982380438691,False,False,True,True,True,
208,cb_train-00004-of-00007_0264,CompBench,train,remove,aa348c45/1/00005.png,remove the zebra on the right,wall and green grass,0.16357421875,1,0.7625943422317505,0.8302767195298426,False,False,True,True,True,
209,cb_train-00004-of-00007_0299,CompBench,train,remove,adeaf5aa/0/00068.png,remove the bird on the left,sky,0.1483837890625,1,0.9752964973449707,0.9857741669229151,False,False,True,True,True,
210,cb_train-00004-of-00007_0304,CompBench,train,remove,afc7664d/0/00012.png,remove the fish in the distance,blue fish tank wall,0.03839599609375,1,0.6678168177604675,0.9994165268762307,False,False,True,False,True,
211,cb_train-00004-of-00007_0346,CompBench,train,remove,ba28d02e/0/00004.png,remove the rightmost bear,ground and trees,0.01854248046875,1,0.9940341114997864,1.0,True,False,True,True,True,
212,cb_train-00004-of-00007_0349,CompBench,train,remove,ba4b3b09/2/00001.png,remove the person,ground,0.22994384765625,1,0.9051843285560608,0.8464621550793896,False,False,True,False,True,
213,cb_train-00004-of-00007_0359,CompBench,train,remove,ba9ea03d/0/00044.png,remove the dog on the right,ground and white bag,0.09827392578125,1,0.8145338296890259,0.8249538272111635,False,False,True,True,True,
214,cb_train-00004-of-00007_0393,CompBench,train,remove,c4f9f19e/0/00065.png,remove the airplane on the ground with a green protective net,ground and green protective net,0.09956787109375,1,0.8841546177864075,0.9433024256017758,False,False,True,False,True,
215,cb_train-00005-of-00007_0007,CompBench,train,remove,cbdbc6c3/0/00038.png,remove the plane in the middle of the group of planes,sky,0.019208984375,1,0.8776352405548096,0.9831228751821273,True,False,True,True,True,
216,cb_train-00005-of-00007_0008,CompBench,train,remove,cc45a7f2/2/00002.png,remove the sheep on the right,rocks and grass,0.09026123046875,1,0.8188949823379517,0.8740702806837857,False,False,True,True,True,
217,cb_train-00005-of-00007_0009,CompBench,train,remove,cd49fb99/0/00000.png,remove the car on the left,road and wall,0.022919921875,1,0.6327220797538757,0.845231296402056,False,False,True,True,True,
218,cb_train-00005-of-00007_0086,CompBench,train,remove,db78e7a1/0/00009.png,remove the dog,ground,0.06904052734375,1,0.6876298189163208,0.8017660609163041,False,False,True,False,True,
219,cb_train-00005-of-00007_0154,CompBench,train,remove,ec27366a/1/00002.png,remove the leftmost pigeon,gray floor,0.053720703125,1,0.9172196984291077,0.996416494220966,False,False,True,True,True,
220,cb_train-00005-of-00007_0180,CompBench,train,remove,f40145c2/3/00020.png,remove the cat at the bottom,rug,0.095556640625,1,0.8408765196800232,0.8889253948510948,False,False,True,True,True,
221,cb_train-00005-of-00007_0189,CompBench,train,remove,f6f8b4a6/0/00046.png,remove the rightmost giraffe,muddy land and sky,0.01814697265625,1,0.9757704734802246,1.0,True,False,True,True,True,
222,cb_train-00005-of-00007_0193,CompBench,train,remove,f7360199/2/00017.png,remove the plane on the left,airport fence,0.0692822265625,1,0.7263205647468567,0.8043127475429075,False,False,True,True,True,
223,cb_train-00005-of-00007_0198,CompBench,train,remove,f92cdae8/0/00002.png,remove the leftmost chicken,ground,0.0713916015625,1,0.6175224781036377,0.8537875025561625,False,False,True,True,True,
224,cb_train-00005-of-00007_0238,CompBench,train,replace,001ca3cb/0/00010.png,replace the fish on the right with a black camera long lens,a black camera long lens and green fish tank wall,0.04553955078125,1,0.8786903023719788,0.8098261731063676,False,False,True,True,True,
225,cb_train-00005-of-00007_0247,CompBench,train,replace,03e5f069/1/00000.png,replace the person on the right with a person in white,a person in white,0.03129150390625,1,0.9898931980133057,0.9999240698557327,False,False,True,True,True,
226,cb_train-00005-of-00007_0248,CompBench,train,replace,03e5f069/1/00001.png,replace the man in black on the right with a woman in white without a backpack,a woman in white,0.03142578125,1,0.9893925189971924,1.0,False,False,True,True,True,
227,cb_train-00005-of-00007_0249,CompBench,train,replace,03e5f069/1/00003.png,replace the rightmost black-clothed person with a white-clothed woman without a backpack,a white-clothed person riding a bicycle,0.03148681640625,1,0.9910954833030701,0.999025420287501,False,False,True,True,True,
228,cb_train-00005-of-00007_0250,CompBench,train,replace,03e5f069/1/00144.png,replace the person on the right with a person wearing white,a person wearing white and a bicycle,0.03326171875,2,0.9857110977172852,0.9980988593155894,False,False,True,True,True,
229,cb_train-00005-of-00007_0273,CompBench,train,replace,405c6000/1/00000.png,replace the giraffe with a black bird facing left,the grass and sky with a black bird,0.06836669921875,1,0.9750846028327942,1.0,False,False,True,True,True,
230,cb_train-00005-of-00007_0285,CompBench,train,replace,725d4bfb/0/00022.png,replace the monkey on the right with a camera,a camera,0.09508056640625,1,0.924665629863739,0.9777772062038632,False,False,True,True,True,
231,cb_train-00005-of-00007_0290,CompBench,train,replace,857e375e/3/00023.png,replace the inflatable kayak with an iron boat,an iron boat and water,0.15638916015625,1,0.992063045501709,1.0,False,False,True,False,True,
232,cb_train-00005-of-00007_0291,CompBench,train,replace,857e375e/3/00032.png,replace the red kayak with a white wooden boat,a white wooden boat and two people,0.0741845703125,1,0.990078330039978,1.0,False,False,True,False,True,
233,cb_train-00005-of-00007_0297,CompBench,train,replace,86571569/1/00009.png,replace the leftmost rabbit with a small table model,a small table model,0.123935546875,1,0.9613344669342041,0.9101939078479527,False,False,True,True,True,
234,cb_train-00005-of-00007_0298,CompBench,train,replace,86a2b59f/1/00017.png,replace the leftmost person with a person in black who is facing away,a person in black and a wall,0.0733837890625,1,0.9891345500946045,1.0,False,False,True,True,True,
235,cb_train-00005-of-00007_0303,CompBench,train,replace,86a88668/0/00132.png,replace the brown SUV with a white SUV,a white SUV,0.1715380859375,1,0.8695818185806274,0.8150438482481223,False,False,True,False,True,
236,cb_train-00005-of-00007_0304,CompBench,train,replace,86a88668/0/00223.png,replace the van with a silver car driving to the right,a silver car,0.0641748046875,1,0.8460175395011902,0.8266356430177071,False,False,True,True,True,
237,cb_train-00005-of-00007_0306,CompBench,train,replace,86a88668/0/00291.png,replace the brown car with a grey pickup truck heading right,a grey pickup truck,0.1243115234375,1,0.8960366249084473,0.8777596544832181,False,False,True,True,True,
238,cb_train-00005-of-00007_0310,CompBench,train,replace,8957514f/0/00062.png,replace the cat on the left with a small table and a cup,the table and the cup,0.05711669921875,1,0.6950808763504028,0.8030055759553923,False,False,True,True,True,
239,cb_train-00005-of-00007_0311,CompBench,train,replace,89b671bb/3/00016.png,replace the black MPV with a grey-black sedan,a grey-black sedan,0.05735595703125,1,0.7830577492713928,0.8013874516116669,False,False,True,False,True,
240,cb_train-00005-of-00007_0314,CompBench,train,replace,91b2f707/1/00018.png,replace the orange motorcycle with a blue motorcycle,a blue motorcycle,0.08724609375,1,0.9853130578994751,0.9975756513611403,False,False,True,False,True,
241,cb_train-00005-of-00007_0315,CompBench,train,replace,91b2f707/1/00021.png,replace the orange motorcycle with a blue motorcycle,a blue motorcycle,0.08728271484375,1,0.987983226776123,0.9963147382338875,False,False,True,False,True,
242,cb_train-00005-of-00007_0316,CompBench,train,replace,91b2f707/1/00022.png,replace the orange motorcycle with a blue motorcycle,a blue motorcycle,0.077626953125,1,0.9832199215888977,0.9938995629068268,False,False,True,False,True,
243,cb_train-00005-of-00007_0317,CompBench,train,replace,91b754c5/2/00008.png,replace the white rabbit on the left with a cup,a cup and a cardboard box,0.15888427734375,1,0.9694952368736267,0.9939582393503898,False,False,True,True,True,
244,cb_train-00005-of-00007_0323,CompBench,train,replace,9d5940d2/1/00029.png,replace the turtle on the right with a black small table,a black small table and a transparent fish tank wall,0.05552978515625,1,0.8116532564163208,0.9214652786928449,False,False,True,True,True,
245,cb_train-00005-of-00007_0325,CompBench,train,replace,a218e951/1/00003.png,replace the red and white fish with a black camera,black camera,0.15377197265625,1,0.8535352349281311,0.8829273246956749,False,False,True,False,True,
246,cb_train-00005-of-00007_0326,CompBench,train,replace,a218e951/1/00009.png,replace the fish on the right with a lens,a lens and water,0.1774560546875,1,0.8746054768562317,0.8998433028140742,False,False,True,True,True,
247,cb_train-00005-of-00007_0332,CompBench,train,replace,a5cf4c8d/0/00004.png,replace the truck with a white car in front,a white car,0.1174072265625,1,0.9987914562225342,1.0,False,False,True,True,True,
248,cb_train-00005-of-00007_0334,CompBench,train,replace,b0d09e6a/0/00004.png,replace the bottom rabbit with a silver bowl,silver bowl and a white pad,0.15286376953125,1,0.9809243679046631,0.9981966066762357,False,False,True,True,True,
249,cb_train-00005-of-00007_0335,CompBench,train,replace,b0d09e6a/1/00032.png,replace the white rabbit with a black clock,a black clock,0.0503466796875,1,0.9445497989654541,0.9962688500803234,False,False,True,False,True,
250,cb_train-00005-of-00007_0336,CompBench,train,replace,b0d09e6a/1/00035.png,replace the white rabbit on the right with a camera,a camera,0.0514306640625,1,0.9491052031517029,0.9940108284222127,False,False,True,True,True,
251,cb_train-00005-of-00007_0337,CompBench,train,replace,b0d09e6a/1/00053.png,replace the white rabbit in front with a white bottle,a white bottle,0.0476904296875,1,0.9542189836502075,0.9999427459063323,False,False,True,True,True,
252,cb_train-00005-of-00007_0338,CompBench,train,replace,b0d09e6a/1/00054.png,replace the rabbit with a cup,the cup and white ground,0.08554931640625,1,0.9812047481536865,0.9998723023879453,False,False,True,False,True,
253,cb_train-00005-of-00007_0339,CompBench,train,replace,b0d09e6a/3/00065.png,replace the upper right rabbit with a cup,a cup and red wall,0.0341064453125,1,0.9115700125694275,0.9555087719298245,False,False,True,True,True,
254,cb_train-00005-of-00007_0344,CompBench,train,replace,bdc5ccf7/2/00021.png,replace the white cat on the right with a black shelf,a black shelf,0.0369921875,1,0.7427510023117065,0.8164929524220986,False,False,True,True,True,
255,cb_train-00005-of-00007_0345,CompBench,train,replace,beb693c9/0/00001.png,replace the boat below with a bridge,the water surface and a bridge,0.19777587890625,1,0.9681352972984314,0.9789406861527421,False,False,True,False,True,
256,cb_train-00005-of-00007_0353,CompBench,train,replace,ced51047/0/00050.png,replace the cat on the right with a purple-black cushion,the purple-black cushion and the ground,0.10867919921875,1,0.7105116844177246,0.8563404373353058,False,False,True,True,True,
257,cb_train-00005-of-00007_0355,CompBench,train,replace,ced51047/0/00052.png,replace the cat on the right with a black circle,a black circle and the ground,0.1076611328125,1,0.6012656092643738,0.82824644012027,False,False,True,True,True,
258,cb_train-00005-of-00007_0356,CompBench,train,replace,ced51047/0/00053.png,replace the black cat on the right with a black cushion,the black cushion and the ground,0.106494140625,1,0.581427276134491,0.824457921408989,False,False,True,True,True,
259,cb_train-00005-of-00007_0357,CompBench,train,replace,ced51047/0/00056.png,replace the cat on the right with a black rope,the black rope and the ground,0.10547607421875,1,0.61777663230896,0.8481957693902945,False,False,True,True,True,
260,cb_train-00005-of-00007_0360,CompBench,train,replace,d2abc61e/1/00019.png,replace the dog on the left with a chair,a chair and the ground,0.0867822265625,1,0.8877810835838318,0.8623367198838897,False,False,True,True,True,
261,cb_train-00005-of-00007_0361,CompBench,train,replace,d2abc61e/1/00020.png,replace the white dog with a black stool,a black stool and the ground,0.0661279296875,1,0.8345833420753479,0.8075285941798176,False,False,True,False,True,
262,cb_train-00005-of-00007_0367,CompBench,train,replace,dd3f4a07/0/00006.png,replace the turtle with a black pot,a black pot and a transparent fish tank wall,0.05814208984375,1,0.8004887700080872,0.8828887945342957,False,False,True,False,True,
263,cb_train-00005-of-00007_0368,CompBench,train,replace,dd3f4a07/2/00013.png,replace the turtle in the middle with a small table,a small table,0.074609375,1,0.877426266670227,0.9147101696492261,False,False,True,True,True,
264,cb_train-00005-of-00007_0369,CompBench,train,replace,dd3f4a07/2/00018.png,replace the middle turtle with a wooden chair,a chair,0.0723583984375,1,0.8779414296150208,0.9146540941017993,False,False,True,True,True,
265,cb_train-00005-of-00007_0382,CompBench,train,replace,f06632aa/0/00002.png,replace the leftmost dog with a black pot,the black pot and the ground,0.0537646484375,1,0.9914718270301819,1.0,False,False,True,True,True,
266,cb_train-00005-of-00007_0383,CompBench,train,replace,f06632aa/1/00059.png,replace the yellow dog with a cardboard box,a cardboard box and the ground,0.07265380859375,1,0.9827193021774292,1.0,False,False,True,False,True,
267,cb_train-00005-of-00007_0384,CompBench,train,replace,f494e9fa/0/00001.png,replace the dog with a silver-blue four-legged stool,a silver-blue four-legged stool,0.23685791015625,1,0.9300620555877686,0.9404660241551788,False,False,True,False,True,
268,cb_train-00005-of-00007_0386,CompBench,train,replace,f494e9fa/0/00009.png,replace the greyhound with a bench,a bench,0.175400390625,1,0.8801933526992798,0.8952377138891113,False,False,True,False,True,
269,he_0-frDDoQqUw,HumanEdit,train,add,0-frDDoQqUw,Add a top.,A little boy wearing a hat stood in the crowd,0.054782867431640625,1,0.8034512996673584,0.9647084672214441,False,False,False,True,True,
270,he_000000000307,HumanEdit,train,add,000000000307,Place a black dog with the neck is white in the center of the image.,"In the center of the picture, a black dog with a white neck is pacing, and on the right, a brown and white dog is chasing a Frisbee.",0.14971446990966797,1,0.7472893595695496,0.947314028923278,False,False,False,True,True,
271,he_000000093106,HumanEdit,train,add,000000093106,Add a top hat.,"On the sofa sat a boy in a black top hat, a suit and tie with lots of little things on it",0.044646263122558594,1,0.7882699966430664,0.9618756087379992,False,False,False,True,True,
272,he_0CgpDVNOKgs,HumanEdit,train,add,0CgpDVNOKgs,Add a hat.,"On the round table lay a little girl in a white hat, short hair, open eyes, and a flowered dress",0.10743427276611328,1,0.9328832030296326,0.981904948499776,False,False,False,False,True,
273,he_0E_vhMVqL9g,HumanEdit,train,add,0E_vhMVqL9g,Add a hat.,The little girl wearing a hat shakes hands with a robot,0.086181640625,1,0.8583182692527771,0.9811461746278094,False,False,False,False,True,
274,he_0G9rZGQqGig,HumanEdit,train,add,0G9rZGQqGig,Add a straw hat on the head.,A woman holding a little girl wearing a straw hat,0.11887836456298828,1,0.9358311295509338,0.986267857996082,False,False,False,False,True,
275,he_0eKR4M2uuL8,HumanEdit,train,add,0eKR4M2uuL8,Add a pair of sunglasses.,A stylish dog wearing sunglasses caught a lot of attention.,0.0924234390258789,1,0.9130299091339111,0.9597179589839405,False,True,True,False,True,
276,he_0fOAmzgZ5cA,HumanEdit,train,add,0fOAmzgZ5cA,Add water bottle.,The little girl is holding a bottle and receiving water from the spray nozzle,0.0862264633178711,1,0.8916547894477844,0.9840294107115148,False,False,False,False,True,
277,he_0qEmA2h57Pk,HumanEdit,train,add,0qEmA2h57Pk,Put a moon in the middle of the sky without any clouds,A bright moon in the middle of the clouds,0.07074546813964844,1,0.6013152003288269,0.973769555551023,False,False,False,True,True,
278,he_0qqWALcBFnY(1),HumanEdit,train,add,0qqWALcBFnY(1),Add a puppy to the right of the person,"In front of the house, in front of a water, there was a boy standing next to a puppy",0.07305717468261719,1,0.6730540990829468,0.9610103407357179,False,False,False,True,True,
279,he_1kdIG_258bU,HumanEdit,train,add,1kdIG_258bU,"Add a red boat in the lower right corner of the picture, with an orange-red light on the bow","There is a lake below the tower, and there is a boat in the lake",0.03654766082763672,1,0.6888084411621094,0.887619581595823,False,False,False,True,True,
280,he_2OX0bKvL1-I,HumanEdit,train,add,2OX0bKvL1-I,Woman holding a spoon,The girl has a spoon in her hand,0.04311656951904297,1,0.7813635468482971,0.9617108930086029,False,False,False,False,True,
281,he_2mSzfaseWvg,HumanEdit,train,add,2mSzfaseWvg,A butterfly is perched on the top of a dandelion,There is a butterfly perched on top of a dandelion,0.029787063598632812,1,0.6883715987205505,0.9186842105263158,False,False,False,True,True,
282,he_3c1Jv1EXYtc,HumanEdit,train,add,3c1Jv1EXYtc,Put a small hat on the woman,A woman wearing a hat in the laboratory with a man next to her,0.10711860656738281,1,0.9286317825317383,0.9860911896379363,False,False,False,False,True,
283,he_4Cjn0FDEud8,HumanEdit,train,add,4Cjn0FDEud8,Add a hat.,A kid in a pink hat with an open mouth and a white short-sleeved pink dress,0.11115264892578125,1,0.9337335228919983,0.9851495959816554,False,False,False,False,True,
284,he_4cNByrzzNik,HumanEdit,train,add,4cNByrzzNik,Add a hat.,A girl in a brown hat and glasses with a hand over her mouth,0.09810924530029297,1,0.8842613101005554,0.9846186636353949,False,False,False,False,True,
285,he_5Hwt59WvpqM,HumanEdit,train,add,5Hwt59WvpqM,Add an insect.,A cactus crawling an insect,0.013835906982421875,1,0.5567532181739807,0.8991100259903915,True,False,False,False,True,
286,he_5Ufu-tY-Txk,HumanEdit,train,add,5Ufu-tY-Txk,Add brown tops.,A child in a brown and black coat turned to look to the left.,0.16417694091796875,1,0.9729623198509216,0.989566871996646,False,False,False,False,True,
287,he_8VPSh4Wj61Q,HumanEdit,train,add,8VPSh4Wj61Q,Add a bee in the center of the flower in the middle of the picture,"Many white flowers are clustered together, and there is a honey on the flower",0.074432373046875,1,0.8374069929122925,0.9695238095238096,False,False,False,True,True,
288,he_8n-3h1WkaQk,HumanEdit,train,add,8n-3h1WkaQk,Add snow.,The mountains are covered with snow and there are blue ice at the foot of the mountains,0.14618778228759766,1,0.9625962376594543,0.9847735339009545,False,False,False,False,True,
289,he_8v2Dz6vfN80,HumanEdit,train,add,8v2Dz6vfN80,Add a butterfly and stick it on the flower,"There are two red flowers on the grass, and there is a butterfly on the flower",0.07344722747802734,1,0.9049682021141052,0.9802966133855519,False,False,False,False,True,
290,he_973wAyYLeL0,HumanEdit,train,add,973wAyYLeL0,Add a bee in the center of the picture,There is a bee on the yellow flower,0.11406326293945312,1,0.8959152102470398,0.9785691563279589,False,False,False,True,True,
291,he_A_HTot3y5XA,HumanEdit,train,add,A_HTot3y5XA,Add bees.,"There are many pink flowers growing on the tree, and there is a bee on the pink flowers",0.0826730728149414,1,0.8960820436477661,0.9815469517978788,False,False,False,False,True,
292,he_CQwFUfliJyU,HumanEdit,train,add,CQwFUfliJyU,Add a hat.,A boy in a striped hat with a tongue out and a red shirt.,0.2016000747680664,1,0.9542673826217651,0.9921704704787265,False,False,False,False,True,
293,he_CnSIcPtMG7U,HumanEdit,train,add,CnSIcPtMG7U,Add a hat.,"In front of a green wheat field, a long-haired girl in a white dress held her face in her hands and wore a straw hat with a black ribbon on it sat on a chair",0.07198333740234375,1,0.8793018460273743,0.9767421073331188,False,False,False,False,True,
294,he_KJE--xk4AWE,HumanEdit,train,add,KJE--xk4AWE,Add a hat.,The man with glasses wearing a white hat with lots of splinters on it smiled in a blue sweater and plopped down on the car,0.08047294616699219,1,0.8618677258491516,0.9710069165192214,False,False,False,False,True,
295,he_NfWZ6RB7KAY,HumanEdit,train,add,NfWZ6RB7KAY,Add a hat.,In front of the big tree a little girl in a pink hat wearing white short sleeves,0.07340049743652344,1,0.8682793974876404,0.978990633392284,False,False,False,False,True,
296,he_OuYESbJjiW0,HumanEdit,train,add,OuYESbJjiW0,What if the wall is made of pure wood and not painted?,A jeep parked on a desolate gravel lot in the pink evening sunshine,0.1606769561767578,1,0.9122409224510193,0.9831487911943917,False,False,False,False,True,
297,he_Vw07IRhemag(1),HumanEdit,train,add,Vw07IRhemag(1),Add a hat.,A little black girl with a pretty hat on her head,0.10525226593017578,1,0.9346328377723694,0.9815159944367177,False,False,False,False,True,
298,he__-HoZoogPgI,HumanEdit,train,add,_-HoZoogPgI,Add glasses.,A girl in black clothes and glasses stands behind gauze,0.012621879577636719,1,0.4255274832248688,0.854541465555068,True,False,False,False,True,
299,he__3LvzSuueSM,HumanEdit,train,add,_3LvzSuueSM,The child holds a milk bottle in his right hand,The child is sitting on the lawn with a bottle in his hand,0.03700447082519531,1,0.5367311239242554,0.9107180020811655,False,False,False,True,True,
300,he__Jsde7RXd3o,HumanEdit,train,add,_Jsde7RXd3o,Add a fly to the transparent ball of the prototype,There's a bug on the droplets,0.14730262756347656,1,0.788169801235199,0.9879991048283322,False,False,False,False,True,
301,he__oHRmhtvpWc,HumanEdit,train,add,_oHRmhtvpWc,Add dazzling lighting.,Being illuminated by dazzling lights,0.0687093734741211,1,0.851401686668396,0.9640248074334018,False,False,False,False,True,
302,he__vln5e2nOK0,HumanEdit,train,add,_vln5e2nOK0,Get your child dressed,A child wearing clothes is touching the grass,0.1186532974243164,1,0.9289025068283081,0.9859307161045671,False,False,False,False,True,
303,he_axoIDVk0ThE,HumanEdit,train,add,axoIDVk0ThE,Add a hat.,The model in the clothing store raised her hand and put a hat on her head,0.08778667449951172,1,0.8802263140678406,0.9744694710996418,False,False,False,False,True,
304,he_bgoE05DFF9U,HumanEdit,train,add,bgoE05DFF9U,Put a hat on the girl's head.,In the gap of the trees stood a man with a blue top hat. Girls with curly hair wearing striped tops and suspenders carry backpacks,0.06847667694091797,1,0.7917393445968628,0.9229340112868079,False,False,False,False,True,
305,he_nDExp37E9bs,HumanEdit,train,add,nDExp37E9bs,Add a hat.,White hat with a black ribbon on top of it worn by a boy lying on his back above a window dressed in black.,0.20229434967041016,1,0.969585120677948,0.9929481186877557,False,False,False,False,True,
306,he_oUoRl1xBRaM,HumanEdit,train,add,oUoRl1xBRaM,Add a person walking in the center of the road.,A man walks down a path lined with orange-red maple trees,0.2114419937133789,1,0.8181037902832031,0.9679052935854718,False,False,False,True,True,
307,he_oV4bR3YoR_s,HumanEdit,train,add,oV4bR3YoR_s,What if there is a kayak parked by the water?,There is a blue boat docked next to a clear lake,0.15610122680664062,1,0.80828458070755,0.8807857729303034,False,False,False,False,True,
308,he_ow87HfF-uG8,HumanEdit,train,add,ow87HfF-uG8,Add a bee to the flower.,There's a bee standing on a white daisy,0.07370758056640625,1,0.855738639831543,0.9766094655153569,False,False,False,False,True,
309,he_04iFOldrYig,HumanEdit,train,remove,04iFOldrYig,Remove all the cattle.,Under the blue sky is a green grassland,0.018590927124023438,3,0.46057915687561035,0.9019327667895014,True,False,False,False,True,
310,he_0gQ8Fh1f54k,HumanEdit,train,remove,0gQ8Fh1f54k,Remove the lime from the noodles.,"A bowl of noodles with eggs, shrimps and scallions.",0.007557868957519531,1,0.5549892783164978,0.8620164483703929,True,False,False,False,True,
311,he_0wtaJS_nxBQ,HumanEdit,train,remove,0wtaJS_nxBQ,Remove the girl wearing the black top from the picture,Only one boy jumped up above the ground,0.06976795196533203,1,0.8793500065803528,0.9659739395092258,False,False,False,True,True,
312,he_10ca-K3e6Ko,HumanEdit,train,remove,10ca-K3e6Ko,Remove the white pattern from the black T-shirt.,"A boy was wearing a black unpatterned short sleeve and black pants, his head down.",0.019351959228515625,1,0.6402382850646973,0.8573057358358183,True,False,False,False,True,
313,he_11tmJit0vQk,HumanEdit,train,remove,11tmJit0vQk,Remove the building in the lower right corner.,There was only one row of street lights under the sky.,0.009024620056152344,1,0.5061386823654175,0.9837255883825738,True,False,False,True,True,
314,he_1Lw1ZSRPm7o,HumanEdit,train,remove,1Lw1ZSRPm7o,Remove camels on the left in the desert.,There was a man and a camel in the desert.,0.06875801086425781,1,0.9358156323432922,0.9693943349637482,False,False,False,True,True,
315,he_1RTvJnAiFtI,HumanEdit,train,remove,1RTvJnAiFtI,Remove the leaves on the left side of the branch.,Healthy and nutritious lush leaves,0.17039203643798828,1,0.9770491123199463,0.9914424613745338,False,False,False,True,True,
316,he_1SQsg_2eGdo,HumanEdit,train,remove,1SQsg_2eGdo,Remove the camera.,A lady squatting by the flower bushes,0.013833999633789062,1,0.45181888341903687,0.9013623264343725,True,False,False,False,True,
317,he_2OalKAckLvU,HumanEdit,train,remove,2OalKAckLvU,What happens if there is no one on the zebra crossing?,There is a white zebra crossing in the middle of the empty road,0.11260223388671875,2,0.7483450174331665,0.9584929837564855,False,False,False,True,True,
318,he_2Pm3LPrKvE4,HumanEdit,train,remove,2Pm3LPrKvE4,Remove the larger snowflake at the back,A snowflake hangs from a shelf,0.19251060485839844,1,0.8769431114196777,0.9789369246283465,False,False,False,True,True,
319,he_3IUTxfKJl34,HumanEdit,train,remove,3IUTxfKJl34,Remove the middle giraffe,A giraffe is eating grass with a blue rope hanging on the grass,0.13904953002929688,1,0.9252157807350159,0.9819403681963714,False,False,False,True,True,
320,he_3N4Z-OM1u78,HumanEdit,train,remove,3N4Z-OM1u78,Remove the boy on the right.,A child was playing on the bank of the river.,0.025424957275390625,1,0.8134276270866394,0.9429246728235654,False,False,False,True,True,
321,he_3O25t7H2xmE,HumanEdit,train,remove,3O25t7H2xmE,Remove people.,"At the bottom is the ground, in the middle is the sea, and above it is the sky.",0.01494598388671875,1,0.6957089900970459,0.9033232628398792,True,False,False,False,True,
322,he_3XUijzqLOV8,HumanEdit,train,remove,3XUijzqLOV8,Remove a coconut tree on the left.,A coconut tree.,0.08381462097167969,1,0.9146443009376526,0.9483741015134584,False,False,False,True,True,
323,he_3gvrzToFyXI,HumanEdit,train,remove,3gvrzToFyXI,Remove light.,Many stones placed together,0.019306182861328125,1,0.49041420221328735,0.9012983068863412,True,False,False,False,True,
324,he_3suAHB4_Smo,HumanEdit,train,remove,3suAHB4_Smo,Remove the middle tree.,There are many stars in the night sky.,0.08020210266113281,1,0.8780840039253235,0.9742323314378554,False,False,False,True,True,
325,he_4A1pj4_vClA,HumanEdit,train,remove,4A1pj4_vClA,Remove the teapot.,A girl with curly hair working on a computer,0.0164642333984375,1,0.5520070791244507,0.9054034265631864,True,False,False,False,True,
326,he_4BuNQT3IS_Y,HumanEdit,train,remove,4BuNQT3IS_Y,Remove the bottom of the toy.,A pony toy is placed on a blanket,0.18523406982421875,1,0.9544247984886169,0.9900662004522827,False,False,False,True,True,
327,he_4O3-PT_1eMY,HumanEdit,train,remove,4O3-PT_1eMY,Remove the medicine bottle in the lower right corner of the image,There was a bottle of medicine on the table,0.13528919219970703,1,0.9719371199607849,0.9998907103825136,False,False,False,True,True,
328,he_4mu1thNgK24,HumanEdit,train,remove,4mu1thNgK24,Remove the ball.,The puppy was in the grass with his head down,0.016038894653320312,1,0.5869477391242981,0.9241433283023087,True,False,False,False,True,
329,he_51adhgg5KkE,HumanEdit,train,remove,51adhgg5KkE,Remove the water glass.,A man is sitting on the big bed in the house,0.019777297973632812,1,0.45280465483665466,0.8940092165898618,True,False,False,False,True,
330,he_5D3SQkXKNhk,HumanEdit,train,remove,5D3SQkXKNhk,Remove glasses.,A male doctor is gesturing with his hands,0.018418312072753906,1,0.6265717148780823,0.8627076784912439,True,False,False,False,True,
331,he_5H4p2FEBmf4,HumanEdit,train,remove,5H4p2FEBmf4,Remove the shoes.,A little girl wearing a skirt barefoot,0.019895553588867188,1,0.4400293827056885,0.8880693791538337,True,False,False,False,True,
332,he_5NJHUpmzD20,HumanEdit,train,remove,5NJHUpmzD20,Remove white stripes from black shorts.,A man in a blue short-sleeved shirt and plain black shorts sat on a hanging chair looking at his phone.,0.015585899353027344,3,0.4913816452026367,0.8222924276828907,True,False,False,False,True,
333,he_5Qx4QBht_N4,HumanEdit,train,remove,5Qx4QBht_N4,Remove the brown on the feet of the blue and white bear doll.,A little girl was holding a blue-and-white bear doll.,0.008291244506835938,2,0.5797725319862366,0.8761432926829268,True,False,False,False,True,
334,he_5SoGp8vJO00,HumanEdit,train,remove,5SoGp8vJO00,Remove the top three lights.,There are many irons in one window.,0.07480621337890625,1,0.9080199599266052,0.9812954329682164,False,True,True,True,True,
335,he_5V_pMmsv7wk,HumanEdit,train,remove,5V_pMmsv7wk,Remove the grass on the left.,"Below is the pink house, and above it is a handful of balloons.",0.07608795166015625,1,0.8854988813400269,0.9549383427451884,False,False,False,True,True,
336,he_5glUYvzsWGY,HumanEdit,train,remove,5glUYvzsWGY,Remove the hat.,A girl wearing a denim jacket and shorts is sitting on the stairs,0.015044212341308594,1,0.5514686107635498,0.9007616318528014,True,False,False,False,True,
337,he_5htXZu3V3oM,HumanEdit,train,remove,5htXZu3V3oM,Remove people from the beach.,The setting sun scattered on the receding beach,0.013843536376953125,1,0.4488639235496521,0.8713168971737824,True,False,False,False,True,
338,he_5iX4W5tIjYM,HumanEdit,train,remove,5iX4W5tIjYM,Remove ladybugs.,"Golden mature wheat ears, densely arranged like a golden ocean",0.013834953308105469,1,0.5174567699432373,0.8923648369789517,True,False,False,False,True,
339,he_5mTOegXTMUM,HumanEdit,train,remove,5mTOegXTMUM,Remove white patterns from clothing.,A long-haired girl in a pure black tank top and orange shorts sat at the edge of the net.,0.017488479614257812,1,0.7239143252372742,0.9074461183594031,True,False,False,False,True,
340,he_5mmngbWIflg,HumanEdit,train,remove,5mmngbWIflg,Remove wood from the water.,There is a calm lake near by and mountains in the distance.,0.017038345336914062,3,0.5434671640396118,0.8748695569680296,True,False,False,False,True,
341,he_5sh24a7m0BU,HumanEdit,train,remove,5sh24a7m0BU,Remove the words 'There is' in the top row of the board.,One hand held up a board that said NO Plant B.,0.0852813720703125,1,0.8761765360832214,0.9515683506230433,False,False,False,True,True,
342,he_6-Grz7txpe8,HumanEdit,train,remove,6-Grz7txpe8,Remove the pyramid behind the Sphinx,There is a human face in the desert,0.14331817626953125,1,0.8442357778549194,0.815660833251861,False,False,False,True,True,
343,he_6g-b4Ewoho0,HumanEdit,train,remove,6g-b4Ewoho0,Remove the red ball.,The child stands in front of the shelf,0.016119956970214844,1,0.5708729028701782,0.9237089201877934,True,False,False,False,True,
344,he_7XHbr-V62IM,HumanEdit,train,remove,7XHbr-V62IM,Remove the person farthest from the basket in the frame,Someone is playing under the basketball hoop,0.2363138198852539,1,0.9778766632080078,0.9922537252155432,False,False,False,True,True,
345,he_7tyW8-6rb_4,HumanEdit,train,remove,7tyW8-6rb_4,Remove the bottom fruit,There are two purple fruits hanging from the branches,0.05844879150390625,1,0.8787334561347961,0.9763304855948814,False,False,False,True,True,
346,he_7wIg5ENOSCw,HumanEdit,train,remove,7wIg5ENOSCw,Remove the parasol behind the boy,Small children playing in the sand on a stool,0.093658447265625,2,0.8719362020492554,0.9773926539058458,False,False,False,True,True,
347,he_8VmiMhameng,HumanEdit,train,remove,8VmiMhameng,Remove all the people behind the man in the center of the picture,"A man stands on the playground, wearing a red short-sleeved shirt and a red hat, raising his hands above his head",0.12713146209716797,3,0.930953323841095,0.9879764407941357,False,False,False,True,True,
348,he_8bSV4ulfbzo,HumanEdit,train,remove,8bSV4ulfbzo,Remove the moon.,There was a mass in the middle of the dark sky that had not yet turned black,0.013831138610839844,1,0.6495848298072815,0.8243929208396213,True,False,False,False,True,
349,he_8pc5B4rnw_I,HumanEdit,train,remove,8pc5B4rnw_I,Remove the woman in the middle of the road,There are many cars driving on the road between high-rise buildings,0.16510677337646484,1,0.8944084048271179,0.9692490981897607,False,False,False,True,True,
350,he_8s0x8fqTGXE,HumanEdit,train,remove,8s0x8fqTGXE,Remove cars and people.,"There is a path between the two buildings, covered with leaves",0.017754554748535156,1,0.4436042904853821,0.849137739947688,True,False,False,False,True,
351,he_8tN3flDTQBU,HumanEdit,train,remove,8tN3flDTQBU,Remove people standing in the middle of the road.,There are lawns on both sides of the road and a mountain in front of it,0.14095687866210938,1,0.8971124291419983,0.9186999727623382,False,False,False,True,True,
352,he_9TdomzK-2d0,HumanEdit,train,remove,9TdomzK-2d0,Remove people from the desert.,An empty desert.,0.011984825134277344,1,0.6013424396514893,0.8833819241982507,True,False,False,False,True,
353,he_9UNuCjJnQbA,HumanEdit,train,remove,9UNuCjJnQbA,Remove the phone from the quilt.,There is a laptop and blue clothes on the quilt.,0.012578964233398438,1,0.5991573929786682,0.8555236000676705,True,False,False,False,True,
354,he_9V2d3RoUEdk,HumanEdit,train,remove,9V2d3RoUEdk,Remove the leaves on the right.,A white peacock was walking on an empty road.,0.10151481628417969,1,0.9255689978599548,0.9973739994305059,False,False,False,True,True,
355,he_9Vq-VuI7woY,HumanEdit,train,remove,9Vq-VuI7woY,Remove the monk sculpture on the far right.,There are six monk ornaments on the table.,0.08725261688232422,1,0.9228146076202393,0.9833902683389061,False,False,False,True,True,
356,he_9iR21DGebEs,HumanEdit,train,remove,9iR21DGebEs,Remove the woman at the back of the two women,There was a girl standing on the sand,0.19567108154296875,1,0.9033697247505188,0.9581160740748872,False,True,True,True,True,
357,he_9swU_dZxwGg,HumanEdit,train,remove,9swU_dZxwGg,Remove the leaves in the lower left corner.,"Leaves on the top left, pink sky behind.",0.07370376586914062,1,0.880393385887146,0.880932669004862,False,False,False,True,True,
358,he_AxnzedBAdxo,HumanEdit,train,remove,AxnzedBAdxo,Remove the sunglasses.,Girl standing sideways on the road,0.01789379119873047,1,0.4591299295425415,0.8774021095217455,True,False,False,False,True,
359,he_N92PmuFjVOI,HumanEdit,train,remove,N92PmuFjVOI,Remove the right girl.,On the endless beach sat a girl in a pink dress with long hair,0.12458419799804688,1,0.9358484148979187,0.9868881693181285,False,False,False,True,True,
360,he__M4SLgyL3Ps,HumanEdit,train,remove,_M4SLgyL3Ps,Remove the items on the left wall.,There is nothing on the wall to the left of the high collar,0.2194957733154297,1,0.9759657382965088,0.993287146817384,False,False,False,True,True,
361,he__RnbxS6vUb8,HumanEdit,train,remove,_RnbxS6vUb8,Remove the little fox on the left.,A fox is standing on the right side of the wood. On the left is a big tree.,0.08162689208984375,1,0.8156288862228394,0.9831178586960819,False,False,False,True,True,
362,he__Wt5CgwWk1k,HumanEdit,train,remove,_Wt5CgwWk1k,Remove pattern in the top of the girl.,A girl wearing black clothes and jeans,0.12075138092041016,1,0.9093531966209412,0.9756134735558604,False,False,False,True,True,
363,he__g30Vjnlhkk,HumanEdit,train,remove,_g30Vjnlhkk,Remove a dog collar.,A dog stands in a forest full of fallen leaves,0.012006759643554688,1,0.42621269822120667,0.912780254141441,True,False,False,False,True,
364,he__w0XkDuLj88,HumanEdit,train,remove,_w0XkDuLj88,Remove things from the blanket.,A girl who is exercising has nothing on her blanket,0.01870441436767578,1,0.4029276669025421,0.8457373394203206,True,False,False,False,True,
365,he_-3E9wA9VWCY,HumanEdit,train,replace,-3E9wA9VWCY,Change white top to black top.,"Girl wearing black top and white pants, standing near the wall",0.08903121948242188,1,0.8733133673667908,0.9494660997695629,False,False,False,True,True,
366,he_-3Mbr-3-e2s,HumanEdit,train,replace,-3Mbr-3-e2s,Replace the black hat of the big doll in the middle with a Santa hat,"Many dolls are placed on the table, the doll in the middle is wearing a red hat",0.0379180908203125,1,0.8434531092643738,0.966151832460733,False,False,False,True,True,
367,he_0HPhEPT3FmE,HumanEdit,train,replace,0HPhEPT3FmE,Replace the red flower on the left with a white flower.,A bunch of white flowers.,0.17504119873046875,1,0.9886959791183472,0.9927909429558817,False,False,False,True,True,
368,he_0Ut0pNrTdQo,HumanEdit,train,replace,0Ut0pNrTdQo,Replace the Statue of Liberty with a lighthouse.,There is only one lighthouse on the sea,0.07790279388427734,1,0.9234959483146667,0.9729097271998988,False,False,False,False,True,
369,he_0hwoPb13zuQ,HumanEdit,train,replace,0hwoPb13zuQ,Replace a woman's gold necklace with a brown and black one.,A woman was wearing a brown and black necklace and a colorful dress.,0.008872032165527344,1,0.5058759450912476,0.845061533606816,True,False,False,False,True,
370,he_0l_PZ1mO_ZA,HumanEdit,train,replace,0l_PZ1mO_ZA,Replace the color of the clothes.,A person is wearing red clothes and looking down.,0.013849258422851562,1,0.4458215832710266,0.8480158189008591,True,False,False,False,True,
371,he_0pSsWN8uqAE,HumanEdit,train,replace,0pSsWN8uqAE,Change the number6 in the shirt to 8.,The middle child has the number 8 written on his clothes,0.016472816467285156,1,0.47879526019096375,0.8902411368962129,True,False,False,False,True,
372,he_1GxT-yz-PGQ,HumanEdit,train,replace,1GxT-yz-PGQ,Change black hat to white hat.,A man wearing a black shirt and a white hat stands on the grassland,0.013834953308105469,1,0.4655180871486664,0.8656780881082637,True,False,False,False,True,
373,he_1KTNlv11tDc,HumanEdit,train,replace,1KTNlv11tDc,Replace the pink flower in the left shoe with blue.,There are many blue flowers in the brown shoes on the left.,0.04213142395019531,1,0.8527263402938843,0.9408946479992056,False,False,False,True,True,
374,he_1dwyU46p7eE,HumanEdit,train,replace,1dwyU46p7eE,Turn white top into blue.,A woman in a blue top is looking at the computer,0.1985311508178711,1,0.9831808805465698,0.9929703469696567,False,False,False,True,True,
375,he_1fb6ubsKS0w,HumanEdit,train,replace,1fb6ubsKS0w,Change another yellow skirt to black.,A curly-haired lady wearing a black dress,0.1259326934814453,1,0.9287191033363342,0.9882597562968747,False,False,False,True,True,
376,he_1fdh8ho4jiM,HumanEdit,train,replace,1fdh8ho4jiM,Change blue top to white.,A little girl wearing a white top,0.1749591827392578,1,0.9542223811149597,0.9961789810616164,False,False,False,True,True,
377,he_28ztKXfneYk,HumanEdit,train,replace,28ztKXfneYk,Replace the grass in the lower left corner and the clod in the lower right corner with grass.,"Near is a large green grass, in the distance is a green mountain.",0.2089834213256836,1,0.9173265695571899,0.9962799223635972,False,False,False,True,True,
378,he_29h2n639YDA,HumanEdit,train,replace,29h2n639YDA,Replace the fruit in the lower right corner with an apple.,In the lower right corner is an apple.,0.09854984283447266,1,0.9158726334571838,0.9784358826912019,False,False,False,True,True,
379,he_30AOxN5emxs,HumanEdit,train,replace,30AOxN5emxs,Swap black pants for blue pants.,A woman was wearing blue pants.,0.013840675354003906,1,0.6012104153633118,0.9061880899662044,True,False,False,False,True,
380,he_3OG8ywzgjJY,HumanEdit,train,replace,3OG8ywzgjJY,Replace yellow hair with black.,A dark-haired man wearing dark glasses and black clothes was standing in the middle of the road.,0.008746147155761719,1,0.4822162985801697,0.8291373344469634,True,False,False,False,True,
381,he_3OQejbTxeTY,HumanEdit,train,replace,3OQejbTxeTY,Replace the powder in front of the bottle with a small white cup.,A white bottle has a pink-white cup in front of it.,0.07385444641113281,1,0.9205358624458313,0.9789435588675582,False,False,False,True,True,
382,he_3QDsA0uUd4k,HumanEdit,train,replace,3QDsA0uUd4k,Replace the front greenery with a prickly cactus.,"Four green plants, the front is cactus.",0.1416759490966797,1,0.9519001245498657,0.9884814398200225,False,False,False,True,True,
383,he_3Qi0PkM_Wes,HumanEdit,train,replace,3Qi0PkM_Wes,Replace a child's curly hair with hair only on the top of the head.,A woman held in her arms a child with only hair on the top of her head.,0.08542156219482422,1,0.7557044625282288,0.8597055009124193,False,False,False,True,True,
384,he_3SwQ_pDAitQ,HumanEdit,train,replace,3SwQ_pDAitQ,Change the bug's eyes to yellow.,A bug's eyes are yellow.,0.015951156616210938,2,0.5914424657821655,0.8967114404817045,True,False,False,False,True,
385,he_3d853e9ZjPM,HumanEdit,train,replace,3d853e9ZjPM,White hat with black chin strap replaced with black hat with white chin strap,A long-haired lady wearing a black hat and white clothes carries a black backpack,0.09903144836425781,1,0.9567036032676697,0.9785353535353535,False,False,False,False,True,
386,he_3ifyMZdTDUY,HumanEdit,train,replace,3ifyMZdTDUY,Change eye color to yellow.,A green lizard with yellow eyes crawls on the ground,0.013833045959472656,1,0.42607900500297546,0.9185606060606061,True,False,False,False,True,
387,he_3khMcS5CLN0,HumanEdit,train,replace,3khMcS5CLN0,Change the white top to a black top.,"A girl wearing a black top, holding a leaf in her hand, standing around the leaves",0.058966636657714844,1,0.8181326389312744,0.9763575914296269,False,False,False,True,True,
388,he_3qoJo9hp2Ak,HumanEdit,train,replace,3qoJo9hp2Ak,Replace the pomegranate on the right with an onion.,On the far left is a pomegranate and onion.,0.058808326721191406,1,0.8456001281738281,0.9741729135432284,False,False,False,True,True,
389,he_3sBnJqI8LXo,HumanEdit,train,replace,3sBnJqI8LXo,Replace the trees on the right with white mist.,"Trees on the left, white mist on the right.",0.2247486114501953,1,0.9631728529930115,0.989891395154553,False,False,False,True,True,
390,he_3t6rfsCaWiQ,HumanEdit,train,replace,3t6rfsCaWiQ,Replace a woman's brown bag with a plaid bag.,"A woman was wearing a white blouse, yellow skirt and carrying a plaid bag in her hand.",0.019287109375,1,0.6795345544815063,0.9426051500243762,True,False,False,False,True,
391,he_3tvnHnUXjDU,HumanEdit,train,replace,3tvnHnUXjDU,Replace the three yellow flowers in the middle with three white flowers.,There are three white flowers among the dark green leaves.,0.08372116088867188,1,0.9461987614631653,0.9818514607532559,False,True,True,True,True,
392,he_46juD4zY1XA,HumanEdit,train,replace,46juD4zY1XA,Change the paint on the far right to pink.,"Four lines of paint, pink on the far right.",0.08633995056152344,1,0.9216934442520142,0.984179850124896,False,False,False,True,True,
393,he_50uhRqRVJM8,HumanEdit,train,replace,50uhRqRVJM8,Wear a red halter dress with a pink dress behind it.,"A girl with short curly hair in a red halter-neck dress behind a pink dress stood between the pink and blue walls, one hand touching her head and the other hand sideways",0.22286128997802734,1,0.9796530604362488,0.9898623620696377,False,False,False,True,True,
394,he_5r7YLkOwwQg,HumanEdit,train,replace,5r7YLkOwwQg,Swap black hair for blonde hair.,A blonde girl in a blue dress is playing with binoculars.,0.007871627807617188,1,0.5379039645195007,0.8711983983220517,True,False,False,False,True,
395,he_6hkjCMStvQ0,HumanEdit,train,replace,6hkjCMStvQ0,Switch to a black cup.,Girl holding black cup in her hand,0.01965808868408203,1,0.8465558886528015,0.9375122046475298,True,False,False,False,True,
396,he_6zKEK46iVIc,HumanEdit,train,replace,6zKEK46iVIc,Turn water droplets into small snails.,A little snail is lying on a leaf,0.013944625854492188,1,0.5970534086227417,0.894082791539791,True,False,False,False,True,
397,he_7zfQ6sbWVyE,HumanEdit,train,replace,7zfQ6sbWVyE,Turn the small tomato in the upper right corner of the picture into a big tomato,There is a delicious food on the table and a large tomato in front,0.07853507995605469,1,0.8641163110733032,0.9823845554543174,False,False,False,True,True,
398,he_805S0qauwKQ,HumanEdit,train,replace,805S0qauwKQ,Replace your black top with a white summer top,"A lady with long hair, standing in front of a brown wall, wearing white short sleeves and leopard print skirt",0.06299018859863281,1,0.8960853219032288,0.968808416293527,False,False,False,True,True,
399,he_87InWldRhgs,HumanEdit,train,replace,87InWldRhgs,Replace the cucumber slices on your eyes with a piece of chrysanthemum,The lying girl has a flower blocking her eyes,0.10401344299316406,1,0.9398154616355896,0.9872224884203802,False,False,False,False,True,
400,he_8TgvLWnhlbQ,HumanEdit,train,replace,8TgvLWnhlbQ,Turn the phone from the back to the front,A hand wearing a watch holds a white mobile phone,0.13623714447021484,1,0.9588453769683838,0.9846433136357742,False,False,False,True,True,
401,he_8VxLn3IgokM,HumanEdit,train,replace,8VxLn3IgokM,Change the black top to white.,A long-haired lady wearing a white top holds a green branch in her hand,0.22753429412841797,1,0.9839287996292114,0.981008454494423,False,False,False,True,True,
402,he_8a3LPB-Z9Ag,HumanEdit,train,replace,8a3LPB-Z9Ag,Change the skirt to a white top and pink skirt,Girl in pink dress standing in the grass,0.13251686096191406,1,0.8578996062278748,0.9539904775373592,False,False,False,True,True,
403,he_8vn4KvfU640,HumanEdit,train,replace,8vn4KvfU640,Change the green top to black.,A blonde woman wears a gray VR in a black top,0.18460845947265625,1,0.9322047829627991,0.928077427159996,False,False,False,True,True,
404,he_9T-ECH-1Tj0,HumanEdit,train,replace,9T-ECH-1Tj0,Replace the round moon with a meniscus.,There was a meniscus in the blue sky.,0.07110595703125,1,0.9595694541931152,0.980483639801177,False,False,False,False,True,
405,he_9sZ_aSCZ0W8,HumanEdit,train,replace,9sZ_aSCZ0W8,Replace the black phone on the left with a mouse.,"On the turquoise table, there is a black notebook in the lower left corner and a laptop in the upper right corner.",0.1619882583618164,1,0.9792227149009705,0.9801549205976975,False,False,False,True,True,
406,he_9t1l8iKx1xA,HumanEdit,train,replace,9t1l8iKx1xA,Turn the rabbit's pink ears into white ears.,A rabbit with white ears is holding a carrot.,0.011662483215332031,2,0.4668169319629669,0.873438202247191,True,False,False,False,True,
407,he_9u2GMRE8MdE,HumanEdit,train,replace,9u2GMRE8MdE,Replace the picture on the left with a rabbit.,There are two pictures on the wall. The one on the left is a rabbit.,0.02732372283935547,1,0.7932369709014893,0.9262501430369607,False,False,False,True,True,
408,he_9uUy6Rf7iPw,HumanEdit,train,replace,9uUy6Rf7iPw,Replace the orange feathers in the middle of the bird with pink.,On the green branch stood a colorful bird.,0.01594066619873047,1,0.4386630654335022,0.8060354864248126,True,False,False,True,True,
409,he_9vHPCKymSh0,HumanEdit,train,replace,9vHPCKymSh0,Swap a woman's black belt for a white skirt.,"A couple embrace, and the woman on the right is wearing a white top and skirt.",0.0147552490234375,1,0.7801021933555603,0.8683022357613012,True,False,False,False,True,
410,he_A_f5ucMXRH4,HumanEdit,train,replace,A_f5ucMXRH4,Change glasses to sunglasses.,A woman wearing sunglasses and a white dress stands next to a white building with black clothes in her hands,0.008954048156738281,1,0.4819314777851105,0.8463779374635851,True,False,False,False,True,
411,he_Vdkm_nd237s,HumanEdit,train,replace,Vdkm_nd237s,Replace the white light ball on the right with red.,"On the left is a glass bottle with a cork in it, and on the right is a red bulb.",0.17358016967773438,1,0.9777880311012268,0.9914584680164538,False,False,False,True,True,
412,he__RfbgayXWOk,HumanEdit,train,replace,_RfbgayXWOk,Turn the two pine cones on the left side of the table into red apples on a wooden plate.,"On the left of the table was a red apple on a wooden plate, and on the right was a white candle in a fine box.",0.05929088592529297,1,0.7979604005813599,0.961895835689931,False,True,True,True,True,
413,he__Rh_zxIUWXA,HumanEdit,train,replace,_Rh_zxIUWXA,Replace the blue mask on a woman's face with a silver one.,A woman with short hair wore a silver-white mask.,0.1168069839477539,1,0.9551535248756409,0.9892885744794447,False,False,False,False,True,
414,he__SMGQ74kB3c,HumanEdit,train,replace,_SMGQ74kB3c,Replace the plain black pants of a woman in the desert with pants printed with many large flowers.,A woman in the desert wore a black blouse and trousers with many large flowers on them.,0.013370513916015625,1,0.5198303461074829,0.8720752593069068,True,False,False,False,True,
415,he__XQflc16W0I,HumanEdit,train,replace,_XQflc16W0I,Replace the donut-shaped nose with a normal nose,White statue with a white lampshade,0.013835906982421875,1,0.5557416677474976,0.8583287216380742,True,False,False,False,True,
416,he__rWF1DVWkUs,HumanEdit,train,replace,_rWF1DVWkUs,Replace the black skirt worn by the woman in the middle with black shorts.,A woman in a black top and black shorts stood in front of a white wall flanked by green plants to the left and right.,0.14117908477783203,1,0.9181433916091919,0.9845656855707107,False,False,False,True,True,
417,he__urKfD3fUK8,HumanEdit,train,replace,_urKfD3fUK8,Change the pencil color to red.,The child is writing with a red pen,0.01763916015625,1,0.5511424541473389,0.9073875420153042,True,False,False,False,True,
418,he__v1ipqy_fd4,HumanEdit,train,replace,_v1ipqy_fd4,Change the ice block in the hand to  a chrysanthemum.,Holding a white flower in his hand,0.07941532135009766,1,0.9407058954238892,0.9826355598167679,False,False,False,False,True,
419,he__zd5Lqg6qwc,HumanEdit,train,replace,_zd5Lqg6qwc,Change blue and white plaid top to black top.,A woman wearing a black top and blue jeans sits on a stone,0.11989307403564453,1,0.8717718124389648,0.9348401401902582,False,False,False,True,True,
420,he_fbAnIjhrOL4,HumanEdit,train,replace,fbAnIjhrOL4,Replace the cactus with a red rose.,There is a red rose growing in the flowerpot,0.1013021469116211,1,0.958894670009613,0.9758555460017196,False,False,False,False,True,
421,he_kC28celkE_0,HumanEdit,train,replace,kC28celkE_0,Change to tan leather shoes and lean on the railing with your left foot on tiptoe.,A man puts one foot on the railing,0.17315292358398438,1,0.9217544198036194,0.9847507684889398,False,False,False,True,True,
422,he_ouDjrbw-fs0,HumanEdit,train,replace,ouDjrbw-fs0,Pink lipstick turns into red lipstick.,A girl in a black dress wearing red lipstick,0.01903820037841797,1,0.5382552742958069,0.9075342465753424,True,False,False,False,True,
423,rs_000101_2,ReShapeBench,multi_object,multi_object,000101_2,Change the classic street lamp into an ornate cast-iron clock post,ornate cast-iron clock post,0.22210311889648438,1,,,False,False,True,True,True,needs_sam2_mask_refinement|no_gt_image
424,rs_000102_1,ReShapeBench,multi_object,multi_object,000102_1,Change the flock of sheep into a small herd of goats,small herd of goats,0.171722412109375,5,,,False,False,True,True,False,needs_sam2_mask_refinement|no_gt_image|too_many_mask_components
425,rs_000103_1,ReShapeBench,multi_object,multi_object,000103_1,Change the cat-face pillow into a round striped cushion,round striped cushion,0.5589065551757812,1,,,False,False,True,True,False,mask_area_above_limit|needs_sam2_mask_refinement|no_gt_image
426,rs_000104_2,ReShapeBench,multi_object,multi_object,000104_2,Change the metal sugar bowl into a glass honey dispenser with a metal lid,glass honey dispenser with a metal lid,0.9089508056640625,1,,,False,False,True,True,False,mask_area_above_limit|needs_sam2_mask_refinement|no_gt_image
427,rs_000105_2,ReShapeBench,multi_object,multi_object,000105_2,Change the wooden chair into a rustic tree stump,rustic tree stump,0.33423614501953125,1,,,False,False,True,True,True,needs_sam2_mask_refinement|no_gt_image
428,rs_000106_1,ReShapeBench,multi_object,multi_object,000106_1,"Change the shepherd into a woman in a bright red dress and sun hat, carrying a basket","woman in a bright red dress and sun hat, carrying a basket",0.23321533203125,3,,,False,False,True,True,False,needs_sam2_mask_refinement|no_gt_image|too_many_mask_components
429,rs_000107_1,ReShapeBench,multi_object,multi_object,000107_1,Change the ice-cream cone into a red balloon,red balloon,0.1930694580078125,2,,,False,False,True,True,True,needs_sam2_mask_refinement|no_gt_image
430,rs_000108_1,ReShapeBench,multi_object,multi_object,000108_1,Change the yellow bicycle with a basket into a classic black scooter,classic black scooter,0.15555191040039062,4,,,False,False,True,True,False,needs_sam2_mask_refinement|no_gt_image|too_many_mask_components
431,rs_000109_2,ReShapeBench,multi_object,multi_object,000109_2,Change the glass of orange spritz into a glass of iced matcha latte,glass of iced matcha latte,0.9270706176757812,1,,,False,False,True,True,False,mask_area_above_limit|needs_sam2_mask_refinement|no_gt_image
432,rs_000110_2,ReShapeBench,multi_object,multi_object,000110_2,Change the plastic-wrapped buns into green apples,green apples,0.7421875,1,,,False,False,True,True,False,mask_area_above_limit|needs_sam2_mask_refinement|no_gt_image
433,rs_000111_1,ReShapeBench,multi_object,multi_object,000111_1,Change the white umbrella into a white folding chair,white folding chair,0.1086273193359375,1,,,False,False,True,True,True,needs_sam2_mask_refinement|no_gt_image
434,rs_000112_1,ReShapeBench,multi_object,multi_object,000112_1,Change the pink drink in the glass into a green smoothie in the glass,green smoothie in the glass,0.86419677734375,1,,,False,False,True,True,False,mask_area_above_limit|needs_sam2_mask_refinement|no_gt_image
435,rs_000113_1,ReShapeBench,multi_object,multi_object,000113_1,Change the row of colorful bottles into a row of small potted succulents,row of small potted succulents,0.0807647705078125,3,,,False,False,True,True,False,needs_sam2_mask_refinement|no_gt_image|too_many_mask_components
436,rs_000114_1,ReShapeBench,multi_object,multi_object,000114_1,Change the white ceramic spoon into a pair of wooden chopsticks,pair of wooden chopsticks,0.8662223815917969,2,,,False,False,True,True,False,mask_area_above_limit|needs_sam2_mask_refinement|no_gt_image
437,rs_000115_1,ReShapeBench,multi_object,multi_object,000115_1,Change the woven pendant light into a modern metal sphere light,modern metal sphere light,0.3642425537109375,1,,,False,False,True,True,True,needs_sam2_mask_refinement|no_gt_image
438,rs_000116_1,ReShapeBench,multi_object,multi_object,000116_1,Change the bunches of dried peppers and chilies into bunches of white garlic bulbs,bunches of white garlic bulbs,0.4169960021972656,1,,,False,False,True,True,False,mask_area_above_limit|needs_sam2_mask_refinement|no_gt_image
439,rs_000117_2,ReShapeBench,multi_object,multi_object,000117_2,Change the ornate birdcage into a grandfather clock,grandfather clock,0.5563011169433594,2,,,False,False,True,True,False,mask_area_above_limit|needs_sam2_mask_refinement|no_gt_image
440,rs_000118_1,ReShapeBench,multi_object,multi_object,000118_1,Change the worn soccer ball into a worn leather backpack,worn leather backpack,0.59088134765625,1,,,False,False,True,True,False,mask_area_above_limit|needs_sam2_mask_refinement|no_gt_image
441,rs_000119_1,ReShapeBench,multi_object,multi_object,000119_1,Change the plate with an orange into a plate with a slice of cake,plate with a slice of cake,0.8266639709472656,1,,,False,False,True,True,False,mask_area_above_limit|needs_sam2_mask_refinement|no_gt_image
442,rs_000120_2,ReShapeBench,multi_object,multi_object,000120_2,Change the watermelon slices into cantaloupe slices,cantaloupe slices,0.9909439086914062,1,,,False,False,True,True,False,mask_area_above_limit|needs_sam2_mask_refinement|no_gt_image
443,rs_000121_1,ReShapeBench,multi_object,multi_object,000121_1,Change the wine glass into a small vase filled with pink roses,small vase filled with pink roses,0.20270538330078125,1,,,False,False,True,True,True,needs_sam2_mask_refinement|no_gt_image
444,rs_000122_1,ReShapeBench,multi_object,multi_object,000122_1,Change the bowl of Turkish delights into a plate of assorted cookies,plate of assorted cookies,0.979736328125,1,,,False,False,True,True,False,mask_area_above_limit|needs_sam2_mask_refinement|no_gt_image
445,rs_000123_2,ReShapeBench,multi_object,multi_object,000123_2,Change the yellow pitcher with paintbrushes into a yellow pitcher with sunflowers,yellow pitcher with sunflowers,0.9402427673339844,1,,,False,False,True,True,False,mask_area_above_limit|needs_sam2_mask_refinement|no_gt_image
446,rs_000124_2,ReShapeBench,multi_object,multi_object,000124_2,Change the glass bowl filled with red berries into a woven basket filled with red berries,woven basket filled with red berries,0.9978713989257812,1,,,False,False,True,True,False,mask_area_above_limit|needs_sam2_mask_refinement|no_gt_image
447,rs_000125_2,ReShapeBench,multi_object,multi_object,000125_2,Change the black scooter into a chair,chair,0.23178863525390625,2,,,False,False,True,True,True,needs_sam2_mask_refinement|no_gt_image
448,rs_000126_2,ReShapeBench,multi_object,multi_object,000126_2,Change the white paper bag with croissants into a white paper bag with a bunch of green grapes,white paper bag with a bunch of green grapes,0.7510871887207031,1,,,False,False,True,True,False,mask_area_above_limit|needs_sam2_mask_refinement|no_gt_image
449,rs_000127_2,ReShapeBench,multi_object,multi_object,000127_2,Change the dog sitting beside the woman into a woven picnic basket,woven picnic basket,0.5827789306640625,2,,,False,False,True,True,False,mask_area_above_limit|needs_sam2_mask_refinement|no_gt_image
450,rs_000128_1,ReShapeBench,multi_object,multi_object,000128_1,Change the vase with dried flowers into a stack of books,stack of books,0.3956756591796875,1,,,False,False,True,True,True,needs_sam2_mask_refinement|no_gt_image
451,rs_000129_2,ReShapeBench,multi_object,multi_object,000129_2,Change the glass of orange liquid into a ceramic teapot,ceramic teapot,0.6267814636230469,1,,,False,False,True,True,False,mask_area_above_limit|needs_sam2_mask_refinement|no_gt_image
452,rs_000130_1,ReShapeBench,multi_object,multi_object,000130_1,Change the plate of toast with orange preserves into a plate of toast with berry jam,plate of toast with berry jam,0.9027099609375,1,,,False,False,True,True,False,mask_area_above_limit|needs_sam2_mask_refinement|no_gt_image
453,rs_000131_1,ReShapeBench,multi_object,multi_object,000131_1,Change the wooden nightstand with a stack of books into a wooden nightstand with a small potted plant,wooden nightstand with a small potted plant,0.3390960693359375,2,,,False,False,True,True,True,needs_sam2_mask_refinement|no_gt_image
454,rs_000132_1,ReShapeBench,multi_object,multi_object,000132_1,Change the toasted bread slices into carrot sticks,carrot sticks,0.397613525390625,2,,,False,False,True,True,True,needs_sam2_mask_refinement|no_gt_image
455,rs_000133_1,ReShapeBench,multi_object,multi_object,000133_1,Change the glass of iced soda with a striped straw into a small plate of pastries,small plate of pastries,0.8568115234375,1,,,False,False,True,True,False,mask_area_above_limit|needs_sam2_mask_refinement|no_gt_image
456,rs_000134_1,ReShapeBench,multi_object,multi_object,000134_1,Change the lifeguard tower into a lighthouse,lighthouse,0.057422637939453125,7,,,False,False,True,True,False,needs_sam2_mask_refinement|no_gt_image|too_many_mask_components
457,rs_000135_2,ReShapeBench,multi_object,multi_object,000135_2,Change the blueberry-topped round pastry into a rectangular slice of layered strawberry shortcake,rectangular slice of layered strawberry shortcake,0.4984626770019531,1,,,False,False,True,True,False,mask_area_above_limit|needs_sam2_mask_refinement|no_gt_image
458,rs_000136_1,ReShapeBench,multi_object,multi_object,000136_1,Change the ceramic pitcher into a clear glass tumbler,clear glass tumbler,0.9708023071289062,1,,,False,False,True,True,False,mask_area_above_limit|needs_sam2_mask_refinement|no_gt_image
459,rs_000137_1,ReShapeBench,multi_object,multi_object,000137_1,Change the bouquet of pink flowers into a vintage brown leather suitcase,vintage brown leather suitcase,0.7107315063476562,1,,,False,False,True,True,False,mask_area_above_limit|needs_sam2_mask_refinement|no_gt_image
460,rs_000138_2,ReShapeBench,multi_object,multi_object,000138_2,"Change the bottle of Sassi water into a tall, slender crystal candlestick","tall, slender crystal candlestick",0.39402008056640625,1,,,False,False,True,True,True,needs_sam2_mask_refinement|no_gt_image
461,rs_000139_2,ReShapeBench,multi_object,multi_object,000139_2,Change the pink-and-white box with a decorative tag into a vase with a single pink tulip,vase with a single pink tulip,0.8761329650878906,1,,,False,False,True,True,False,mask_area_above_limit|needs_sam2_mask_refinement|no_gt_image
462,rs_000140_2,ReShapeBench,multi_object,multi_object,000140_2,Change the left table with striped tablecloth into a left table replaced by a large woven basket,left table replaced by a large woven basket,0.2782402038574219,5,,,False,False,True,True,False,needs_sam2_mask_refinement|no_gt_image|too_many_mask_components
463,rs_000141_1,ReShapeBench,multi_object,multi_object,000141_1,Change the wooden crate of oranges into a wooden crate of books,wooden crate of books,0.10413742065429688,3,,,False,False,True,True,False,needs_sam2_mask_refinement|no_gt_image|too_many_mask_components
464,rs_000143_2,ReShapeBench,multi_object,multi_object,000143_2,Change the yellow phone with a map design into a stack of colorful macarons,stack of colorful macarons,0.8678398132324219,1,,,False,False,True,True,False,mask_area_above_limit|needs_sam2_mask_refinement|no_gt_image
465,rs_000144_2,ReShapeBench,multi_object,multi_object,000144_2,Change the golden spoon into a pair of wooden chopsticks,pair of wooden chopsticks,0.998046875,1,,,False,False,True,True,False,mask_area_above_limit|needs_sam2_mask_refinement|no_gt_image
466,rs_000145_2,ReShapeBench,multi_object,multi_object,000145_2,Change the empty blue coffee grinder into a blue coffee grinder with red apples in the hopper,blue coffee grinder with red apples in the hopper,0.3176383972167969,6,,,False,False,True,True,False,needs_sam2_mask_refinement|no_gt_image|too_many_mask_components
467,rs_000146_1,ReShapeBench,multi_object,multi_object,000146_1,Change the glass of red wine into a ceramic teacup,ceramic teacup,0.18703842163085938,1,,,False,False,True,True,True,needs_sam2_mask_refinement|no_gt_image
468,rs_000147_2,ReShapeBench,multi_object,multi_object,000147_2,Change the blueberry-topped tart into a slice of lemon cheesecake,slice of lemon cheesecake,1.0,1,,,False,False,True,True,False,mask_area_above_limit|needs_sam2_mask_refinement|no_gt_image
469,rs_000148_1,ReShapeBench,multi_object,multi_object,000148_1,Change the small round wooden table into a small round wicker ottoman,small round wicker ottoman,0.6026191711425781,1,,,False,False,True,True,False,mask_area_above_limit|needs_sam2_mask_refinement|no_gt_image
470,rs_000149_1,ReShapeBench,multi_object,multi_object,000149_1,Change the set of colorful pencils into a wooden mannequin figure,wooden mannequin figure,0.7395706176757812,1,,,False,False,True,True,False,mask_area_above_limit|needs_sam2_mask_refinement|no_gt_image
471,rs_000150_2,ReShapeBench,multi_object,multi_object,000150_2,Change the glass pitcher into a rustic wooden ladle,rustic wooden ladle,0.9725456237792969,1,,,False,False,True,True,False,mask_area_above_limit|needs_sam2_mask_refinement|no_gt_image
472,rs_000001_1,ReShapeBench,single_object,single_object,000001_1,Change the car into a bicycle,bicycle,0.3060150146484375,1,,,False,False,False,False,True,needs_sam2_mask_refinement|no_gt_image
473,rs_000003_1,ReShapeBench,single_object,single_object,000003_1,Change the sneaker into a cat,cat,0.3302764892578125,1,,,False,False,False,False,True,needs_sam2_mask_refinement|no_gt_image
474,rs_000005_1,ReShapeBench,single_object,single_object,000005_1,Change the snowdrops into a pocket watch,pocket watch,0.17969894409179688,1,,,False,False,False,False,True,needs_sam2_mask_refinement|no_gt_image
475,rs_000006_2,ReShapeBench,single_object,single_object,000006_2,Change the sedan into a bench,bench,0.33878326416015625,1,,,False,False,False,False,True,needs_sam2_mask_refinement|no_gt_image
476,rs_000008_1,ReShapeBench,single_object,single_object,000008_1,Change the boat into a swan,swan,0.1849365234375,1,,,False,False,False,False,True,needs_sam2_mask_refinement|no_gt_image
477,rs_000011_2,ReShapeBench,single_object,single_object,000011_2,Change the bench into a statue of a deer,statue of a deer,0.1915130615234375,1,,,False,False,False,False,True,needs_sam2_mask_refinement|no_gt_image
478,rs_000012_1,ReShapeBench,single_object,single_object,000012_1,Change the cowboy on horse into a bicycle,bicycle,0.3473167419433594,1,,,False,False,False,False,True,needs_sam2_mask_refinement|no_gt_image
479,rs_000013_2,ReShapeBench,single_object,single_object,000013_2,Change the rowboat into a frog,frog,0.0352783203125,1,,,False,False,False,False,True,needs_sam2_mask_refinement|no_gt_image
480,rs_000015_2,ReShapeBench,single_object,single_object,000015_2,Change the wooden door into a potted olive tree,potted olive tree,0.056304931640625,1,,,False,False,False,False,True,needs_sam2_mask_refinement|no_gt_image
481,rs_000017_1,ReShapeBench,single_object,single_object,000017_1,Change the dog into a squirrel,squirrel,0.3154296875,1,,,False,False,False,False,True,needs_sam2_mask_refinement|no_gt_image
482,rs_000018_2,ReShapeBench,single_object,single_object,000018_2,Change the surfer into a kayak,kayak,0.12298202514648438,1,,,False,False,False,False,True,needs_sam2_mask_refinement|no_gt_image
483,rs_000022_2,ReShapeBench,single_object,single_object,000022_2,Change the cat into a tortoise,tortoise,0.3564338684082031,1,,,False,False,False,False,True,needs_sam2_mask_refinement|no_gt_image
484,rs_000025_2,ReShapeBench,single_object,single_object,000025_2,Change the classic car into a tandem bicycle,tandem bicycle,0.15224456787109375,1,,,False,False,False,False,True,needs_sam2_mask_refinement|no_gt_image
485,rs_000026_2,ReShapeBench,single_object,single_object,000026_2,Change the Eiffel Tower into a lighthouse,lighthouse,0.0117034912109375,1,,,True,False,False,False,True,needs_sam2_mask_refinement|no_gt_image
486,rs_000030_2,ReShapeBench,single_object,single_object,000030_2,Change the woodpecker into a chameleon,chameleon,0.3358879089355469,1,,,False,False,False,False,True,needs_sam2_mask_refinement|no_gt_image
487,rs_000035_1,ReShapeBench,single_object,single_object,000035_1,Change the mulberries into a river stone,river stone,0.22218704223632812,1,,,False,False,False,False,True,needs_sam2_mask_refinement|no_gt_image
488,rs_000036_2,ReShapeBench,single_object,single_object,000036_2,Change the person into a vase,vase,0.3825492858886719,1,,,False,False,False,False,True,needs_sam2_mask_refinement|no_gt_image
489,rs_000037_1,ReShapeBench,single_object,single_object,000037_1,Change the cat into a sea turtle,sea turtle,0.30065155029296875,1,,,False,False,False,False,True,needs_sam2_mask_refinement|no_gt_image
490,rs_000044_2,ReShapeBench,single_object,single_object,000044_2,Change the bird into a squirrel,squirrel,0.166839599609375,1,,,False,False,False,False,True,needs_sam2_mask_refinement|no_gt_image
491,rs_000046_1,ReShapeBench,single_object,single_object,000046_1,Change the poodle into a bicycle,bicycle,0.1608428955078125,1,,,False,False,False,False,True,needs_sam2_mask_refinement|no_gt_image
492,rs_000047_1,ReShapeBench,single_object,single_object,000047_1,Change the betta fish into a butterfly,butterfly,0.36102294921875,1,,,False,False,False,False,True,needs_sam2_mask_refinement|no_gt_image
493,rs_000053_1,ReShapeBench,single_object,single_object,000053_1,Change the person into a bicycle,bicycle,0.05901336669921875,1,,,False,False,False,False,True,needs_sam2_mask_refinement|no_gt_image
494,rs_000055_1,ReShapeBench,single_object,single_object,000055_1,Change the bench into a wheelbarrow,wheelbarrow,0.07810592651367188,1,,,False,False,False,False,True,needs_sam2_mask_refinement|no_gt_image
495,rs_000060_1,ReShapeBench,single_object,single_object,000060_1,Change the dog into a bicycle,bicycle,0.07062911987304688,1,,,False,False,False,False,True,needs_sam2_mask_refinement|no_gt_image
496,rs_000061_1,ReShapeBench,single_object,single_object,000061_1,Change the bicycle into a bench,bench,0.2853660583496094,1,,,False,False,False,False,True,needs_sam2_mask_refinement|no_gt_image
497,rs_000062_2,ReShapeBench,single_object,single_object,000062_2,Change the person with parasol into a marble statue with parasol,marble statue with parasol,0.19493865966796875,1,,,False,False,False,False,True,needs_sam2_mask_refinement|no_gt_image
498,rs_000069_1,ReShapeBench,single_object,single_object,000069_1,Change the vintage car into a horse,horse,0.10951995849609375,1,,,False,False,False,False,True,needs_sam2_mask_refinement|no_gt_image
499,rs_000070_2,ReShapeBench,single_object,single_object,000070_2,Change the duck into a rowboat,rowboat,0.089263916015625,1,,,False,False,False,False,True,needs_sam2_mask_refinement|no_gt_image
