selection_index,candidate_id,source_dataset,edit_type,instruction_original,local_caption,source_split,source_shard,source_row,source_record_id,source_group_id,scene_group_id,reference_categories,selection_tier,selection_focus
0,cb_train-00000-of-00007_0356,CompBench,add,add a bird similar to the other two flying birds in the middle of the two flying birds,a gray and white bird,train,/mnt/bn/strategy-mllm-train/user/tanyue/datasets/CompBench/data/train-00000-of-00007.parquet,356,7ebfbf57/0/00004.png,cb-src-348d9f033f07845a07fe,cb-scene-7ebfbf57,between|middle|exclusion,A,between_anchors|central_instance|subset_by_exclusion
1,cb_train-00000-of-00007_0156,CompBench,add,"add a fish on the right of the second fish on the left of the school of fish, with its direction opposite to that of the other fish",two yellowish-white fish,train,/mnt/bn/strategy-mllm-train/user/tanyue/datasets/CompBench/data/train-00000-of-00007.parquet,156,28191f94/3/00004.png,cb-src-28ef523e50e6a8b7d302,cb-scene-28191f94,ordinal|relative|side|exclusion,A,ordinal_instance|relative_to_neighbor|directional_instance|subset_by_exclusion
2,cb_train-00001-of-00007_0279,CompBench,add,add a similar sheep with an upside-down head in the opposite direction behind the right side of the leftmost first sheep,a white sheep,train,/mnt/bn/strategy-mllm-train/user/tanyue/datasets/CompBench/data/train-00001-of-00007.parquet,279,a92390a0/7/00029.png,cb-src-a2c0c5bd83bdff0b7bf0,cb-scene-a92390a0,ordinal|extreme|relative,A,ordinal_instance|extreme_or_superlative_instance|relative_to_neighbor
3,cb_train-00002-of-00007_0117,CompBench,add,"add a tiger on the leftmost of the cluster, above the second tiger from the left",a tiger,train,/mnt/bn/strategy-mllm-train/user/tanyue/datasets/CompBench/data/train-00002-of-00007.parquet,117,efe9cbca/1/00003.png,cb-src-b7db1879043a57f0a142,cb-scene-efe9cbca,ordinal|extreme|relative,A,ordinal_instance|extreme_or_superlative_instance|relative_to_neighbor
4,cb_train-00006-of-00007_0404,CompBench,multi_object_remove,remove the rightmost dog and the tallest white dog between two dogs,slope|shutter and ground,train,/mnt/bn/strategy-mllm-train/user/tanyue/datasets/CompBench/data/train-00006-of-00007.parquet,404,db6533a5_00070.png,cb-src-0a994b19944b0a14b868,cb-scene-db6533a5,extreme|between,A,between_anchors|extreme_or_superlative_instance|multiple_edit_targets
5,cb_train-00000-of-00007_0096,CompBench,add,"add a giraffe on the left side of the first giraffe from the rightmost with similar color, heading right and with its back to the viewer",a giraffe,train,/mnt/bn/strategy-mllm-train/user/tanyue/datasets/CompBench/data/train-00000-of-00007.parquet,96,199995b5/3/00028.png,cb-src-47a0b53060043795b1c5,cb-scene-199995b5,ordinal|extreme|side,A,ordinal_instance|extreme_or_superlative_instance|directional_instance
6,cb_train-00000-of-00007_0162,CompBench,add,add a similar zebra standing in the opposite direction on the left front of the second zebra from the rightmost,two zebras,train,/mnt/bn/strategy-mllm-train/user/tanyue/datasets/CompBench/data/train-00000-of-00007.parquet,162,29ff29f6/4/00022.png,cb-src-40450033175ada46888e,cb-scene-29ff29f6,ordinal|extreme|side,A,ordinal_instance|extreme_or_superlative_instance|directional_instance
7,cb_train-00001-of-00007_0270,CompBench,add,add a goose similar to the first goose on the left front of the rightmost goose,a goose,train,/mnt/bn/strategy-mllm-train/user/tanyue/datasets/CompBench/data/train-00001-of-00007.parquet,270,a92390a0/10/00034.png,cb-src-0add27267c696520d99c,cb-scene-a92390a0,ordinal|extreme|side,A,ordinal_instance|extreme_or_superlative_instance|directional_instance
8,cb_train-00001-of-00007_0340,CompBench,add,add a white sheep on the right side of the leftmost sheep and the first similar sheep with its body facing right,a white sheep,train,/mnt/bn/strategy-mllm-train/user/tanyue/datasets/CompBench/data/train-00001-of-00007.parquet,340,b4891f7f/3/00041.png,cb-src-afdfb80af63a5f61f573,cb-scene-b4891f7f,ordinal|extreme|side,A,ordinal_instance|extreme_or_superlative_instance|directional_instance
9,cb_train-00002-of-00007_0012,CompBench,add,"add a red, white, and black fish on the left of the first golden fish in the rightmost group of fish","a red, white, and black fish",train,/mnt/bn/strategy-mllm-train/user/tanyue/datasets/CompBench/data/train-00002-of-00007.parquet,12,cfd946b2/0/00146.png,cb-src-ebb8251f97d38208c58a,cb-scene-cfd946b2,ordinal|extreme|side,A,ordinal_instance|extreme_or_superlative_instance|directional_instance
10,cb_train-00002-of-00007_0071,CompBench,add,add a brown chicken on the right of the first chicken in the lower leftmost corner of the flock and other similar chickens,a brown chicken,train,/mnt/bn/strategy-mllm-train/user/tanyue/datasets/CompBench/data/train-00002-of-00007.parquet,71,e18f1dea/0/00027.png,cb-src-af68ce71d43378e22967,cb-scene-e18f1dea,ordinal|extreme|side,A,ordinal_instance|extreme_or_superlative_instance|directional_instance
11,cb_train-00000-of-00007_0241,CompBench,add,add a chicken on the leftmost side below the fence facing left that resembles the other chickens,a yellow chicken,train,/mnt/bn/strategy-mllm-train/user/tanyue/datasets/CompBench/data/train-00000-of-00007.parquet,241,42ff84a5/1/00017.png,cb-src-fd2352a3245edb45b22e,cb-scene-42ff84a5,extreme|relative|exclusion,A,extreme_or_superlative_instance|relative_to_neighbor|subset_by_exclusion
12,cb_train-00002-of-00007_0143,CompBench,add,add a bird with similar color to the two birds on the rightmost and facing right between them,a bird between two black birds,train,/mnt/bn/strategy-mllm-train/user/tanyue/datasets/CompBench/data/train-00002-of-00007.parquet,143,fdb2e432/3/00080.png,cb-src-5bfb8aceb4bdd74af7be,cb-scene-fdb2e432,extreme|between,A,between_anchors|extreme_or_superlative_instance
13,cb_train-00006-of-00007_0347,CompBench,multi_object_remove,remove the left one between the two zebras far behind the zebra herds and the zebra hunted by the lion,grass|grass,train,/mnt/bn/strategy-mllm-train/user/tanyue/datasets/CompBench/data/train-00006-of-00007.parquet,347,115da184_00002.png,cb-src-bbb03323278a3a9915e1,cb-scene-115da184,between|relative,A,between_anchors|relative_to_neighbor|multiple_edit_targets
14,cb_train-00006-of-00007_0403,CompBench,multi_object_remove,remove the rightmost and second rightmost fish,rock and water|ground and water,train,/mnt/bn/strategy-mllm-train/user/tanyue/datasets/CompBench/data/train-00006-of-00007.parquet,403,cfd946b2_00021.png,cb-src-b28da67b2d29c3f60a42,cb-scene-cfd946b2,ordinal|extreme,A,ordinal_instance|extreme_or_superlative_instance|multiple_edit_targets
15,cb_train-00000-of-00007_0348,CompBench,add,add a bird on the left back side of the rightmost bird that is similar to the other birds,a black and white bird,train,/mnt/bn/strategy-mllm-train/user/tanyue/datasets/CompBench/data/train-00000-of-00007.parquet,348,7c6d3504/0/00046.png,cb-src-a930fe5b22e03d438ed8,cb-scene-7c6d3504,extreme|side|exclusion,A,extreme_or_superlative_instance|directional_instance|subset_by_exclusion
16,cb_train-00000-of-00007_0382,CompBench,add,add a rabbit with fur color similar to another rabbit and body facing the upper right on the topmost,a white rabbit,train,/mnt/bn/strategy-mllm-train/user/tanyue/datasets/CompBench/data/train-00000-of-00007.parquet,382,80b73f1a/2/00023.png,cb-src-143cfd3e461e35eaa764,cb-scene-80b73f1a,extreme|side|exclusion,A,extreme_or_superlative_instance|directional_instance|subset_by_exclusion
17,cb_train-00001-of-00007_0310,CompBench,add,add a chicken on the left side of the leftmost chicken in the group of chickens that is similar to the other chickens,a brown chicken,train,/mnt/bn/strategy-mllm-train/user/tanyue/datasets/CompBench/data/train-00001-of-00007.parquet,310,ac32a655/1/00120.png,cb-src-a821509917d0da4e98a9,cb-scene-ac32a655,extreme|side|exclusion,A,extreme_or_superlative_instance|directional_instance|subset_by_exclusion
18,cb_train-00001-of-00007_0072,CompBench,add,add a fish similar to the first red fish in the upper right corner below,a red fish,train,/mnt/bn/strategy-mllm-train/user/tanyue/datasets/CompBench/data/train-00001-of-00007.parquet,72,85aa3b0e/1/00235.png,cb-src-04929924187456019f74,cb-scene-85aa3b0e,ordinal|relative|side,A,ordinal_instance|relative_to_neighbor|directional_instance
19,cb_train-00001-of-00007_0227,CompBench,add,"add a white bird on the upper right of the first black bird on the right, which faces opposite to other white birds",a white bird,train,/mnt/bn/strategy-mllm-train/user/tanyue/datasets/CompBench/data/train-00001-of-00007.parquet,227,9ffb2818/3/00069.png,cb-src-e11722e12d8b452348e5,cb-scene-9ffb2818,ordinal|relative|side,A,ordinal_instance|relative_to_neighbor|directional_instance
20,cb_train-00001-of-00007_0412,CompBench,add,add a black plane on the right of the first fighter jet similar to the leftmost one,a black plane,train,/mnt/bn/strategy-mllm-train/user/tanyue/datasets/CompBench/data/train-00001-of-00007.parquet,412,cbdbc6c3/0/00037.png,cb-src-71c41a4cf3d3835fb8d7,cb-scene-cbdbc6c3,ordinal|extreme|side,A,ordinal_instance|extreme_or_superlative_instance|directional_instance
21,cb_train-00002-of-00007_0045,CompBench,add,add a similar zebra in front of the first zebra on the right,two zebras,train,/mnt/bn/strategy-mllm-train/user/tanyue/datasets/CompBench/data/train-00002-of-00007.parquet,45,d3ab52cc/0/00018.png,cb-src-31ab53dd1ac80cbd8903,cb-scene-d3ab52cc,ordinal|relative|side,A,ordinal_instance|relative_to_neighbor|directional_instance
22,cb_train-00000-of-00007_0113,CompBench,add,add a bird similar to the other black birds on the upper right of the yellow bird in the middle,a yellow bird,train,/mnt/bn/strategy-mllm-train/user/tanyue/datasets/CompBench/data/train-00000-of-00007.parquet,113,1dc12eca/4/00042.png,cb-src-a1499044834bb272d76d,cb-scene-1dc12eca,middle|side|exclusion,A,central_instance|directional_instance|subset_by_exclusion
23,cb_train-00006-of-00007_0377,CompBench,multi_object_remove,remove the biggest yellow fish in the middle and the white fish on the upper left,water|water,train,/mnt/bn/strategy-mllm-train/user/tanyue/datasets/CompBench/data/train-00006-of-00007.parquet,377,85aa3b0e_00344.png,cb-src-09d72483a1a35c878760,cb-scene-85aa3b0e,extreme|middle|side,A,central_instance|extreme_or_superlative_instance|directional_instance|multiple_edit_targets
24,cb_train-00000-of-00007_0053,CompBench,add,add a zebra on the leftmost with a body facing left and similar color to the other zebras,a zebra,train,/mnt/bn/strategy-mllm-train/user/tanyue/datasets/CompBench/data/train-00000-of-00007.parquet,53,115da184/1/00016.png,cb-src-ec4cd0172c4712f2cb32,cb-scene-115da184,extreme|exclusion,A,extreme_or_superlative_instance|subset_by_exclusion
25,cb_train-00000-of-00007_0223,CompBench,add,"add a black bear on the rightmost side of the group of bears, similar to the other bears",a black bear,train,/mnt/bn/strategy-mllm-train/user/tanyue/datasets/CompBench/data/train-00000-of-00007.parquet,223,359003f8/2/00042.png,cb-src-577dbda8b94f359bd013,cb-scene-359003f8,extreme|exclusion,A,extreme_or_superlative_instance|subset_by_exclusion
26,cb_train-00000-of-00007_0317,CompBench,add,add a bird on the uppermost edge that looks similar to the other birds,a black and white bird,train,/mnt/bn/strategy-mllm-train/user/tanyue/datasets/CompBench/data/train-00000-of-00007.parquet,317,7286b176/0/00025.png,cb-src-0517a99b13f0350c1c5b,cb-scene-7286b176,extreme|exclusion,A,extreme_or_superlative_instance|subset_by_exclusion
27,cb_train-00001-of-00007_0154,CompBench,add,add an elephant on the uppermost part of the elephant group with a similar size to the other elephants,an elephant,train,/mnt/bn/strategy-mllm-train/user/tanyue/datasets/CompBench/data/train-00001-of-00007.parquet,154,911ec4ad/0/00015.png,cb-src-9b12e3bc620ce06b7e9e,cb-scene-911ec4ad,extreme|exclusion,A,extreme_or_superlative_instance|subset_by_exclusion
28,cb_train-00001-of-00007_0204,CompBench,add,add a bird on the leftmost that looks similar to the other birds,a black bird,train,/mnt/bn/strategy-mllm-train/user/tanyue/datasets/CompBench/data/train-00001-of-00007.parquet,204,999e07cb/1/00015.png,cb-src-7f8b0270cd9e97d22669,cb-scene-999e07cb,extreme|exclusion,A,extreme_or_superlative_instance|subset_by_exclusion
29,cb_train-00002-of-00007_0042,CompBench,add,"add a deer on the leftmost side with its back facing, similar fur to the other deer",a deer,train,/mnt/bn/strategy-mllm-train/user/tanyue/datasets/CompBench/data/train-00002-of-00007.parquet,42,d0b507c3/0/00057.png,cb-src-73acfad07a0f41df27d6,cb-scene-d0b507c3,extreme|exclusion,A,extreme_or_superlative_instance|subset_by_exclusion
30,cb_train-00002-of-00007_0093,CompBench,add,add a chicken on the farthest right with a color similar to the other chickens and facing right,a yellow chicken,train,/mnt/bn/strategy-mllm-train/user/tanyue/datasets/CompBench/data/train-00002-of-00007.parquet,93,e6348d2c/0/00075.png,cb-src-1296859283d739f77ba8,cb-scene-e6348d2c,extreme|exclusion,A,extreme_or_superlative_instance|subset_by_exclusion
31,cb_train-00002-of-00007_0151,CompBench,add,"add a black bear on the upper middle, opposite the second bear",a black bear,train,/mnt/bn/strategy-mllm-train/user/tanyue/datasets/CompBench/data/train-00002-of-00007.parquet,151,ff1142df/0/00014.png,cb-src-947075d40a14c1b80f58,cb-scene-ff1142df,ordinal|middle|side,A,ordinal_instance|central_instance|directional_instance
32,cb_train-00006-of-00007_0320,CompBench,multi_object_add,add a sheep in front and a sheep behind the second sheep from front,a sheep|a sheep,train,/mnt/bn/strategy-mllm-train/user/tanyue/datasets/CompBench/data/train-00006-of-00007.parquet,320,a92390a0_00030.png,cb-src-904021dcc8195100b97e,cb-scene-a92390a0,ordinal|relative,A,ordinal_instance|relative_to_neighbor|multiple_edit_targets
33,cb_train-00006-of-00007_0406,CompBench,multi_object_remove,remove the second leftmost and the rightmost white goose,two white geese|ground,train,/mnt/bn/strategy-mllm-train/user/tanyue/datasets/CompBench/data/train-00006-of-00007.parquet,406,e7e2a0b9_00002.png,cb-src-5e4fa0e18c13239e2a07,cb-scene-e7e2a0b9,ordinal|extreme,A,ordinal_instance|extreme_or_superlative_instance|multiple_edit_targets
34,cb_train-00000-of-00007_0108,CompBench,add,add a similar yellow bird on the left side of the first yellow bird on the right,a yellow bird,train,/mnt/bn/strategy-mllm-train/user/tanyue/datasets/CompBench/data/train-00000-of-00007.parquet,108,1dc12eca/0/00050.png,cb-src-fe955324ea252c04fe87,cb-scene-1dc12eca,ordinal|side,A,ordinal_instance|directional_instance
35,cb_train-00000-of-00007_0148,CompBench,add,add a dog similar to the second dog on the left side of it,a yellow dog,train,/mnt/bn/strategy-mllm-train/user/tanyue/datasets/CompBench/data/train-00000-of-00007.parquet,148,251bf059/0/00064.png,cb-src-5a182223b80d82cef77e,cb-scene-251bf059,ordinal|side,A,ordinal_instance|directional_instance
36,cb_train-00000-of-00007_0171,CompBench,add,"add a similar bird on the lower right of the second bird on the left, which is facing down to the right",a gray bird,train,/mnt/bn/strategy-mllm-train/user/tanyue/datasets/CompBench/data/train-00000-of-00007.parquet,171,2d22d3be/3/00004.png,cb-src-9cc0f2a0fabf1524578b,cb-scene-2d22d3be,ordinal|side,A,ordinal_instance|directional_instance
37,cb_train-00000-of-00007_0240,CompBench,add,add a yellow chicken on the lower left corner of the first chicken on the left that is walking to the left and looks similar,a yellow chicken,train,/mnt/bn/strategy-mllm-train/user/tanyue/datasets/CompBench/data/train-00000-of-00007.parquet,240,42ff84a5/1/00015.png,cb-src-7009f335242146d74aed,cb-scene-42ff84a5,ordinal|side,A,ordinal_instance|directional_instance
38,cb_train-00000-of-00007_0242,CompBench,add,add a rabbit similar to the second rabbit on the right side of the left second rabbit,a white rabbit,train,/mnt/bn/strategy-mllm-train/user/tanyue/datasets/CompBench/data/train-00000-of-00007.parquet,242,4385b2c4/4/00004.png,cb-src-545a25ff150800c70ed2,cb-scene-4385b2c4,ordinal|side,A,ordinal_instance|directional_instance
39,cb_train-00000-of-00007_0352,CompBench,add,add a bird on the right side of the second bird from the bottom that is similar to it,a white and grey bird,train,/mnt/bn/strategy-mllm-train/user/tanyue/datasets/CompBench/data/train-00000-of-00007.parquet,352,7c6d3504/1/00058.png,cb-src-da6a37545b4af0baf1d6,cb-scene-7c6d3504,ordinal|side,A,ordinal_instance|directional_instance
40,cb_train-00000-of-00007_0363,CompBench,add,"add a bird on the left front of the first bird on the right, which is similar to it",two gray birds,train,/mnt/bn/strategy-mllm-train/user/tanyue/datasets/CompBench/data/train-00000-of-00007.parquet,363,7ebfbf57/0/00058.png,cb-src-eb7248abdfcc4683e381,cb-scene-7ebfbf57,ordinal|side,A,ordinal_instance|directional_instance
41,cb_train-00000-of-00007_0381,CompBench,add,add a rabbit on the upper side with fur color similar to another rabbit and its head below the other one,two white rabbits,train,/mnt/bn/strategy-mllm-train/user/tanyue/datasets/CompBench/data/train-00000-of-00007.parquet,381,80b73f1a/0/00013.png,cb-src-3b9dd30411f7adbe9490,cb-scene-80b73f1a,relative|side|exclusion,A,relative_to_neighbor|directional_instance|subset_by_exclusion
42,cb_train-00001-of-00007_0172,CompBench,add,"add a rightmost turtle on the upper right corner with its head pointing to the lower right, similar to the other turtles",a turtle,train,/mnt/bn/strategy-mllm-train/user/tanyue/datasets/CompBench/data/train-00001-of-00007.parquet,172,94f7c53e/1/00045.png,cb-src-8b1876675b56e3ff2845,cb-scene-94f7c53e,extreme|side|exclusion,A,extreme_or_superlative_instance|directional_instance|subset_by_exclusion
43,cb_train-00001-of-00007_0177,CompBench,add,add a similar giraffe on the right side of the first giraffe on the left and outside the railing,a giraffe,train,/mnt/bn/strategy-mllm-train/user/tanyue/datasets/CompBench/data/train-00001-of-00007.parquet,177,9698f06e/2/00039.png,cb-src-a978892463922d5df0e0,cb-scene-9698f06e,ordinal|side,A,ordinal_instance|directional_instance
44,cb_train-00001-of-00007_0186,CompBench,add,add a brown duck with a yellow beak on the left side of the first brown duck with a yellow beak from the right in the group of ducks,a brown duck,train,/mnt/bn/strategy-mllm-train/user/tanyue/datasets/CompBench/data/train-00001-of-00007.parquet,186,96a6722e/0/00078.png,cb-src-c852ccba1f50dbf8e67c,cb-scene-96a6722e,ordinal|side,A,ordinal_instance|directional_instance
45,cb_train-00002-of-00007_0013,CompBench,add,add a similar fish to the second fish on the right lower right corner with its head towards the upper left,a black-spotted goldfish,train,/mnt/bn/strategy-mllm-train/user/tanyue/datasets/CompBench/data/train-00002-of-00007.parquet,13,cfd946b2/0/00149.png,cb-src-9c4ce73126bb5be91717,cb-scene-cfd946b2,ordinal|side,A,ordinal_instance|directional_instance
46,cb_train-00002-of-00007_0073,CompBench,add,add a yellow chicken on the upper left of the second chicken from the left in the group of chickens,a yellow chicken,train,/mnt/bn/strategy-mllm-train/user/tanyue/datasets/CompBench/data/train-00002-of-00007.parquet,73,e18f1dea/0/00046.png,cb-src-7fa469f84f9f96cbffcd,cb-scene-e18f1dea,ordinal|side,A,ordinal_instance|directional_instance
47,cb_train-00003-of-00007_0263,CompBench,remove,remove the bird in the middle of the flock,green field and red house,train,/mnt/bn/strategy-mllm-train/user/tanyue/datasets/CompBench/data/train-00003-of-00007.parquet,263,7ebfbf57/0/00005.png,cb-src-4cbdd0a9ecd9d07b9140,cb-scene-7ebfbf57,between|middle,A,between_anchors|central_instance
48,cb_train-00004-of-00007_0340,CompBench,remove,remove the second duck on the left side of the duck group,black duck and grassland,train,/mnt/bn/strategy-mllm-train/user/tanyue/datasets/CompBench/data/train-00004-of-00007.parquet,340,b7fb59c9/0/00040.png,cb-src-be0ef63f9e1a8f0888b6,cb-scene-b7fb59c9,ordinal|side,A,ordinal_instance|directional_instance
49,cb_train-00005-of-00007_0007,CompBench,remove,remove the plane in the middle of the group of planes,sky,train,/mnt/bn/strategy-mllm-train/user/tanyue/datasets/CompBench/data/train-00005-of-00007.parquet,7,cbdbc6c3/0/00038.png,cb-src-70f20c5d1d32c0adedb1,cb-scene-cbdbc6c3,between|middle,A,between_anchors|central_instance
50,cb_train-00005-of-00007_0126,CompBench,remove,remove the second tiger from the lower left corner of the tiger group,ground and rocks,train,/mnt/bn/strategy-mllm-train/user/tanyue/datasets/CompBench/data/train-00005-of-00007.parquet,126,e5665030/1/00011.png,cb-src-cbc62d2cfa2502acac97,cb-scene-e5665030,ordinal|side,A,ordinal_instance|directional_instance
51,cb_train-00006-of-00007_0332,CompBench,multi_object_add,add a white dog on the rightmost in front of the slope and a taller white dog on the left of the black dog,a dog|a dog,train,/mnt/bn/strategy-mllm-train/user/tanyue/datasets/CompBench/data/train-00006-of-00007.parquet,332,db6533a5_00070.png,cb-src-a9efdfb7958faf37dbc9,cb-scene-db6533a5,extreme|relative|side,A,extreme_or_superlative_instance|relative_to_neighbor|directional_instance|multiple_edit_targets
52,cb_train-00000-of-00007_0292,CompBench,add,add a small lamb with similar wool color to the right of the first sheep on the top,a small brown sheep,train,/mnt/bn/strategy-mllm-train/user/tanyue/datasets/CompBench/data/train-00000-of-00007.parquet,292,5d2316f6/3/00068.png,cb-src-a868c7f5efa12e1ce123,cb-scene-5d2316f6,ordinal|relative|side,A,ordinal_instance|relative_to_neighbor|directional_instance
53,cb_train-00001-of-00007_0183,CompBench,add,add a brown duck on the right side behind the first duck with its body facing left,a brown duck,train,/mnt/bn/strategy-mllm-train/user/tanyue/datasets/CompBench/data/train-00001-of-00007.parquet,183,96a6722e/0/00072.png,cb-src-79233bd3cf1a0e3e0ac1,cb-scene-96a6722e,ordinal|relative|side,A,ordinal_instance|relative_to_neighbor|directional_instance
54,cb_train-00003-of-00007_0286,CompBench,remove,remove the second giraffe on the left side of the tree trunk at the rightmost,wall and iron fence,train,/mnt/bn/strategy-mllm-train/user/tanyue/datasets/CompBench/data/train-00003-of-00007.parquet,286,8036b58e/2/00007.png,cb-src-656bc39d4f7ca307abf2,cb-scene-8036b58e,ordinal|extreme|side,A,ordinal_instance|extreme_or_superlative_instance|directional_instance
55,cb_train-00006-of-00007_0273,CompBench,multi_object_add,add a white fish above the upper yellow fish and another white fish on upper right above the water plants,a white fish|a white fish,train,/mnt/bn/strategy-mllm-train/user/tanyue/datasets/CompBench/data/train-00006-of-00007.parquet,273,02b72b8d_00016.png,cb-src-76824a2d0e8bd92484b8,cb-scene-02b72b8d,relative|side|exclusion,A,relative_to_neighbor|directional_instance|subset_by_exclusion|multiple_edit_targets
56,cb_train-00006-of-00007_0369,CompBench,multi_object_remove,remove the zebra hunted by the lion and the second zebra on the right,grass|grass,train,/mnt/bn/strategy-mllm-train/user/tanyue/datasets/CompBench/data/train-00006-of-00007.parquet,369,843d8f25_00046.png,cb-src-5dbb92aba2125340e426,cb-scene-843d8f25,ordinal|side,A,ordinal_instance|directional_instance|multiple_edit_targets
57,cb_train-00006-of-00007_0374,CompBench,multi_object_remove,remove the second fish on the top and the red fish on the bottom right,water|water,train,/mnt/bn/strategy-mllm-train/user/tanyue/datasets/CompBench/data/train-00006-of-00007.parquet,374,85aa3b0e_00140.png,cb-src-86b8e50e0e11b6804038,cb-scene-85aa3b0e,ordinal|side,A,ordinal_instance|directional_instance|multiple_edit_targets
58,cb_train-00006-of-00007_0398,CompBench,multi_object_remove,remove the second duck on the right and the second duck on the left,grass and a bird|grass and a bird,train,/mnt/bn/strategy-mllm-train/user/tanyue/datasets/CompBench/data/train-00006-of-00007.parquet,398,b7fb59c9_00045.png,cb-src-8605818e8f9c4eb44480,cb-scene-b7fb59c9,ordinal|side,A,ordinal_instance|directional_instance|multiple_edit_targets
59,cb_train-00000-of-00007_0021,CompBench,add,add a similar small zebra behind the leftmost zebra,two zebras,train,/mnt/bn/strategy-mllm-train/user/tanyue/datasets/CompBench/data/train-00000-of-00007.parquet,21,03c21af7/1/00020.png,cb-src-78265c3da98e24a617f5,cb-scene-03c21af7,extreme|relative,A,extreme_or_superlative_instance|relative_to_neighbor
60,cb_train-00000-of-00007_0360,CompBench,add,add a similar bird to the left of the rightmost bird,a goose,train,/mnt/bn/strategy-mllm-train/user/tanyue/datasets/CompBench/data/train-00000-of-00007.parquet,360,7ebfbf57/0/00047.png,cb-src-40aa3078504fe1fa49ef,cb-scene-7ebfbf57,extreme|relative,A,extreme_or_superlative_instance|relative_to_neighbor
61,cb_train-00000-of-00007_0391,CompBench,add,add a similar airplane below the rightmost airplane,a white grey airplane on the lower right,train,/mnt/bn/strategy-mllm-train/user/tanyue/datasets/CompBench/data/train-00000-of-00007.parquet,391,82a3db34/1/00097.png,cb-src-035a37b8b7e60db1a087,cb-scene-82a3db34,extreme|relative,A,extreme_or_superlative_instance|relative_to_neighbor
62,cb_train-00002-of-00007_0043,CompBench,add,add a similar zebra in front of the rightmost zebra in the zebra group,two zebras,train,/mnt/bn/strategy-mllm-train/user/tanyue/datasets/CompBench/data/train-00002-of-00007.parquet,43,d3ab52cc/0/00014.png,cb-src-00e4bc5b242042d53993,cb-scene-d3ab52cc,extreme|relative,A,extreme_or_superlative_instance|relative_to_neighbor
63,cb_train-00002-of-00007_0064,CompBench,add,add a sheep similar to the leftmost sheep in front of it,two brown sheep,train,/mnt/bn/strategy-mllm-train/user/tanyue/datasets/CompBench/data/train-00002-of-00007.parquet,64,dd5a4739/0/00045.png,cb-src-2918e39f6e729c6d2d6a,cb-scene-dd5a4739,extreme|relative,A,extreme_or_superlative_instance|relative_to_neighbor
64,cb_train-00000-of-00007_0324,CompBench,add,add a plane on the rightmost that is similar to the other planes,a black plane,train,/mnt/bn/strategy-mllm-train/user/tanyue/datasets/CompBench/data/train-00000-of-00007.parquet,324,76303516/1/00006.png,cb-src-0ea1cf15c47f8042f7bd,cb-scene-76303516,extreme|exclusion,A,extreme_or_superlative_instance|subset_by_exclusion
65,cb_train-00001-of-00007_0122,CompBench,add,"add a cow with its head down eating grass in front of the right rack, similar to the other cows",a gray and white cow,train,/mnt/bn/strategy-mllm-train/user/tanyue/datasets/CompBench/data/train-00001-of-00007.parquet,122,8c8b7913/7/00063.png,cb-src-a73a217b5593406c6b0b,cb-scene-8c8b7913,relative|exclusion,A,relative_to_neighbor|subset_by_exclusion
66,cb_train-00001-of-00007_0162,CompBench,add,add a leftmost giraffe with a color similar to the other giraffes and walking to the right,a giraffe on the leftmost side,train,/mnt/bn/strategy-mllm-train/user/tanyue/datasets/CompBench/data/train-00001-of-00007.parquet,162,932542cd/0/00026.png,cb-src-e58f4e89cfb1372a9625,cb-scene-932542cd,extreme|exclusion,A,extreme_or_superlative_instance|subset_by_exclusion
67,cb_train-00001-of-00007_0262,CompBench,add,add a plane on the rightmost side that is similar to the other planes,two planes,train,/mnt/bn/strategy-mllm-train/user/tanyue/datasets/CompBench/data/train-00001-of-00007.parquet,262,a6adef89/1/00009.png,cb-src-544a4fde587b9db7804d,cb-scene-a6adef89,extreme|exclusion,A,extreme_or_superlative_instance|subset_by_exclusion
68,cb_train-00006-of-00007_0307,CompBench,multi_object_add,add a white cow in the middle and another one on the right,a cattle|a cattle,train,/mnt/bn/strategy-mllm-train/user/tanyue/datasets/CompBench/data/train-00006-of-00007.parquet,307,8c8b7913_00061.png,cb-src-d04cdf19616693a359d8,cb-scene-8c8b7913,middle|side|exclusion,A,central_instance|directional_instance|subset_by_exclusion|multiple_edit_targets
69,cb_train-00006-of-00007_0324,CompBench,multi_object_add,add a zebra facing front in front of the rightmost zebra and a zebra on the leftmost,a zebra|a zebra,train,/mnt/bn/strategy-mllm-train/user/tanyue/datasets/CompBench/data/train-00006-of-00007.parquet,324,b33ade7c_00003.png,cb-src-fb6de34bb3e6a38c91c9,cb-scene-b33ade7c,extreme|relative,A,extreme_or_superlative_instance|relative_to_neighbor|multiple_edit_targets
70,cb_train-00000-of-00007_0048,CompBench,add,add a zebra on the lower left of the leftmost zebra with its body facing left and similar fur color,a zebra,train,/mnt/bn/strategy-mllm-train/user/tanyue/datasets/CompBench/data/train-00000-of-00007.parquet,48,115da184/1/00006.png,cb-src-9b0ed7b85242deb6b9ec,cb-scene-115da184,extreme|side,A,extreme_or_superlative_instance|directional_instance
71,cb_train-00000-of-00007_0140,CompBench,add,add a similar-colored and taller sheep on the right side of the rightmost sheep in the flock,three white sheep,train,/mnt/bn/strategy-mllm-train/user/tanyue/datasets/CompBench/data/train-00000-of-00007.parquet,140,214aeac3/0/00151.png,cb-src-0731052d66f086327fa4,cb-scene-214aeac3,extreme|side,A,extreme_or_superlative_instance|directional_instance
72,cb_train-00000-of-00007_0155,CompBench,add,add a fish on the upper left of the rightmost fish with similar color to other fishes,two yellow and black fishes,train,/mnt/bn/strategy-mllm-train/user/tanyue/datasets/CompBench/data/train-00000-of-00007.parquet,155,28191f94/2/00024.png,cb-src-1f033d6b62c7063c1dae,cb-scene-28191f94,extreme|side,A,extreme_or_superlative_instance|directional_instance
73,cb_train-00000-of-00007_0285,CompBench,add,add a small bear with similar fur color on the right side of the topmost bear,a small brown bear,train,/mnt/bn/strategy-mllm-train/user/tanyue/datasets/CompBench/data/train-00000-of-00007.parquet,285,5a064706/0/00081.png,cb-src-687fee03ee5df7ad545c,cb-scene-5a064706,extreme|side,A,extreme_or_superlative_instance|directional_instance
74,cb_train-00000-of-00007_0299,CompBench,add,add a duck on the right side of the leftmost duck and other similar ducks,four yellow and black ducks,train,/mnt/bn/strategy-mllm-train/user/tanyue/datasets/CompBench/data/train-00000-of-00007.parquet,299,6149becc/0/00002.png,cb-src-eea1670f17723c038f5d,cb-scene-6149becc,extreme|side,A,extreme_or_superlative_instance|directional_instance
75,cb_train-00000-of-00007_0322,CompBench,add,add a similar goose on the left side of the leftmost goose,three grayish-white geese,train,/mnt/bn/strategy-mllm-train/user/tanyue/datasets/CompBench/data/train-00000-of-00007.parquet,322,733f2a02/0/00037.png,cb-src-0e8e0dc00a007e79581d,cb-scene-733f2a02,extreme|side,A,extreme_or_superlative_instance|directional_instance
76,cb_train-00000-of-00007_0323,CompBench,add,add a similar goose on the left side of the rightmost goose,two white geese,train,/mnt/bn/strategy-mllm-train/user/tanyue/datasets/CompBench/data/train-00000-of-00007.parquet,323,733f2a02/0/00050.png,cb-src-b774f63a213a85dcb689,cb-scene-733f2a02,extreme|side,A,extreme_or_superlative_instance|directional_instance
77,cb_train-00000-of-00007_0345,CompBench,add,add a bird on the upper left of the topmost bird in the flock,a white bird,train,/mnt/bn/strategy-mllm-train/user/tanyue/datasets/CompBench/data/train-00000-of-00007.parquet,345,7c6d3504/0/00005.png,cb-src-b6a2b71dda9ac91b1d51,cb-scene-7c6d3504,extreme|side,A,extreme_or_superlative_instance|directional_instance
78,cb_train-00001-of-00007_0001,CompBench,add,add a white fish on the left of the leftmost goldfish in the school of fish swimming upwards,a white fish,train,/mnt/bn/strategy-mllm-train/user/tanyue/datasets/CompBench/data/train-00001-of-00007.parquet,1,85aa3b0e/0/00121.png,cb-src-141fdf85a4df940a6f7f,cb-scene-85aa3b0e,extreme|side,A,extreme_or_superlative_instance|directional_instance
79,cb_train-00001-of-00007_0110,CompBench,add,add a black duck on the upper left of the rightmost duck in the group,a black duck,train,/mnt/bn/strategy-mllm-train/user/tanyue/datasets/CompBench/data/train-00001-of-00007.parquet,110,87fc565c/0/00122.png,cb-src-2f9b1abbaf46718ce1f7,cb-scene-87fc565c,extreme|side,A,extreme_or_superlative_instance|directional_instance
80,cb_train-00001-of-00007_0134,CompBench,add,add a brown goose facing the opposite direction on the upper right of the rightmost duck in the group of ducks,a gray goose,train,/mnt/bn/strategy-mllm-train/user/tanyue/datasets/CompBench/data/train-00001-of-00007.parquet,134,8d0d641a/2/00024.png,cb-src-eafac6b08170a838c968,cb-scene-8d0d641a,extreme|side,A,extreme_or_superlative_instance|directional_instance
81,cb_train-00001-of-00007_0150,CompBench,add,add a similar duck on the right side of the leftmost duck in the group of ducks,a gray duck,train,/mnt/bn/strategy-mllm-train/user/tanyue/datasets/CompBench/data/train-00001-of-00007.parquet,150,8d72533b/0/00023.png,cb-src-3499ba750ea1e1d52bf0,cb-scene-8d72533b,extreme|side,A,extreme_or_superlative_instance|directional_instance
82,cb_train-00001-of-00007_0160,CompBench,add,add a giraffe on the upper left of the leftmost giraffe with similar fur walking to the right,a giraffe,train,/mnt/bn/strategy-mllm-train/user/tanyue/datasets/CompBench/data/train-00001-of-00007.parquet,160,932542cd/0/00022.png,cb-src-93a773f4ca8c80ada038,cb-scene-932542cd,extreme|side,A,extreme_or_superlative_instance|directional_instance
83,cb_train-00001-of-00007_0168,CompBench,add,"add a rabbit on the right front of the rightmost rabbit in the group of rabbits, which has similar fur color, facing forward, and eating leaves",a white rabbit,train,/mnt/bn/strategy-mllm-train/user/tanyue/datasets/CompBench/data/train-00001-of-00007.parquet,168,93e22d48/6/00133.png,cb-src-31faf6558c1b36af987a,cb-scene-93e22d48,extreme|side,A,extreme_or_superlative_instance|directional_instance
84,cb_train-00001-of-00007_0206,CompBench,add,add a goldfish similar to the topmost goldfish on the right side of the black and white tailed fish,a goldfish,train,/mnt/bn/strategy-mllm-train/user/tanyue/datasets/CompBench/data/train-00001-of-00007.parquet,206,9b5f0f47/0/00018.png,cb-src-dc2fe1ecabfb868d4b48,cb-scene-9b5f0f47,extreme|side,A,extreme_or_superlative_instance|directional_instance
85,cb_train-00001-of-00007_0253,CompBench,add,add a similar elephant on the left side of the rightmost elephant in the herd,an elephant and a baby elephant,train,/mnt/bn/strategy-mllm-train/user/tanyue/datasets/CompBench/data/train-00001-of-00007.parquet,253,a4457543/0/00023.png,cb-src-80114d68be0c7f70c190,cb-scene-a4457543,extreme|side,A,extreme_or_superlative_instance|directional_instance
86,cb_train-00001-of-00007_0268,CompBench,add,add a sheep on the left side of the leftmost goose walking to the right and similar to other sheep,a white sheep,train,/mnt/bn/strategy-mllm-train/user/tanyue/datasets/CompBench/data/train-00001-of-00007.parquet,268,a92390a0/1/00055.png,cb-src-52d76069f9b68068deeb,cb-scene-a92390a0,extreme|side,A,extreme_or_superlative_instance|directional_instance
87,cb_train-00001-of-00007_0306,CompBench,add,add a chicken with similar feather color and facing right on the left side of the rightmost chicken in the group of chickens,three chickens,train,/mnt/bn/strategy-mllm-train/user/tanyue/datasets/CompBench/data/train-00001-of-00007.parquet,306,ac32a655/1/00073.png,cb-src-04b0fea993d841a6a7b1,cb-scene-ac32a655,extreme|side,A,extreme_or_superlative_instance|directional_instance
88,cb_train-00001-of-00007_0333,CompBench,add,add a zebra on below the small zebra under the middle zebra in the zebra group,a zebra,train,/mnt/bn/strategy-mllm-train/user/tanyue/datasets/CompBench/data/train-00001-of-00007.parquet,333,b33ade7c/5/00039.png,cb-src-e7384c942909de6ec3bf,cb-scene-b33ade7c,middle|relative,A,central_instance|relative_to_neighbor
89,cb_train-00001-of-00007_0351,CompBench,add,add a tiger with similar fur color walking on the left side of the leftmost tiger in the group of tigers,a tiger,train,/mnt/bn/strategy-mllm-train/user/tanyue/datasets/CompBench/data/train-00001-of-00007.parquet,351,b6f03bd9/0/00038.png,cb-src-51d593bbc88e9704abdc,cb-scene-b6f03bd9,extreme|side,A,extreme_or_superlative_instance|directional_instance
90,cb_train-00001-of-00007_0352,CompBench,add,add a similar duck on the right side of the leftmost duck in the group of ducks,a black duck,train,/mnt/bn/strategy-mllm-train/user/tanyue/datasets/CompBench/data/train-00001-of-00007.parquet,352,b7fb59c9/0/00002.png,cb-src-652a5435348e32db9f42,cb-scene-b7fb59c9,extreme|side,A,extreme_or_superlative_instance|directional_instance
91,cb_train-00002-of-00007_0008,CompBench,add,add a large monkey with similar fur color sitting on the right side of the leftmost monkey,a yellow monkey,train,/mnt/bn/strategy-mllm-train/user/tanyue/datasets/CompBench/data/train-00002-of-00007.parquet,8,cfc68a82/2/00023.png,cb-src-6ee5a3e19fcf3f6f7123,cb-scene-cfc68a82,extreme|side,A,extreme_or_superlative_instance|directional_instance
92,cb_train-00002-of-00007_0009,CompBench,add,add a fish on the upper side of the leftmost fish with similar color and facing left,a red-bodied black-spotted fish,train,/mnt/bn/strategy-mllm-train/user/tanyue/datasets/CompBench/data/train-00002-of-00007.parquet,9,cfd946b2/0/00063.png,cb-src-e610fb9a091196ecafb4,cb-scene-cfd946b2,extreme|side,A,extreme_or_superlative_instance|directional_instance
93,cb_train-00002-of-00007_0044,CompBench,add,"add a zebra on the right side of the rightmost zebra, with similar fur color and walking to the right",two zebras,train,/mnt/bn/strategy-mllm-train/user/tanyue/datasets/CompBench/data/train-00002-of-00007.parquet,44,d3ab52cc/0/00016.png,cb-src-ed0cd0b7dc0da04d06be,cb-scene-d3ab52cc,extreme|side,A,extreme_or_superlative_instance|directional_instance
94,cb_train-00002-of-00007_0130,CompBench,add,add a chicken on the right side of the leftmost chicken that is similar to other chickens,two brown chickens,train,/mnt/bn/strategy-mllm-train/user/tanyue/datasets/CompBench/data/train-00002-of-00007.parquet,130,f92cdae8/0/00039.png,cb-src-9470a5409201be93adaa,cb-scene-f92cdae8,extreme|side,A,extreme_or_superlative_instance|directional_instance
95,cb_train-00002-of-00007_0145,CompBench,add,add a giraffe on the right side of the leftmost giraffe that is similar to it,a giraffe,train,/mnt/bn/strategy-mllm-train/user/tanyue/datasets/CompBench/data/train-00002-of-00007.parquet,145,fe470104/0/00074.png,cb-src-d710d8e74d62e316faa8,cb-scene-fe470104,extreme|side,A,extreme_or_superlative_instance|directional_instance
96,cb_train-00002-of-00007_0276,CompBench,remove,remove the second giraffe from the rightmost,bushes and ground,train,/mnt/bn/strategy-mllm-train/user/tanyue/datasets/CompBench/data/train-00002-of-00007.parquet,276,199995b5/3/00029.png,cb-src-507b73f025ba75655bd3,cb-scene-199995b5,ordinal|extreme,A,ordinal_instance|extreme_or_superlative_instance
97,cb_train-00002-of-00007_0375,CompBench,remove,remove the third zebra from the rightmost,ground and a zebra,train,/mnt/bn/strategy-mllm-train/user/tanyue/datasets/CompBench/data/train-00002-of-00007.parquet,375,29ff29f6/4/00021.png,cb-src-af2f7c3250e197f5c66b,cb-scene-29ff29f6,ordinal|extreme,A,ordinal_instance|extreme_or_superlative_instance
98,cb_train-00003-of-00007_0181,CompBench,remove,remove the second monkey from the rightmost,ground,train,/mnt/bn/strategy-mllm-train/user/tanyue/datasets/CompBench/data/train-00003-of-00007.parquet,181,62132822/2/00013.png,cb-src-7bea378fb2b0b2764399,cb-scene-62132822,ordinal|extreme,A,ordinal_instance|extreme_or_superlative_instance
99,cb_train-00003-of-00007_0319,CompBench,remove,remove the second zebra from the rightmost,green grassland,train,/mnt/bn/strategy-mllm-train/user/tanyue/datasets/CompBench/data/train-00003-of-00007.parquet,319,843d8f25/0/00046.png,cb-src-63e4f8fc8c420f557b0a,cb-scene-843d8f25,ordinal|extreme,A,ordinal_instance|extreme_or_superlative_instance
100,cb_train-00004-of-00007_0324,CompBench,remove,remove the second sheep from the leftmost,grassland,train,/mnt/bn/strategy-mllm-train/user/tanyue/datasets/CompBench/data/train-00004-of-00007.parquet,324,b4891f7f/3/00040.png,cb-src-8bf3766d629a13b33212,cb-scene-b4891f7f,ordinal|extreme,A,ordinal_instance|extreme_or_superlative_instance
101,cb_train-00004-of-00007_0339,CompBench,remove,remove the second duck from the leftmost,grassland,train,/mnt/bn/strategy-mllm-train/user/tanyue/datasets/CompBench/data/train-00004-of-00007.parquet,339,b7fb59c9/0/00001.png,cb-src-509b84fec1794016f26d,cb-scene-b7fb59c9,ordinal|extreme,A,ordinal_instance|extreme_or_superlative_instance
102,cb_train-00005-of-00007_0064,CompBench,remove,remove the second zebra from the rightmost,zebra and ground,train,/mnt/bn/strategy-mllm-train/user/tanyue/datasets/CompBench/data/train-00005-of-00007.parquet,64,d3ab52cc/0/00013.png,cb-src-fd460924895f42bc0712,cb-scene-d3ab52cc,ordinal|extreme,A,ordinal_instance|extreme_or_superlative_instance
103,cb_train-00005-of-00007_0227,CompBench,remove,remove the second bird from the rightmost,green water and sandy land,train,/mnt/bn/strategy-mllm-train/user/tanyue/datasets/CompBench/data/train-00005-of-00007.parquet,227,fdb2e432/5/00067.png,cb-src-fbd0630b7fe2bec8c5b5,cb-scene-fdb2e432,ordinal|extreme,A,ordinal_instance|extreme_or_superlative_instance
104,cb_train-00000-of-00007_0050,CompBench,add,"add a zebra on the left side of the group of zebras in the foreground, with its side facing and similar to the other zebras",a zebra,train,/mnt/bn/strategy-mllm-train/user/tanyue/datasets/CompBench/data/train-00000-of-00007.parquet,50,115da184/1/00010.png,cb-src-98aa453bb925f76ca0f0,cb-scene-115da184,side|exclusion,A,directional_instance|subset_by_exclusion
105,cb_train-00000-of-00007_0106,CompBench,add,add a turtle on the left of the forward-facing turtle below the leftmost turtle,a turtle,train,/mnt/bn/strategy-mllm-train/user/tanyue/datasets/CompBench/data/train-00000-of-00007.parquet,106,1dc0c9a0/1/00017.png,cb-src-cb12db4b9c6ea96fb6bc,cb-scene-1dc0c9a0,extreme|relative|side,A,extreme_or_superlative_instance|relative_to_neighbor|directional_instance
106,cb_train-00000-of-00007_0131,CompBench,add,add a duck similar to the other ducks on the upper right corner of the group of ducks,a brown duck,train,/mnt/bn/strategy-mllm-train/user/tanyue/datasets/CompBench/data/train-00000-of-00007.parquet,131,1e95ef5e/0/00007.png,cb-src-0d676621c983e5f3e88d,cb-scene-1e95ef5e,side|exclusion,A,directional_instance|subset_by_exclusion
107,cb_train-00000-of-00007_0395,CompBench,add,"add a plane on the right side of the bottom plane, with a size similar to the other planes",a gray plane,train,/mnt/bn/strategy-mllm-train/user/tanyue/datasets/CompBench/data/train-00000-of-00007.parquet,395,82a3db34/1/00114.png,cb-src-a8e765e197dbafa355b6,cb-scene-82a3db34,side|exclusion,A,directional_instance|subset_by_exclusion
108,cb_train-00001-of-00007_0180,CompBench,add,add a giraffe on the left side of the leftmost giraffe below the railing,a giraffe,train,/mnt/bn/strategy-mllm-train/user/tanyue/datasets/CompBench/data/train-00001-of-00007.parquet,180,9698f06e/2/00081.png,cb-src-ccd31752598da2c201bf,cb-scene-9698f06e,extreme|relative|side,A,extreme_or_superlative_instance|relative_to_neighbor|directional_instance
109,cb_train-00001-of-00007_0226,CompBench,add,add a bird on the upper right corner of the flock facing another white bird with similar color,a white pigeon,train,/mnt/bn/strategy-mllm-train/user/tanyue/datasets/CompBench/data/train-00001-of-00007.parquet,226,9ffb2818/3/00065.png,cb-src-b0520d5ffb67d67b8478,cb-scene-9ffb2818,side|exclusion,A,directional_instance|subset_by_exclusion
110,cb_train-00001-of-00007_0315,CompBench,add,add a yellow dog on the right side of the two dogs with a similar coat color to the other yellow dog and in a side profile facing left,a yellow dog,train,/mnt/bn/strategy-mllm-train/user/tanyue/datasets/CompBench/data/train-00001-of-00007.parquet,315,ac7deb19/1/00013.png,cb-src-714533839cfd706c1276,cb-scene-ac7deb19,side|exclusion,A,directional_instance|subset_by_exclusion
111,cb_train-00002-of-00007_0006,CompBench,add,"add a monkey on the right of the stone pile walking to the right on the beam, similar to the other monkeys",a monkey,train,/mnt/bn/strategy-mllm-train/user/tanyue/datasets/CompBench/data/train-00002-of-00007.parquet,6,cfc68a82/1/00036.png,cb-src-442a6560006d450c23ff,cb-scene-cfc68a82,side|exclusion,A,directional_instance|subset_by_exclusion
112,cb_train-00002-of-00007_0041,CompBench,add,"add a deer on the left side of the group with its back facing and head toward the left, similar to the other deer",a deer,train,/mnt/bn/strategy-mllm-train/user/tanyue/datasets/CompBench/data/train-00002-of-00007.parquet,41,d0b507c3/0/00055.png,cb-src-bdd7f5d7a7c035fa6b94,cb-scene-d0b507c3,side|exclusion,A,directional_instance|subset_by_exclusion
113,cb_train-00002-of-00007_0068,CompBench,add,"add a yellow chicken on the left side of the group of chickens, facing left, similar in size to the other chickens",a yellow chicken,train,/mnt/bn/strategy-mllm-train/user/tanyue/datasets/CompBench/data/train-00002-of-00007.parquet,68,de2f2a6a/2/00129.png,cb-src-4e072c524f85fa5bfc63,cb-scene-de2f2a6a,side|exclusion,A,directional_instance|subset_by_exclusion
114,cb_train-00006-of-00007_0278,CompBench,multi_object_add,add a yellow bird on the rightmost of the birds and add a grey bird on the left of it,a grey bird|a yellow bird,train,/mnt/bn/strategy-mllm-train/user/tanyue/datasets/CompBench/data/train-00006-of-00007.parquet,278,1dc12eca_00039.png,cb-src-9932decc673fbd434df3,cb-scene-1dc12eca,extreme|side,A,extreme_or_superlative_instance|directional_instance|multiple_edit_targets
115,cb_train-00006-of-00007_0284,CompBench,multi_object_add,add a small yellow horse on the rightmost and half body of a white horse on the left,a horse|a horse,train,/mnt/bn/strategy-mllm-train/user/tanyue/datasets/CompBench/data/train-00006-of-00007.parquet,284,31b09833_00043.png,cb-src-c0fdda53c02bc29184d1,cb-scene-31b09833,extreme|side,A,extreme_or_superlative_instance|directional_instance|multiple_edit_targets
116,cb_train-00006-of-00007_0297,CompBench,multi_object_add,add a zebra on the left of the tiger and a zebra on the left of the rightmost zebra,a zebra|a zebra,train,/mnt/bn/strategy-mllm-train/user/tanyue/datasets/CompBench/data/train-00006-of-00007.parquet,297,843d8f25_00046.png,cb-src-3c6f7ef5a1672f6aefee,cb-scene-843d8f25,extreme|side,A,extreme_or_superlative_instance|directional_instance|multiple_edit_targets
117,cb_train-00006-of-00007_0334,CompBench,multi_object_add,add a white goose on the right of the leftmost one and a white goose on the right of the rightmost one,two geese|a goose,train,/mnt/bn/strategy-mllm-train/user/tanyue/datasets/CompBench/data/train-00006-of-00007.parquet,334,e7e2a0b9_00002.png,cb-src-b5ef2f56b7b3537e7596,cb-scene-e7e2a0b9,extreme|side,A,extreme_or_superlative_instance|directional_instance|multiple_edit_targets
118,cb_train-00006-of-00007_0336,CompBench,multi_object_add,add a white bird on the leftmost and a blue and grey bird on the upper right of the birds,a bird|a bird,train,/mnt/bn/strategy-mllm-train/user/tanyue/datasets/CompBench/data/train-00006-of-00007.parquet,336,ee91f783_00005.png,cb-src-0ca3bbc61ea3041ba937,cb-scene-ee91f783,extreme|side,A,extreme_or_superlative_instance|directional_instance|multiple_edit_targets
119,cb_train-00006-of-00007_0356,CompBench,multi_object_remove,remove the rightmost yellow horse and the white horse on the left,grass|grass,train,/mnt/bn/strategy-mllm-train/user/tanyue/datasets/CompBench/data/train-00006-of-00007.parquet,356,31b09833_00043.png,cb-src-cd800c025eafc4733e94,cb-scene-31b09833,extreme|side,A,extreme_or_superlative_instance|directional_instance|multiple_edit_targets
120,cb_train-00006-of-00007_0396,CompBench,multi_object_remove,remove the zebra facing front on the right and the leftmost zebra,grassland and a zebra|grassland,train,/mnt/bn/strategy-mllm-train/user/tanyue/datasets/CompBench/data/train-00006-of-00007.parquet,396,b33ade7c_00003.png,cb-src-bf8c78ae73997a6432c0,cb-scene-b33ade7c,extreme|side,A,extreme_or_superlative_instance|directional_instance|multiple_edit_targets
121,cb_train-00000-of-00007_0200,CompBench,add,add a tiger on the left side of the first tiger on the right,a tiger,train,/mnt/bn/strategy-mllm-train/user/tanyue/datasets/CompBench/data/train-00000-of-00007.parquet,200,32ecef67/2/00009.png,cb-src-9fb3d169a5014361c885,cb-scene-32ecef67,ordinal|side,A,ordinal_instance|directional_instance
122,cb_train-00000-of-00007_0210,CompBench,add,add a blue-clothed person on the left side of the first person on the left with their head facing right,a blue-clothed person,train,/mnt/bn/strategy-mllm-train/user/tanyue/datasets/CompBench/data/train-00000-of-00007.parquet,210,34a5f964/1/00029.png,cb-src-82e778000ddbcb318aa7,cb-scene-34a5f964,ordinal|side,A,ordinal_instance|directional_instance
123,cb_train-00000-of-00007_0293,CompBench,add,"add a sheep with similar fur to the second one on the right side of the person, which is slightly smaller than the first one on the right",a brown sheep,train,/mnt/bn/strategy-mllm-train/user/tanyue/datasets/CompBench/data/train-00000-of-00007.parquet,293,5d2316f6/4/00028.png,cb-src-a3ade2f877a8fa76c903,cb-scene-5d2316f6,ordinal|side,A,ordinal_instance|directional_instance
124,cb_train-00000-of-00007_0335,CompBench,add,"add a bird on the left near side of the second bird on the right, with its neck stretched out and turning to the left",a white bird,train,/mnt/bn/strategy-mllm-train/user/tanyue/datasets/CompBench/data/train-00000-of-00007.parquet,335,790285e8/0/00011.png,cb-src-9d0005655df793a87842,cb-scene-790285e8,ordinal|side,A,ordinal_instance|directional_instance
125,cb_train-00001-of-00007_0106,CompBench,add,add a black-and-white duck on the upper left of the first duck on the right,a black-and-white duck,train,/mnt/bn/strategy-mllm-train/user/tanyue/datasets/CompBench/data/train-00001-of-00007.parquet,106,87fc565c/0/00104.png,cb-src-7a079382d6090efe1ff6,cb-scene-87fc565c,ordinal|side,A,ordinal_instance|directional_instance
126,cb_train-00001-of-00007_0119,CompBench,add,add a white cow on the right side of the two gray and white cows in the middle,a white cow,train,/mnt/bn/strategy-mllm-train/user/tanyue/datasets/CompBench/data/train-00001-of-00007.parquet,119,8c8b7913/0/00021.png,cb-src-b29233d611582d7b57b9,cb-scene-8c8b7913,middle|side,A,central_instance|directional_instance
127,cb_train-00001-of-00007_0129,CompBench,add,add a black and white duck on the upper side of the feed盆 facing the first red-faced white duck,a black and white duck,train,/mnt/bn/strategy-mllm-train/user/tanyue/datasets/CompBench/data/train-00001-of-00007.parquet,129,8d0d641a/1/00112.png,cb-src-cb6f0b7c0931d72a3354,cb-scene-8d0d641a,ordinal|side,A,ordinal_instance|directional_instance
128,cb_train-00001-of-00007_0149,CompBench,add,add a black duck similar in size and orientation to the second duck from the right on its upper side,a black duck,train,/mnt/bn/strategy-mllm-train/user/tanyue/datasets/CompBench/data/train-00001-of-00007.parquet,149,8d0d641a/6/00003.png,cb-src-205871a0f40be05e42e6,cb-scene-8d0d641a,ordinal,A,ordinal_instance
129,cb_train-00001-of-00007_0225,CompBench,add,"add a pure white pigeon on the upper side of the first pigeon on the right, facing the lower left corner",a white pigeon,train,/mnt/bn/strategy-mllm-train/user/tanyue/datasets/CompBench/data/train-00001-of-00007.parquet,225,9ffb2818/3/00063.png,cb-src-d57406ae479feaf61d66,cb-scene-9ffb2818,ordinal|side,A,ordinal_instance|directional_instance
130,cb_train-00001-of-00007_0373,CompBench,add,add a zebra on the right front of the second zebra on the right,a zebra,train,/mnt/bn/strategy-mllm-train/user/tanyue/datasets/CompBench/data/train-00001-of-00007.parquet,373,c1ed21d0/0/00032.png,cb-src-b10330dbf6b4cb31c42d,cb-scene-c1ed21d0,ordinal|side,A,ordinal_instance|directional_instance
131,cb_train-00001-of-00007_0404,CompBench,add,add a brown horse on the right side of the first black horse on the left,a brown horse,train,/mnt/bn/strategy-mllm-train/user/tanyue/datasets/CompBench/data/train-00001-of-00007.parquet,404,cb170015/0/00021.png,cb-src-83c507565c32a11f3b7e,cb-scene-cb170015,ordinal|side,A,ordinal_instance|directional_instance
132,cb_train-00002-of-00007_0002,CompBench,add,add a monkey on the left of the first monkey on the right of the stone railing that is facing away from it,a monkey,train,/mnt/bn/strategy-mllm-train/user/tanyue/datasets/CompBench/data/train-00002-of-00007.parquet,2,cfc68a82/0/00041.png,cb-src-26361c1e3f72544021e3,cb-scene-cfc68a82,ordinal|side,A,ordinal_instance|directional_instance
133,cb_train-00002-of-00007_0083,CompBench,add,"add a red and white fish on the left side of the second fish on the right, facing away",a red and white fish,train,/mnt/bn/strategy-mllm-train/user/tanyue/datasets/CompBench/data/train-00002-of-00007.parquet,83,e3dcd186/2/00058.png,cb-src-29a8b2784e89abac68d3,cb-scene-e3dcd186,ordinal|side,A,ordinal_instance|directional_instance
134,cb_train-00002-of-00007_0089,CompBench,add,add a tiger walking to the left front between the two tigers near the pool,a tiger,train,/mnt/bn/strategy-mllm-train/user/tanyue/datasets/CompBench/data/train-00002-of-00007.parquet,89,e5665030/1/00021.png,cb-src-ed63773800507bc73fc8,cb-scene-e5665030,between,A,between_anchors
135,cb_train-00003-of-00007_0138,CompBench,remove,remove the zebra in the middle of the left,ground,train,/mnt/bn/strategy-mllm-train/user/tanyue/datasets/CompBench/data/train-00003-of-00007.parquet,138,58264713/0/00014.png,cb-src-7fcdf1609abf6f79a1f1,cb-scene-58264713,between|middle,A,between_anchors|central_instance
136,cb_train-00004-of-00007_0043,CompBench,remove,remove the first sheep in the upper left corner of the flock,a white sheep and the ground,train,/mnt/bn/strategy-mllm-train/user/tanyue/datasets/CompBench/data/train-00004-of-00007.parquet,43,890ef032/4/00071.png,cb-src-8f409cfa9efe5e241cdf,cb-scene-890ef032,ordinal|side,A,ordinal_instance|directional_instance
137,cb_train-00005-of-00007_0164,CompBench,remove,remove the bird in the middle of the right,ground,train,/mnt/bn/strategy-mllm-train/user/tanyue/datasets/CompBench/data/train-00005-of-00007.parquet,164,ee91f783/4/00000.png,cb-src-25131c629aa332ed5bbb,cb-scene-ee91f783,between|middle,A,between_anchors|central_instance
138,cb_train-00006-of-00007_0308,CompBench,multi_object_add,add a black duck on the upper right of the ducks near the feeding bowl and another one on the uppper left,a black duck|a black duck,train,/mnt/bn/strategy-mllm-train/user/tanyue/datasets/CompBench/data/train-00006-of-00007.parquet,308,8d0d641a_00003.png,cb-src-ae817f4400b160bca5c3,cb-scene-8d0d641a,side|exclusion,A,directional_instance|subset_by_exclusion|multiple_edit_targets
139,cb_train-00006-of-00007_0339,CompBench,multi_object_add,add a chicken in the middle and a chicken on the bottom left,a chicken|a chicken,train,/mnt/bn/strategy-mllm-train/user/tanyue/datasets/CompBench/data/train-00006-of-00007.parquet,339,f92cdae8_00001.png,cb-src-51038715a759afe66e66,cb-scene-f92cdae8,middle|side,A,central_instance|directional_instance|multiple_edit_targets
140,cb_train-00006-of-00007_0351,CompBench,multi_object_remove,remove the grey bird on the right and the yellow bird in the middle,wiring nets|wiring nets,train,/mnt/bn/strategy-mllm-train/user/tanyue/datasets/CompBench/data/train-00006-of-00007.parquet,351,1dc12eca_00042.png,cb-src-a8043af7b5accc9d321c,cb-scene-1dc12eca,middle|side,A,central_instance|directional_instance|multiple_edit_targets
141,cb_train-00006-of-00007_0411,CompBench,multi_object_remove,remove the chicken in the middle and the chicken on the bottom left,ground|ground,train,/mnt/bn/strategy-mllm-train/user/tanyue/datasets/CompBench/data/train-00006-of-00007.parquet,411,f92cdae8_00001.png,cb-src-b9ae600cb3e48bac97bf,cb-scene-f92cdae8,middle|side,A,central_instance|directional_instance|multiple_edit_targets
142,cb_train-00000-of-00007_0018,CompBench,add,add a red-clothed man holding a camera to the right under the uppermost man,three men,train,/mnt/bn/strategy-mllm-train/user/tanyue/datasets/CompBench/data/train-00000-of-00007.parquet,18,03012cfd/0/00083.png,cb-src-543f0d138b5d4dcfdd4c,cb-scene-03012cfd,extreme|relative,A,extreme_or_superlative_instance|relative_to_neighbor
143,cb_train-00001-of-00007_0182,CompBench,add,add a brown duck in front of the rightmost duck,a brown duck,train,/mnt/bn/strategy-mllm-train/user/tanyue/datasets/CompBench/data/train-00001-of-00007.parquet,182,96a6722e/0/00058.png,cb-src-023e060fb4595d910a09,cb-scene-96a6722e,extreme|relative,A,extreme_or_superlative_instance|relative_to_neighbor
144,cb_train-00001-of-00007_0232,CompBench,add,add a man wearing a red jersey with his back to the camera behind the leftmost man in black,a man in red jersey,train,/mnt/bn/strategy-mllm-train/user/tanyue/datasets/CompBench/data/train-00001-of-00007.parquet,232,a034feb2/1/00146.png,cb-src-9382cf88330e3fcbc49d,cb-scene-a034feb2,extreme|relative,A,extreme_or_superlative_instance|relative_to_neighbor
145,cb_train-00000-of-00007_0012,CompBench,add,add a white fish on the upper left of the leftmost yellow fish,a white fish,train,/mnt/bn/strategy-mllm-train/user/tanyue/datasets/CompBench/data/train-00000-of-00007.parquet,12,02b72b8d/2/00016.png,cb-src-1b06dcf3145eb2ae46d9,cb-scene-02b72b8d,extreme|side,A,extreme_or_superlative_instance|directional_instance
146,cb_train-00000-of-00007_0068,CompBench,add,add a zebra on the right side of the rightmost zebra facing left,a zebra,train,/mnt/bn/strategy-mllm-train/user/tanyue/datasets/CompBench/data/train-00000-of-00007.parquet,68,12fdc864/0/00025.png,cb-src-6ef2ca3f96d5f7bd6d21,cb-scene-12fdc864,extreme|side,A,extreme_or_superlative_instance|directional_instance
147,cb_train-00000-of-00007_0124,CompBench,add,add a black and white sheep-like object on the upper left corner of the leftmost sheep,two white sheep,train,/mnt/bn/strategy-mllm-train/user/tanyue/datasets/CompBench/data/train-00000-of-00007.parquet,124,1e75004d/4/00038.png,cb-src-b311f7cfd2ee72c7b002,cb-scene-1e75004d,extreme|side,A,extreme_or_superlative_instance|directional_instance
148,cb_train-00000-of-00007_0129,CompBench,add,add a duck on the rightmost side with its body facing right and similar feather color to other ducks,a brownish-gray duck,train,/mnt/bn/strategy-mllm-train/user/tanyue/datasets/CompBench/data/train-00000-of-00007.parquet,129,1e95ef5e/0/00002.png,cb-src-a5b7b742262d9b4cf844,cb-scene-1e95ef5e,extreme,B,extreme_or_superlative_instance
149,cb_train-00000-of-00007_0135,CompBench,add,add a fish on the left side of the uppermost fish that is partially blocked,two silver fish,train,/mnt/bn/strategy-mllm-train/user/tanyue/datasets/CompBench/data/train-00000-of-00007.parquet,135,1fb378d9/4/00058.png,cb-src-d4be707c203ca88d8fa6,cb-scene-1fb378d9,extreme|side,A,extreme_or_superlative_instance|directional_instance
150,cb_train-00000-of-00007_0146,CompBench,add,add a yellow dog on the lower side of the leftmost dog with its back facing,a yellow dog,train,/mnt/bn/strategy-mllm-train/user/tanyue/datasets/CompBench/data/train-00000-of-00007.parquet,146,251bf059/0/00040.png,cb-src-39fb3c908c3b66888129,cb-scene-251bf059,extreme|side,A,extreme_or_superlative_instance|directional_instance
151,cb_train-00000-of-00007_0153,CompBench,add,add a similar sheep below the sheep at the bottom of the flock,two white and yellow striped sheep,train,/mnt/bn/strategy-mllm-train/user/tanyue/datasets/CompBench/data/train-00000-of-00007.parquet,153,25af2eeb/1/00022.png,cb-src-7791729a925d96050aa1,cb-scene-25af2eeb,relative|side,A,relative_to_neighbor|directional_instance
152,cb_train-00000-of-00007_0159,CompBench,add,add a zebra on the leftmost side of the zebra group facing right,two zebras,train,/mnt/bn/strategy-mllm-train/user/tanyue/datasets/CompBench/data/train-00000-of-00007.parquet,159,29ff29f6/3/00026.png,cb-src-cd9918b4e290943a1bfc,cb-scene-29ff29f6,extreme,B,extreme_or_superlative_instance
153,cb_train-00000-of-00007_0168,CompBench,add,"add a monkey on the leftmost side with a similar color to the others, sitting and hugging the monkey on its right",two monkeys,train,/mnt/bn/strategy-mllm-train/user/tanyue/datasets/CompBench/data/train-00000-of-00007.parquet,168,2bc0bba4/0/00010.png,cb-src-e48d038975a64b3174de,cb-scene-2bc0bba4,extreme,B,extreme_or_superlative_instance
154,cb_train-00000-of-00007_0169,CompBench,add,add a monkey on the right side of the leftmost monkey sitting on the ground with its head facing the lower left corner,a yellow monkey,train,/mnt/bn/strategy-mllm-train/user/tanyue/datasets/CompBench/data/train-00000-of-00007.parquet,169,2bc0bba4/0/00035.png,cb-src-abc96f4e8054d331a53e,cb-scene-2bc0bba4,extreme|side,A,extreme_or_superlative_instance|directional_instance
155,cb_train-00000-of-00007_0211,CompBench,add,add a brown bear on the right side of the leftmost bear with its back facing and head towards the left,a brown bear,train,/mnt/bn/strategy-mllm-train/user/tanyue/datasets/CompBench/data/train-00000-of-00007.parquet,211,34ccea00/0/00004.png,cb-src-c80c210a18158709f161,cb-scene-34ccea00,extreme|side,A,extreme_or_superlative_instance|directional_instance
156,cb_train-00000-of-00007_0264,CompBench,add,add a white-bodied red-spotted fish with its head pointing to the lower right corner on the left lower corner of the rightmost fish,a white-bodied red-spotted fish,train,/mnt/bn/strategy-mllm-train/user/tanyue/datasets/CompBench/data/train-00000-of-00007.parquet,264,4a41cbf8/2/00058.png,cb-src-291f0a09b357b14cec48,cb-scene-4a41cbf8,extreme|side,A,extreme_or_superlative_instance|directional_instance
157,cb_train-00000-of-00007_0300,CompBench,add,add a duck on the rightmost side of the duck group facing left,a yellow and black duck,train,/mnt/bn/strategy-mllm-train/user/tanyue/datasets/CompBench/data/train-00000-of-00007.parquet,300,6149becc/0/00112.png,cb-src-c01bfa4cded88aec2091,cb-scene-6149becc,extreme,B,extreme_or_superlative_instance
158,cb_train-00000-of-00007_0325,CompBench,add,add a similar airplane to the right of the airplane at the bottom,a black airplane,train,/mnt/bn/strategy-mllm-train/user/tanyue/datasets/CompBench/data/train-00000-of-00007.parquet,325,76303516/1/00008.png,cb-src-ca91028ce73bf1345181,cb-scene-76303516,relative|side,A,relative_to_neighbor|directional_instance
159,cb_train-00000-of-00007_0390,CompBench,add,add a similar airplane to the uppermost airplane on its upper side,a white airplane,train,/mnt/bn/strategy-mllm-train/user/tanyue/datasets/CompBench/data/train-00000-of-00007.parquet,390,82a3db34/0/00035.png,cb-src-a4ee0ecddaeffffc9fbe,cb-scene-82a3db34,extreme,B,extreme_or_superlative_instance
160,cb_train-00001-of-00007_0121,CompBench,add,add a grayish-white cow similar to the rightmost cow on its left,a white cow,train,/mnt/bn/strategy-mllm-train/user/tanyue/datasets/CompBench/data/train-00001-of-00007.parquet,121,8c8b7913/4/00010.png,cb-src-e29b8cb80fdea4167e37,cb-scene-8c8b7913,extreme,B,extreme_or_superlative_instance
161,cb_train-00001-of-00007_0155,CompBench,add,add a rabbit on the leftmost with its head pointing to the lower left and tail pointing to the upper right,a white rabbit,train,/mnt/bn/strategy-mllm-train/user/tanyue/datasets/CompBench/data/train-00001-of-00007.parquet,155,91b754c5/2/00016.png,cb-src-6827188093280f10aad5,cb-scene-91b754c5,extreme|side,A,extreme_or_superlative_instance|directional_instance
162,cb_train-00001-of-00007_0185,CompBench,add,add a gray-brown duck with fur on the left side of the rightmost duck,a brown duck,train,/mnt/bn/strategy-mllm-train/user/tanyue/datasets/CompBench/data/train-00001-of-00007.parquet,185,96a6722e/0/00076.png,cb-src-9c52da38ce2c0ae01ec4,cb-scene-96a6722e,extreme|side,A,extreme_or_superlative_instance|directional_instance
163,cb_train-00001-of-00007_0193,CompBench,add,"add a white duck on the lower side of the brown duck below the flock of ducks, with its head facing right",a white duck,train,/mnt/bn/strategy-mllm-train/user/tanyue/datasets/CompBench/data/train-00001-of-00007.parquet,193,994ed763/0/00040.png,cb-src-229db65615fa9aff7eb8,cb-scene-994ed763,relative|side,A,relative_to_neighbor|directional_instance
164,cb_train-00001-of-00007_0203,CompBench,add,add a duck similar to the brown duck on the leftmost side of the duck group on its left,a brown duck,train,/mnt/bn/strategy-mllm-train/user/tanyue/datasets/CompBench/data/train-00001-of-00007.parquet,203,994ed763/3/00041.png,cb-src-33fd523cf99fdd86acd8,cb-scene-994ed763,extreme,B,extreme_or_superlative_instance
165,cb_train-00001-of-00007_0212,CompBench,add,add a small zebra on the lower left of the rightmost zebra facing right,two zebras,train,/mnt/bn/strategy-mllm-train/user/tanyue/datasets/CompBench/data/train-00001-of-00007.parquet,212,9ed4317a/0/00068.png,cb-src-385f83ae1be109654e02,cb-scene-9ed4317a,extreme|side,A,extreme_or_superlative_instance|directional_instance
166,cb_train-00001-of-00007_0236,CompBench,add,add a chicken on the rightmost goose walking to the left that looks similar to other chickens,a brown chicken,train,/mnt/bn/strategy-mllm-train/user/tanyue/datasets/CompBench/data/train-00001-of-00007.parquet,236,a25316a3/1/00012.png,cb-src-f3c0149d525a93c4b477,cb-scene-a25316a3,extreme,B,extreme_or_superlative_instance
167,cb_train-00001-of-00007_0237,CompBench,add,"add a brown chicken on the right side of the rightmost pillar and on the left side of the leftmost chicken, with its side facing left",a brown chicken,train,/mnt/bn/strategy-mllm-train/user/tanyue/datasets/CompBench/data/train-00001-of-00007.parquet,237,a25316a3/1/00014.png,cb-src-9226eb8b3ad58d3d621b,cb-scene-a25316a3,extreme|side,A,extreme_or_superlative_instance|directional_instance
168,cb_train-00001-of-00007_0249,CompBench,add,add a zebra on the leftmost side of the group of zebras that is walking to the left,four zebras,train,/mnt/bn/strategy-mllm-train/user/tanyue/datasets/CompBench/data/train-00001-of-00007.parquet,249,a3e85b4b/2/00044.png,cb-src-f0ee3150edd0886c13ca,cb-scene-a3e85b4b,extreme,B,extreme_or_superlative_instance
169,cb_train-00001-of-00007_0252,CompBench,add,add a fish swimming in the same direction far behind the fish tail on the right,a blue fish,train,/mnt/bn/strategy-mllm-train/user/tanyue/datasets/CompBench/data/train-00001-of-00007.parquet,252,a3f0cb28/0/00025.png,cb-src-593377db3fe6dadf4304,cb-scene-a3f0cb28,relative|side,A,relative_to_neighbor|directional_instance
170,cb_train-00001-of-00007_0330,CompBench,add,add a zebra on the leftmost side facing forward in the group of zebras,a zebra,train,/mnt/bn/strategy-mllm-train/user/tanyue/datasets/CompBench/data/train-00001-of-00007.parquet,330,b33ade7c/1/00005.png,cb-src-fbef314719050bc641da,cb-scene-b33ade7c,extreme,B,extreme_or_superlative_instance
171,cb_train-00001-of-00007_0337,CompBench,add,add a white sheep on the left side of the leftmost sheep with its back facing and head towards the right,a white sheep,train,/mnt/bn/strategy-mllm-train/user/tanyue/datasets/CompBench/data/train-00001-of-00007.parquet,337,b4891f7f/0/00045.png,cb-src-f3203e38af34b3475791,cb-scene-b4891f7f,extreme|side,A,extreme_or_superlative_instance|directional_instance
172,cb_train-00002-of-00007_0055,CompBench,add,add a light yellow dog on the left side of the group of dogs and below the steps with its back facing,a light yellow dog,train,/mnt/bn/strategy-mllm-train/user/tanyue/datasets/CompBench/data/train-00002-of-00007.parquet,55,db6533a5/1/00053.png,cb-src-2ebcdcd18b095fa0c469,cb-scene-db6533a5,relative|side,A,relative_to_neighbor|directional_instance
173,cb_train-00002-of-00007_0058,CompBench,add,add a yellow dog on the rightmost step of the dog pack facing the upper left,a yellow dog,train,/mnt/bn/strategy-mllm-train/user/tanyue/datasets/CompBench/data/train-00002-of-00007.parquet,58,db6533a5/1/00083.png,cb-src-7331830c44a66129d640,cb-scene-db6533a5,extreme|side,A,extreme_or_superlative_instance|directional_instance
174,cb_train-00002-of-00007_0066,CompBench,add,add a yellow chicken on the right side of the chicken to the right of the group of chickens with its head facing right,two yellow chickens,train,/mnt/bn/strategy-mllm-train/user/tanyue/datasets/CompBench/data/train-00002-of-00007.parquet,66,de2f2a6a/1/00092.png,cb-src-bcbe1f9f6d47e3c83c64,cb-scene-de2f2a6a,relative|side,A,relative_to_neighbor|directional_instance
175,cb_train-00002-of-00007_0072,CompBench,add,add a chicken similar to other chickens facing downwards below the upper left corner,a reddish-brown chicken,train,/mnt/bn/strategy-mllm-train/user/tanyue/datasets/CompBench/data/train-00002-of-00007.parquet,72,e18f1dea/0/00037.png,cb-src-a1e318fe9902b89bbad6,cb-scene-e18f1dea,relative|side,A,relative_to_neighbor|directional_instance
176,cb_train-00002-of-00007_0074,CompBench,add,add a chicken on the leftmost side of the chicken with similar feather color facing forward,a brown chicken,train,/mnt/bn/strategy-mllm-train/user/tanyue/datasets/CompBench/data/train-00002-of-00007.parquet,74,e18f1dea/0/00062.png,cb-src-1ca930d66785766874e7,cb-scene-e18f1dea,extreme,B,extreme_or_superlative_instance
177,cb_train-00002-of-00007_0077,CompBench,add,"add a monkey on the upper side of the rightmost monkey, which is pulling a rope",a black monkey,train,/mnt/bn/strategy-mllm-train/user/tanyue/datasets/CompBench/data/train-00002-of-00007.parquet,77,e1b7f212/3/00002.png,cb-src-4a8cd0cf77ed13714e83,cb-scene-e1b7f212,extreme|side,A,extreme_or_superlative_instance|directional_instance
178,cb_train-00002-of-00007_0081,CompBench,add,add a black-and-white fish with a black tail facing away on the leftmost of the school of fish,a black and yellow fish,train,/mnt/bn/strategy-mllm-train/user/tanyue/datasets/CompBench/data/train-00002-of-00007.parquet,81,e3dcd186/0/00014.png,cb-src-db0285c5b589eb47dc46,cb-scene-e3dcd186,extreme,B,extreme_or_superlative_instance
179,cb_train-00002-of-00007_0088,CompBench,add,add a tiger on the leftmost with fur color similar to other tigers and body facing right,a tiger,train,/mnt/bn/strategy-mllm-train/user/tanyue/datasets/CompBench/data/train-00002-of-00007.parquet,88,e5665030/1/00010.png,cb-src-12c2098df338355723b6,cb-scene-e5665030,extreme,B,extreme_or_superlative_instance
180,cb_train-00002-of-00007_0094,CompBench,add,add a pure white goose on the right side of the leftmost goose,a white goose,train,/mnt/bn/strategy-mllm-train/user/tanyue/datasets/CompBench/data/train-00002-of-00007.parquet,94,e7e2a0b9/2/00072.png,cb-src-e7a7255173b473780878,cb-scene-e7e2a0b9,extreme|side,A,extreme_or_superlative_instance|directional_instance
181,cb_train-00002-of-00007_0119,CompBench,add,add a monkey on the leftmost side running to the right with a straight tail similar to other small monkeys,a monkey,train,/mnt/bn/strategy-mllm-train/user/tanyue/datasets/CompBench/data/train-00002-of-00007.parquet,119,f33d3c15/1/00017.png,cb-src-5a9c81962e761232419b,cb-scene-f33d3c15,extreme,B,extreme_or_superlative_instance
182,cb_train-00003-of-00007_0115,CompBench,remove,remove the first yellow fish from below,gravel,train,/mnt/bn/strategy-mllm-train/user/tanyue/datasets/CompBench/data/train-00003-of-00007.parquet,115,4a41cbf8/4/00008.png,cb-src-58088c8e8eee2bbade78,cb-scene-4a41cbf8,ordinal|relative,A,ordinal_instance|relative_to_neighbor
183,cb_train-00004-of-00007_0158,CompBench,remove,remove the leftmost duck in the group of ducks,ground,train,/mnt/bn/strategy-mllm-train/user/tanyue/datasets/CompBench/data/train-00004-of-00007.parquet,158,9ae447a7/1/00003.png,cb-src-35198e48b10591a2b818,cb-scene-9ae447a7,extreme,B,extreme_or_superlative_instance
184,cb_train-00001-of-00007_0335,CompBench,add,add a sheep similar to the other sheep that is straddling the ravine,two white sheep,train,/mnt/bn/strategy-mllm-train/user/tanyue/datasets/CompBench/data/train-00001-of-00007.parquet,335,b4891f7f/0/00005.png,cb-src-d9fc6320cfab0487b464,cb-scene-b4891f7f,exclusion,A,subset_by_exclusion
185,cb_train-00006-of-00007_0281,CompBench,multi_object_add,add a fish tail on the upper left and add a fish below,fish tail|a fish,train,/mnt/bn/strategy-mllm-train/user/tanyue/datasets/CompBench/data/train-00006-of-00007.parquet,281,1fb378d9_00058.png,cb-src-3da605ddf9ee4272de61,cb-scene-1fb378d9,relative|side,A,relative_to_neighbor|directional_instance|multiple_edit_targets
186,cb_train-00006-of-00007_0283,CompBench,multi_object_add,add a zebra facing left on the leftmost and a zebra facing right on the rightmost,a zebra|a zebra,train,/mnt/bn/strategy-mllm-train/user/tanyue/datasets/CompBench/data/train-00006-of-00007.parquet,283,29ff29f6_00020.png,cb-src-78682822c5ae9077fdab,cb-scene-29ff29f6,extreme,A,extreme_or_superlative_instance|multiple_edit_targets
187,cb_train-00006-of-00007_0290,CompBench,multi_object_add,add two birds flying above the birds,a bird|a bird,train,/mnt/bn/strategy-mllm-train/user/tanyue/datasets/CompBench/data/train-00006-of-00007.parquet,290,7286b176_00024.png,cb-src-82cc671b42a369f13a48,cb-scene-7286b176,relative,A,relative_to_neighbor|multiple_edit_targets
188,cb_train-00006-of-00007_0315,CompBench,multi_object_add,add a black bird near the wall on the left and a white bird behind the black bird on the right,a black bird|a white bird,train,/mnt/bn/strategy-mllm-train/user/tanyue/datasets/CompBench/data/train-00006-of-00007.parquet,315,9ffb2818_00047.png,cb-src-8e4ccafc20fcb54895f5,cb-scene-9ffb2818,relative|side,A,relative_to_neighbor|directional_instance|multiple_edit_targets
189,cb_train-00006-of-00007_0323,CompBench,multi_object_add,add two chickens on the leftmost,a chicken|a chicken,train,/mnt/bn/strategy-mllm-train/user/tanyue/datasets/CompBench/data/train-00006-of-00007.parquet,323,ac32a655_00034.png,cb-src-cb40697a3137e0b2cec1,cb-scene-ac32a655,extreme,A,extreme_or_superlative_instance|multiple_edit_targets
190,cb_train-00006-of-00007_0327,CompBench,multi_object_add,add a black and white dog behind the white dog in front and a yellow dog on the right of the white dog,a dog|a yellow dog,train,/mnt/bn/strategy-mllm-train/user/tanyue/datasets/CompBench/data/train-00006-of-00007.parquet,327,ba4b3b09_00024.png,cb-src-65f09d801534d72a5fa4,cb-scene-ba4b3b09,relative|side,A,relative_to_neighbor|directional_instance|multiple_edit_targets
191,cb_train-00006-of-00007_0353,CompBench,multi_object_remove,remove the fish tail on the upper left and the fish below,water|water,train,/mnt/bn/strategy-mllm-train/user/tanyue/datasets/CompBench/data/train-00006-of-00007.parquet,353,1fb378d9_00058.png,cb-src-81baa6a1ab8d5ccc8c14,cb-scene-1fb378d9,relative|side,A,relative_to_neighbor|directional_instance|multiple_edit_targets
192,cb_train-00006-of-00007_0395,CompBench,multi_object_remove,remove the leftmost two chickens,ground|heap of stuff,train,/mnt/bn/strategy-mllm-train/user/tanyue/datasets/CompBench/data/train-00006-of-00007.parquet,395,ac32a655_00034.png,cb-src-06c49eb9ee85a817a7a0,cb-scene-ac32a655,extreme,A,extreme_or_superlative_instance|multiple_edit_targets
193,cb_train-00006-of-00007_0408,CompBench,multi_object_remove,remove the leftmost bird and the blue and grey bird,ground|ground,train,/mnt/bn/strategy-mllm-train/user/tanyue/datasets/CompBench/data/train-00006-of-00007.parquet,408,ee91f783_00005.png,cb-src-a1fae5851c69ab9570ca,cb-scene-ee91f783,extreme,A,extreme_or_superlative_instance|multiple_edit_targets
194,cb_train-00000-of-00007_0015,CompBench,add,add a white fish on the upper side of the second green grass clump from the left,a white fish,train,/mnt/bn/strategy-mllm-train/user/tanyue/datasets/CompBench/data/train-00000-of-00007.parquet,15,02b72b8d/3/00015.png,cb-src-de6c4a1052fc4a9cfc39,cb-scene-02b72b8d,ordinal|side,A,ordinal_instance|directional_instance
195,cb_train-00000-of-00007_0355,CompBench,add,"add a white lamb on the right side of the second sheep on the left, with its side facing and head towards the upper left corner",two white sheep,train,/mnt/bn/strategy-mllm-train/user/tanyue/datasets/CompBench/data/train-00000-of-00007.parquet,355,7c78e351/3/00005.png,cb-src-807c882608e1ce6c0bdb,cb-scene-7c78e351,ordinal|side,A,ordinal_instance|directional_instance
196,cb_train-00002-of-00007_0176,CompBench,remove,remove the second zebra on the left,grassland,train,/mnt/bn/strategy-mllm-train/user/tanyue/datasets/CompBench/data/train-00002-of-00007.parquet,176,03c21af7/1/00001.png,cb-src-38fdb5dc66633588ed21,cb-scene-03c21af7,ordinal|side,A,ordinal_instance|directional_instance
197,cb_train-00002-of-00007_0183,CompBench,remove,remove the second person on the left,grassland,train,/mnt/bn/strategy-mllm-train/user/tanyue/datasets/CompBench/data/train-00002-of-00007.parquet,183,03e5f069/1/00085.png,cb-src-6a9d74caafa3684cb2ea,cb-scene-03e5f069,ordinal|side,A,ordinal_instance|directional_instance
198,cb_train-00002-of-00007_0254,CompBench,remove,remove the second person on the left,road and green belt,train,/mnt/bn/strategy-mllm-train/user/tanyue/datasets/CompBench/data/train-00002-of-00007.parquet,254,15e9161e/0/00022.png,cb-src-6e52699a41f9f22435aa,cb-scene-15e9161e,ordinal|side,A,ordinal_instance|directional_instance
199,cb_train-00002-of-00007_0275,CompBench,remove,remove the second giraffe on the right,giraffe and trees,train,/mnt/bn/strategy-mllm-train/user/tanyue/datasets/CompBench/data/train-00002-of-00007.parquet,275,199995b5/3/00023.png,cb-src-f1b87cb1dacd8dfc153d,cb-scene-199995b5,ordinal|side,A,ordinal_instance|directional_instance
200,cb_train-00002-of-00007_0287,CompBench,remove,remove the second duck on the right,green water surface,train,/mnt/bn/strategy-mllm-train/user/tanyue/datasets/CompBench/data/train-00002-of-00007.parquet,287,1dba51af/2/00029.png,cb-src-ec5f431c192bf2b9a84a,cb-scene-1dba51af,ordinal|side,A,ordinal_instance|directional_instance
201,cb_train-00002-of-00007_0289,CompBench,remove,remove the second turtle on the upper left,turtle and blue water,train,/mnt/bn/strategy-mllm-train/user/tanyue/datasets/CompBench/data/train-00002-of-00007.parquet,289,1dc0c9a0/0/00009.png,cb-src-f1b8336ee973eb6f127e,cb-scene-1dc0c9a0,ordinal|side,A,ordinal_instance|directional_instance
202,cb_train-00002-of-00007_0341,CompBench,remove,remove the second car on the left,road and green belt,train,/mnt/bn/strategy-mllm-train/user/tanyue/datasets/CompBench/data/train-00002-of-00007.parquet,341,21f363b3/0/00014.png,cb-src-d8145faca066aa73b140,cb-scene-21f363b3,ordinal|side,A,ordinal_instance|directional_instance
203,cb_train-00002-of-00007_0351,CompBench,remove,remove the second dog on the left,ground,train,/mnt/bn/strategy-mllm-train/user/tanyue/datasets/CompBench/data/train-00002-of-00007.parquet,351,251bf059/0/00063.png,cb-src-8e205a49655212fd2186,cb-scene-251bf059,ordinal|side,A,ordinal_instance|directional_instance
204,cb_train-00002-of-00007_0388,CompBench,remove,remove the second monkey on the left,ground,train,/mnt/bn/strategy-mllm-train/user/tanyue/datasets/CompBench/data/train-00002-of-00007.parquet,388,2bc0bba4/0/00048.png,cb-src-baf143c0105bdc4fdcba,cb-scene-2bc0bba4,ordinal|side,A,ordinal_instance|directional_instance
205,cb_train-00003-of-00007_0014,CompBench,remove,remove the second tiger on the left,grassland,train,/mnt/bn/strategy-mllm-train/user/tanyue/datasets/CompBench/data/train-00003-of-00007.parquet,14,32ecef67/2/00002.png,cb-src-e1bb1eb72c6909ad8f30,cb-scene-32ecef67,ordinal|side,A,ordinal_instance|directional_instance
206,cb_train-00003-of-00007_0025,CompBench,remove,remove the second monkey on the left,boat and rocks,train,/mnt/bn/strategy-mllm-train/user/tanyue/datasets/CompBench/data/train-00003-of-00007.parquet,25,34504f63/1/00021.png,cb-src-ec84f9741eee2a022032,cb-scene-34504f63,ordinal|side,A,ordinal_instance|directional_instance
207,cb_train-00003-of-00007_0027,CompBench,remove,remove the second monkey on the right side of the boat,wooden boat,train,/mnt/bn/strategy-mllm-train/user/tanyue/datasets/CompBench/data/train-00003-of-00007.parquet,27,34504f63/6/00080.png,cb-src-5ced5f68570629a41d11,cb-scene-34504f63,ordinal|side,A,ordinal_instance|directional_instance
208,cb_train-00003-of-00007_0046,CompBench,remove,remove the second bear on the right,ground and trees,train,/mnt/bn/strategy-mllm-train/user/tanyue/datasets/CompBench/data/train-00003-of-00007.parquet,46,359003f8/3/00004.png,cb-src-914724575ef0bc3e913c,cb-scene-359003f8,ordinal|side,A,ordinal_instance|directional_instance
209,cb_train-00003-of-00007_0051,CompBench,remove,remove the second fish on the right,transparent fish tank interior wall,train,/mnt/bn/strategy-mllm-train/user/tanyue/datasets/CompBench/data/train-00003-of-00007.parquet,51,36dcb93f/2/00001.png,cb-src-e92d72b3bb709cc1067a,cb-scene-36dcb93f,ordinal|side,A,ordinal_instance|directional_instance
210,cb_train-00003-of-00007_0062,CompBench,remove,remove the second zebra on the left,grassland,train,/mnt/bn/strategy-mllm-train/user/tanyue/datasets/CompBench/data/train-00003-of-00007.parquet,62,3b19c5c3/2/00004.png,cb-src-88539fe6f27e9a2302ee,cb-scene-3b19c5c3,ordinal|side,A,ordinal_instance|directional_instance
211,cb_train-00003-of-00007_0079,CompBench,remove,remove the second chicken on the left,ground and wooden stakes,train,/mnt/bn/strategy-mllm-train/user/tanyue/datasets/CompBench/data/train-00003-of-00007.parquet,79,42ff84a5/3/00023.png,cb-src-2cce842c96a65c72ad53,cb-scene-42ff84a5,ordinal|side,A,ordinal_instance|directional_instance
212,cb_train-00003-of-00007_0109,CompBench,remove,remove the first fish on the right,green water,train,/mnt/bn/strategy-mllm-train/user/tanyue/datasets/CompBench/data/train-00003-of-00007.parquet,109,4a41cbf8/2/00006.png,cb-src-55263685973e18ca95ad,cb-scene-4a41cbf8,ordinal|side,A,ordinal_instance|directional_instance
213,cb_train-00003-of-00007_0122,CompBench,remove,remove the second tiger on the left,ground,train,/mnt/bn/strategy-mllm-train/user/tanyue/datasets/CompBench/data/train-00003-of-00007.parquet,122,4fa342f5/1/00004.png,cb-src-061eaac782e20bbf1ca4,cb-scene-4fa342f5,ordinal|side,A,ordinal_instance|directional_instance
214,cb_train-00003-of-00007_0151,CompBench,remove,remove the second bear on the left,green grassland,train,/mnt/bn/strategy-mllm-train/user/tanyue/datasets/CompBench/data/train-00003-of-00007.parquet,151,5a064706/3/00041.png,cb-src-445711d67f7856ef835a,cb-scene-5a064706,ordinal|side,A,ordinal_instance|directional_instance
215,cb_train-00003-of-00007_0159,CompBench,remove,remove the first sheep on the lower right of the person,muddy land,train,/mnt/bn/strategy-mllm-train/user/tanyue/datasets/CompBench/data/train-00003-of-00007.parquet,159,5d2316f6/0/00019.png,cb-src-38e8df68d58f472f20e9,cb-scene-5d2316f6,ordinal|side,A,ordinal_instance|directional_instance
216,cb_train-00003-of-00007_0171,CompBench,remove,remove the second duck on the left,three yellow and black ducks and muddy ground,train,/mnt/bn/strategy-mllm-train/user/tanyue/datasets/CompBench/data/train-00003-of-00007.parquet,171,6149becc/0/00001.png,cb-src-6b36371e5808a04ae9da,cb-scene-6149becc,ordinal|side,A,ordinal_instance|directional_instance
217,cb_train-00003-of-00007_0188,CompBench,remove,remove the second giraffe on the left,bushes and greenery,train,/mnt/bn/strategy-mllm-train/user/tanyue/datasets/CompBench/data/train-00003-of-00007.parquet,188,660e3b70/0/00000.png,cb-src-f629f92020e2e669f09e,cb-scene-660e3b70,ordinal|side,A,ordinal_instance|directional_instance
218,cb_train-00003-of-00007_0210,CompBench,remove,remove the second duck on the right,yellow grassland,train,/mnt/bn/strategy-mllm-train/user/tanyue/datasets/CompBench/data/train-00003-of-00007.parquet,210,733f2a02/0/00036.png,cb-src-fedd34a67ed0628e82af,cb-scene-733f2a02,ordinal|side,A,ordinal_instance|directional_instance
219,cb_train-00003-of-00007_0211,CompBench,remove,remove the second goose on the right,sandy soil,train,/mnt/bn/strategy-mllm-train/user/tanyue/datasets/CompBench/data/train-00003-of-00007.parquet,211,733f2a02/0/00049.png,cb-src-f50b2e00069e298e473a,cb-scene-733f2a02,ordinal|side,A,ordinal_instance|directional_instance
220,cb_train-00003-of-00007_0229,CompBench,remove,remove the second bird on the left,sky and grass,train,/mnt/bn/strategy-mllm-train/user/tanyue/datasets/CompBench/data/train-00003-of-00007.parquet,229,790285e8/0/00008.png,cb-src-f1d557b360f81abe76d3,cb-scene-790285e8,ordinal|side,A,ordinal_instance|directional_instance
221,cb_train-00003-of-00007_0242,CompBench,remove,remove the second rabbit on the right,ground,train,/mnt/bn/strategy-mllm-train/user/tanyue/datasets/CompBench/data/train-00003-of-00007.parquet,242,7be91184/1/00002.png,cb-src-1e816963a7435682522b,cb-scene-7be91184,ordinal|side,A,ordinal_instance|directional_instance
222,cb_train-00003-of-00007_0260,CompBench,remove,remove the second sheep on the right,snow and rubber rings,train,/mnt/bn/strategy-mllm-train/user/tanyue/datasets/CompBench/data/train-00003-of-00007.parquet,260,7c78e351/3/00001.png,cb-src-0a3d3cff085170ce8aa3,cb-scene-7c78e351,ordinal|side,A,ordinal_instance|directional_instance
223,cb_train-00003-of-00007_0320,CompBench,remove,remove the second zebra on the left,grassland,train,/mnt/bn/strategy-mllm-train/user/tanyue/datasets/CompBench/data/train-00003-of-00007.parquet,320,843d8f25/3/00042.png,cb-src-98392411363333aad262,cb-scene-843d8f25,ordinal|side,A,ordinal_instance|directional_instance
224,cb_train-00004-of-00007_0086,CompBench,remove,remove the second duck on the left,grass clumps and green grassland,train,/mnt/bn/strategy-mllm-train/user/tanyue/datasets/CompBench/data/train-00004-of-00007.parquet,86,8d72533b/0/00011.png,cb-src-a43b92e78dbce8300bba,cb-scene-8d72533b,ordinal|side,A,ordinal_instance|directional_instance
225,cb_train-00004-of-00007_0087,CompBench,remove,remove the second duck on the left,bushes,train,/mnt/bn/strategy-mllm-train/user/tanyue/datasets/CompBench/data/train-00004-of-00007.parquet,87,8d72533b/0/00038.png,cb-src-119baa4ff7c01309e3ab,cb-scene-8d72533b,ordinal|side,A,ordinal_instance|directional_instance
226,cb_train-00004-of-00007_0122,CompBench,remove,remove the third giraffe on the left,mesh fence,train,/mnt/bn/strategy-mllm-train/user/tanyue/datasets/CompBench/data/train-00004-of-00007.parquet,122,9698f06e/2/00002.png,cb-src-0656aecf1748ded4fefd,cb-scene-9698f06e,ordinal|side,A,ordinal_instance|directional_instance
227,cb_train-00004-of-00007_0194,CompBench,remove,remove the second bird on the right,blue water,train,/mnt/bn/strategy-mllm-train/user/tanyue/datasets/CompBench/data/train-00004-of-00007.parquet,194,a1f4c54d/3/00024.png,cb-src-0f043de7971c081df16c,cb-scene-a1f4c54d,ordinal|side,A,ordinal_instance|directional_instance
228,cb_train-00004-of-00007_0215,CompBench,remove,remove the second zebra on the right,three zebras and the ground,train,/mnt/bn/strategy-mllm-train/user/tanyue/datasets/CompBench/data/train-00004-of-00007.parquet,215,a3e85b4b/2/00045.png,cb-src-95ae1b8c8fb6776aebb2,cb-scene-a3e85b4b,ordinal|side,A,ordinal_instance|directional_instance
229,cb_train-00004-of-00007_0305,CompBench,remove,remove the second cat on the right,a cat and a cat bed,train,/mnt/bn/strategy-mllm-train/user/tanyue/datasets/CompBench/data/train-00004-of-00007.parquet,305,b12701b7/1/00011.png,cb-src-24fc11263c2479c8a2a0,cb-scene-b12701b7,ordinal|side,A,ordinal_instance|directional_instance
230,cb_train-00004-of-00007_0351,CompBench,remove,remove the second dog on the right,ground and a yellow dog,train,/mnt/bn/strategy-mllm-train/user/tanyue/datasets/CompBench/data/train-00004-of-00007.parquet,351,ba4b3b09/4/00027.png,cb-src-4bd98a912edbf4c65f77,cb-scene-ba4b3b09,ordinal|side,A,ordinal_instance|directional_instance
231,cb_train-00004-of-00007_0373,CompBench,remove,remove the second zebra in front on the right,zebra and grassland,train,/mnt/bn/strategy-mllm-train/user/tanyue/datasets/CompBench/data/train-00004-of-00007.parquet,373,c1ed21d0/0/00029.png,cb-src-d96abc91293e1e381048,cb-scene-c1ed21d0,ordinal|side,A,ordinal_instance|directional_instance
232,cb_train-00005-of-00007_0014,CompBench,remove,remove the second monkey on the right,trees and stone railings,train,/mnt/bn/strategy-mllm-train/user/tanyue/datasets/CompBench/data/train-00005-of-00007.parquet,14,cfc68a82/0/00040.png,cb-src-a33f0f6b20d97cc58b1c,cb-scene-cfc68a82,ordinal|side,A,ordinal_instance|directional_instance
233,cb_train-00005-of-00007_0049,CompBench,remove,remove the second boy on the left,a child in blue and the ground,train,/mnt/bn/strategy-mllm-train/user/tanyue/datasets/CompBench/data/train-00005-of-00007.parquet,49,d0696759/1/00026.png,cb-src-2c5602af5c740347d255,cb-scene-d0696759,ordinal|side,A,ordinal_instance|directional_instance
234,cb_train-00005-of-00007_0087,CompBench,remove,remove the second fish on the left,inside the fish tank,train,/mnt/bn/strategy-mllm-train/user/tanyue/datasets/CompBench/data/train-00005-of-00007.parquet,87,dc8679e0/0/00023.png,cb-src-57b5f1d2c83845cb97ec,cb-scene-dc8679e0,ordinal|side,A,ordinal_instance|directional_instance
235,cb_train-00005-of-00007_0103,CompBench,remove,remove the second zebra on the right,grassland,train,/mnt/bn/strategy-mllm-train/user/tanyue/datasets/CompBench/data/train-00005-of-00007.parquet,103,e15e4de8/1/00053.png,cb-src-f574bfeed9a886865e2e,cb-scene-e15e4de8,ordinal|side,A,ordinal_instance|directional_instance
236,cb_train-00005-of-00007_0111,CompBench,remove,remove the second monkey on the right,gray ceiling and rope,train,/mnt/bn/strategy-mllm-train/user/tanyue/datasets/CompBench/data/train-00005-of-00007.parquet,111,e1b7f212/3/00005.png,cb-src-678e5b4b17f733dc0038,cb-scene-e1b7f212,ordinal|side,A,ordinal_instance|directional_instance
237,cb_train-00005-of-00007_0118,CompBench,remove,remove the third fish on the right,black fish tank wall,train,/mnt/bn/strategy-mllm-train/user/tanyue/datasets/CompBench/data/train-00005-of-00007.parquet,118,e3dcd186/2/00049.png,cb-src-6eada99a398864b24549,cb-scene-e3dcd186,ordinal|side,A,ordinal_instance|directional_instance
238,cb_train-00005-of-00007_0155,CompBench,remove,remove the second bird on the right,ground,train,/mnt/bn/strategy-mllm-train/user/tanyue/datasets/CompBench/data/train-00005-of-00007.parquet,155,ec27366a/1/00056.png,cb-src-3f8d4b477f36b109c275,cb-scene-ec27366a,ordinal|side,A,ordinal_instance|directional_instance
239,cb_train-00005-of-00007_0178,CompBench,remove,remove the second monkey on the left,grassland,train,/mnt/bn/strategy-mllm-train/user/tanyue/datasets/CompBench/data/train-00005-of-00007.parquet,178,f33d3c15/4/00019.png,cb-src-b2e917cc9412d95d29e6,cb-scene-f33d3c15,ordinal|side,A,ordinal_instance|directional_instance
240,cb_train-00005-of-00007_0203,CompBench,remove,remove the second chicken on the left,ground,train,/mnt/bn/strategy-mllm-train/user/tanyue/datasets/CompBench/data/train-00005-of-00007.parquet,203,f92cdae8/3/00001.png,cb-src-ee814c720c1836430805,cb-scene-f92cdae8,ordinal|side,A,ordinal_instance|directional_instance
241,cb_train-00005-of-00007_0229,CompBench,remove,remove the second giraffe on the right,grassland,train,/mnt/bn/strategy-mllm-train/user/tanyue/datasets/CompBench/data/train-00005-of-00007.parquet,229,fe470104/0/00006.png,cb-src-e77f946016a78ab99a70,cb-scene-fe470104,ordinal|side,A,ordinal_instance|directional_instance
242,cb_train-00005-of-00007_0236,CompBench,remove,remove the second bear on the left,rocks and grass,train,/mnt/bn/strategy-mllm-train/user/tanyue/datasets/CompBench/data/train-00005-of-00007.parquet,236,ff1142df/0/00013.png,cb-src-056ffd83fc832ce1537b,cb-scene-ff1142df,ordinal|side,A,ordinal_instance|directional_instance
243,cb_train-00005-of-00007_0237,CompBench,remove,remove the second bear on the left,rocks and grass,train,/mnt/bn/strategy-mllm-train/user/tanyue/datasets/CompBench/data/train-00005-of-00007.parquet,237,ff1142df/0/00018.png,cb-src-d51bb1358f3f34f15181,cb-scene-ff1142df,ordinal|side,A,ordinal_instance|directional_instance
244,cb_train-00005-of-00007_0284,CompBench,replace,replace the third sheep on the right with a chair,the chair and the ground,train,/mnt/bn/strategy-mllm-train/user/tanyue/datasets/CompBench/data/train-00005-of-00007.parquet,284,6ff85ca5/4/00005.png,cb-src-a211acb3d3b567b29aee,cb-scene-6ff85ca5,ordinal|side,A,ordinal_instance|directional_instance
245,cb_train-00006-of-00007_0286,CompBench,multi_object_add,add two bears on the right of the bear,a bear|a bear,train,/mnt/bn/strategy-mllm-train/user/tanyue/datasets/CompBench/data/train-00006-of-00007.parquet,286,359003f8_00004.png,cb-src-a105aee40787a2c852f5,cb-scene-359003f8,side,A,directional_instance|multiple_edit_targets
246,cb_train-00005-of-00007_0136,CompBench,remove,remove the goose in front of the rightmost,two white geese and the ground,train,/mnt/bn/strategy-mllm-train/user/tanyue/datasets/CompBench/data/train-00005-of-00007.parquet,136,e7e2a0b9/4/00000.png,cb-src-263802828d6a173dad2e,cb-scene-e7e2a0b9,extreme|relative,A,extreme_or_superlative_instance|relative_to_neighbor
247,cb_train-00000-of-00007_0003,CompBench,add,add a pink and white fish on the leftmost heading to the lower right,a pink and white fish,train,/mnt/bn/strategy-mllm-train/user/tanyue/datasets/CompBench/data/train-00000-of-00007.parquet,3,001ca3cb/0/00027.png,cb-src-a82fb3a62f53d9fe5fa6,cb-scene-001ca3cb,extreme|side,A,extreme_or_superlative_instance|directional_instance
248,cb_train-00000-of-00007_0095,CompBench,add,"add a rightmost giraffe with similar fur color to the others, which is facing away and turning its head to the right",a giraffe on the rightmost,train,/mnt/bn/strategy-mllm-train/user/tanyue/datasets/CompBench/data/train-00000-of-00007.parquet,95,199995b5/0/00022.png,cb-src-4c9185f3cc8da746547a,cb-scene-199995b5,extreme,B,extreme_or_superlative_instance
249,cb_train-00000-of-00007_0137,CompBench,add,"add a yellow dog on the left side of the black dog, standing opposite to it",a yellow dog,train,/mnt/bn/strategy-mllm-train/user/tanyue/datasets/CompBench/data/train-00000-of-00007.parquet,137,1fc5e086/2/00040.png,cb-src-f78172cf963c7f029279,cb-scene-1fc5e086,relative|side,A,relative_to_neighbor|directional_instance
250,cb_train-00000-of-00007_0208,CompBench,add,add a monkey behind the left monkey on the rock walking to the left and similar to other monkeys,a monkey,train,/mnt/bn/strategy-mllm-train/user/tanyue/datasets/CompBench/data/train-00000-of-00007.parquet,208,34504f63/4/00053.png,cb-src-67eda3023edc7f6dbebf,cb-scene-34504f63,relative,B,relative_to_neighbor
251,cb_train-00000-of-00007_0316,CompBench,add,add a bird similar to the others on the topmost,a black and white bird,train,/mnt/bn/strategy-mllm-train/user/tanyue/datasets/CompBench/data/train-00000-of-00007.parquet,316,7286b176/0/00006.png,cb-src-b50f5f9735013f3701ec,cb-scene-7286b176,extreme,B,extreme_or_superlative_instance
252,cb_train-00000-of-00007_0336,CompBench,add,"add a white bird on the leftmost crane's left with its head downward and wings spread, similar to it",a white bird,train,/mnt/bn/strategy-mllm-train/user/tanyue/datasets/CompBench/data/train-00000-of-00007.parquet,336,790285e8/3/00019.png,cb-src-13200b845d9a9d8d69b7,cb-scene-790285e8,extreme,B,extreme_or_superlative_instance
253,cb_train-00001-of-00007_0108,CompBench,add,add a black duck with a white neck and a black body walking to the left on the upper right among the ducks above and to the right of the food bowl,a black duck,train,/mnt/bn/strategy-mllm-train/user/tanyue/datasets/CompBench/data/train-00001-of-00007.parquet,108,87fc565c/0/00118.png,cb-src-602e6f23799ade51a503,cb-scene-87fc565c,relative|side,A,relative_to_neighbor|directional_instance
254,cb_train-00001-of-00007_0205,CompBench,add,"add a rabbit on the upper left, to the right of the rabbit, with its back facing",a black rabbit,train,/mnt/bn/strategy-mllm-train/user/tanyue/datasets/CompBench/data/train-00001-of-00007.parquet,205,9a1146b3/0/00020.png,cb-src-2803747e02862f4a1cfe,cb-scene-9a1146b3,relative|side,A,relative_to_neighbor|directional_instance
255,cb_train-00001-of-00007_0254,CompBench,add,add a brown calf on the left side of the rightmost cow with its head facing forward and half of its body blocked,a brown calf,train,/mnt/bn/strategy-mllm-train/user/tanyue/datasets/CompBench/data/train-00001-of-00007.parquet,254,a4564b94/0/00024.png,cb-src-0ece5cbaffbfbe5b4aa6,cb-scene-a4564b94,extreme|side,A,extreme_or_superlative_instance|directional_instance
256,cb_train-00001-of-00007_0291,CompBench,add,add a large zebra with similar fur to the small zebra in front of it,two zebras,train,/mnt/bn/strategy-mllm-train/user/tanyue/datasets/CompBench/data/train-00001-of-00007.parquet,291,aa348c45/0/00021.png,cb-src-4a794873041028cdb142,cb-scene-aa348c45,relative,B,relative_to_neighbor
257,cb_train-00001-of-00007_0296,CompBench,add,add a bird on the upper side of the bird below,a grey bird,train,/mnt/bn/strategy-mllm-train/user/tanyue/datasets/CompBench/data/train-00001-of-00007.parquet,296,aa911a8e/0/00047.png,cb-src-6a66d3913d105633d4fd,cb-scene-aa911a8e,relative|side,A,relative_to_neighbor|directional_instance
258,cb_train-00001-of-00007_0405,CompBench,add,add a brown horse running in the same direction behind the black horse,a brown horse,train,/mnt/bn/strategy-mllm-train/user/tanyue/datasets/CompBench/data/train-00001-of-00007.parquet,405,cb170015/0/00027.png,cb-src-e629b0f06cfc06ce0ef2,cb-scene-cb170015,relative,B,relative_to_neighbor
259,cb_train-00002-of-00007_0040,CompBench,add,add a leftmost fawn with fur color similar to other deer and with its back facing the camera,a fawn on the leftmost,train,/mnt/bn/strategy-mllm-train/user/tanyue/datasets/CompBench/data/train-00002-of-00007.parquet,40,d0b507c3/0/00034.png,cb-src-5f8eb62d1d690fec1c3c,cb-scene-d0b507c3,extreme,B,extreme_or_superlative_instance
260,cb_train-00002-of-00007_0108,CompBench,add,add a bird-like object on the rightmost side with its head pointing to the lower right corner,a grey and black bird,train,/mnt/bn/strategy-mllm-train/user/tanyue/datasets/CompBench/data/train-00002-of-00007.parquet,108,ec27366a/1/00039.png,cb-src-a32c4fdae97a5f27fed8,cb-scene-ec27366a,extreme|side,A,extreme_or_superlative_instance|directional_instance
261,cb_train-00002-of-00007_0125,CompBench,add,add a leftmost giraffe similar to the others,a giraffe on the leftmost side,train,/mnt/bn/strategy-mllm-train/user/tanyue/datasets/CompBench/data/train-00002-of-00007.parquet,125,f6f8b4a6/1/00001.png,cb-src-b717a95e568116def7e3,cb-scene-f6f8b4a6,extreme,B,extreme_or_superlative_instance
262,cb_train-00002-of-00007_0245,CompBench,remove,remove the leftmost zebra at the bottom,muddy ground,train,/mnt/bn/strategy-mllm-train/user/tanyue/datasets/CompBench/data/train-00002-of-00007.parquet,245,12fdc864/3/00041.png,cb-src-1857469d2429750b6d5d,cb-scene-12fdc864,extreme|side,A,extreme_or_superlative_instance|directional_instance
263,cb_train-00002-of-00007_0331,CompBench,remove,remove the fish on the upper rightmost,blue fish tank wall,train,/mnt/bn/strategy-mllm-train/user/tanyue/datasets/CompBench/data/train-00002-of-00007.parquet,331,1fb378d9/5/00007.png,cb-src-3b3870f010f2278fb074,cb-scene-1fb378d9,extreme|side,A,extreme_or_superlative_instance|directional_instance
264,cb_train-00002-of-00007_0367,CompBench,remove,remove the chicken at the lower leftmost,ground,train,/mnt/bn/strategy-mllm-train/user/tanyue/datasets/CompBench/data/train-00002-of-00007.parquet,367,2895bb8b/0/00049.png,cb-src-eb164ccacc5c4f36322b,cb-scene-2895bb8b,extreme|side,A,extreme_or_superlative_instance|directional_instance
265,cb_train-00003-of-00007_0136,CompBench,remove,remove the lizard at the lower leftmost,floor and black wood,train,/mnt/bn/strategy-mllm-train/user/tanyue/datasets/CompBench/data/train-00003-of-00007.parquet,136,5825f0e0/1/00015.png,cb-src-8f9c698ee0c4874c7ef8,cb-scene-5825f0e0,extreme|side,A,extreme_or_superlative_instance|directional_instance
266,cb_train-00003-of-00007_0245,CompBench,remove,remove the white rabbit at the lower leftmost,ground,train,/mnt/bn/strategy-mllm-train/user/tanyue/datasets/CompBench/data/train-00003-of-00007.parquet,245,7be91184/7/00024.png,cb-src-81b134446248cae2f676,cb-scene-7be91184,extreme|side,A,extreme_or_superlative_instance|directional_instance
267,cb_train-00003-of-00007_0302,CompBench,remove,remove the airplane on the uppermost part of the cluster,blue sky and white clouds,train,/mnt/bn/strategy-mllm-train/user/tanyue/datasets/CompBench/data/train-00003-of-00007.parquet,302,82a3db34/0/00031.png,cb-src-54080946bd40188086a1,cb-scene-82a3db34,extreme,B,extreme_or_superlative_instance
268,cb_train-00004-of-00007_0112,CompBench,remove,remove the leftmost turtle at the bottom,green water,train,/mnt/bn/strategy-mllm-train/user/tanyue/datasets/CompBench/data/train-00004-of-00007.parquet,112,94f7c53e/0/00005.png,cb-src-f77f994e298130ed7794,cb-scene-94f7c53e,extreme|side,A,extreme_or_superlative_instance|directional_instance
269,cb_train-00004-of-00007_0118,CompBench,remove,remove the white rabbit at the lower leftmost,green grass and net,train,/mnt/bn/strategy-mllm-train/user/tanyue/datasets/CompBench/data/train-00004-of-00007.parquet,118,9519832a/0/00004.png,cb-src-01e3d4e0b20d4669b5c7,cb-scene-9519832a,extreme|side,A,extreme_or_superlative_instance|directional_instance
270,cb_train-00004-of-00007_0119,CompBench,remove,remove the rabbit in the lower leftmost,green grass and barbed wire,train,/mnt/bn/strategy-mllm-train/user/tanyue/datasets/CompBench/data/train-00004-of-00007.parquet,119,9519832a/0/00020.png,cb-src-71f6b98530bb398481f0,cb-scene-9519832a,extreme|side,A,extreme_or_superlative_instance|directional_instance
271,cb_train-00005-of-00007_0070,CompBench,remove,remove the sheep in the upper leftmost,wall,train,/mnt/bn/strategy-mllm-train/user/tanyue/datasets/CompBench/data/train-00005-of-00007.parquet,70,d869a3cf/1/00068.png,cb-src-6187f05751f6b460a333,cb-scene-d869a3cf,extreme|side,A,extreme_or_superlative_instance|directional_instance
272,cb_train-00005-of-00007_0110,CompBench,remove,remove the monkey in the upper rightmost,white roof and ropes,train,/mnt/bn/strategy-mllm-train/user/tanyue/datasets/CompBench/data/train-00005-of-00007.parquet,110,e1b7f212/3/00001.png,cb-src-c18e2665c8107aa8fcb0,cb-scene-e1b7f212,extreme|side,A,extreme_or_superlative_instance|directional_instance
273,cb_train-00005-of-00007_0223,CompBench,remove,remove the leftmost bird from the flock,ground and sky,train,/mnt/bn/strategy-mllm-train/user/tanyue/datasets/CompBench/data/train-00005-of-00007.parquet,223,fdb2e432/1/00033.png,cb-src-91842f5c3e6ff1a3f09c,cb-scene-fdb2e432,extreme,B,extreme_or_superlative_instance
274,cb_train-00005-of-00007_0249,CompBench,replace,replace the rightmost black-clothed person with a white-clothed woman without a backpack,a white-clothed person riding a bicycle,train,/mnt/bn/strategy-mllm-train/user/tanyue/datasets/CompBench/data/train-00005-of-00007.parquet,249,03e5f069/1/00003.png,cb-src-73150900142ea8907d9d,cb-scene-03e5f069,extreme,B,extreme_or_superlative_instance
275,cb_train-00005-of-00007_0298,CompBench,replace,replace the leftmost person with a person in black who is facing away,a person in black and a wall,train,/mnt/bn/strategy-mllm-train/user/tanyue/datasets/CompBench/data/train-00005-of-00007.parquet,298,86a2b59f/1/00017.png,cb-src-ecf706c1b7e73e3d3954,cb-scene-86a2b59f,extreme,B,extreme_or_superlative_instance
276,cb_train-00005-of-00007_0327,CompBench,replace,replace the rightmost car with a black car moving to the right,a black car and the ground,train,/mnt/bn/strategy-mllm-train/user/tanyue/datasets/CompBench/data/train-00005-of-00007.parquet,327,a46b7b77/0/00048.png,cb-src-b205c91fd06a2111a7df,cb-scene-a46b7b77,extreme,B,extreme_or_superlative_instance
277,cb_train-00006-of-00007_0362,CompBench,multi_object_remove,remove the two birds flying above,grassland|grassland,train,/mnt/bn/strategy-mllm-train/user/tanyue/datasets/CompBench/data/train-00006-of-00007.parquet,362,7286b176_00024.png,cb-src-67895017cdbcc0c94b1b,cb-scene-7286b176,relative,A,relative_to_neighbor|multiple_edit_targets
278,cb_train-00006-of-00007_0399,CompBench,multi_object_remove,remove the yellow dog and the dog behind the white dog in front,ground|ground,train,/mnt/bn/strategy-mllm-train/user/tanyue/datasets/CompBench/data/train-00006-of-00007.parquet,399,ba4b3b09_00024.png,cb-src-13280e031967a27fb133,cb-scene-ba4b3b09,relative,A,relative_to_neighbor|multiple_edit_targets
279,cb_train-00006-of-00007_0401,CompBench,multi_object_remove,remove the rightmost and the leftmost flamingos,rock and ground|rock and ground,train,/mnt/bn/strategy-mllm-train/user/tanyue/datasets/CompBench/data/train-00006-of-00007.parquet,401,c30641cf_00001.png,cb-src-b3738fda18cebbff6e18,cb-scene-c30641cf,extreme,A,extreme_or_superlative_instance|multiple_edit_targets
280,cb_train-00000-of-00007_0028,CompBench,add,add a tiger on the right of the two tigers facing left with similar fur color to the others,a tiger,train,/mnt/bn/strategy-mllm-train/user/tanyue/datasets/CompBench/data/train-00000-of-00007.parquet,28,05ed1023/0/00006.png,cb-src-496738c3878baf45ad50,cb-scene-05ed1023,side,B,directional_instance
281,cb_train-00000-of-00007_0130,CompBench,add,add a duck on the upper right corner similar to other ducks,a brownish-gray duck,train,/mnt/bn/strategy-mllm-train/user/tanyue/datasets/CompBench/data/train-00000-of-00007.parquet,130,1e95ef5e/0/00005.png,cb-src-909e1232606341315ca3,cb-scene-1e95ef5e,side,B,directional_instance
282,cb_train-00000-of-00007_0154,CompBench,add,add a sheep on the upper right of the bottom sheep that is similar to it,two white and yellow sheep,train,/mnt/bn/strategy-mllm-train/user/tanyue/datasets/CompBench/data/train-00000-of-00007.parquet,154,25af2eeb/14/00033.png,cb-src-6aea8d6737ba9e8be911,cb-scene-25af2eeb,side,B,directional_instance
283,cb_train-00000-of-00007_0165,CompBench,add,add a bird similar to the one on the left of the bird,a yellow and red bird,train,/mnt/bn/strategy-mllm-train/user/tanyue/datasets/CompBench/data/train-00000-of-00007.parquet,165,2b0e34d3/1/00050.png,cb-src-6befcef1b0c80f56d68e,cb-scene-2b0e34d3,side,B,directional_instance
284,cb_train-00000-of-00007_0213,CompBench,add,add a bear on the right side of the bear on the right with similar fur color and facing away,a brown cub,train,/mnt/bn/strategy-mllm-train/user/tanyue/datasets/CompBench/data/train-00000-of-00007.parquet,213,34ccea00/0/00034.png,cb-src-d8e9d98c1dc1e7f37e2d,cb-scene-34ccea00,side,B,directional_instance
285,cb_train-00000-of-00007_0229,CompBench,add,add a black and white duck with its head facing right on the upper left corner of the group of ducks,a black and white duck,train,/mnt/bn/strategy-mllm-train/user/tanyue/datasets/CompBench/data/train-00000-of-00007.parquet,229,37af9ac1/7/00099.png,cb-src-d1126567e539f8bde43a,cb-scene-37af9ac1,side,B,directional_instance
286,cb_train-00000-of-00007_0232,CompBench,add,add a similar small zebra on the left side of the right zebra,a zebra,train,/mnt/bn/strategy-mllm-train/user/tanyue/datasets/CompBench/data/train-00000-of-00007.parquet,232,3b19c5c3/3/00034.png,cb-src-5e69ba201fb640de9e8d,cb-scene-3b19c5c3,side,B,directional_instance
287,cb_train-00000-of-00007_0245,CompBench,add,add a white-bodied black-mouthed dog running to the right on the right side of the group of dogs,a white-bodied black-mouthed dog,train,/mnt/bn/strategy-mllm-train/user/tanyue/datasets/CompBench/data/train-00000-of-00007.parquet,245,4539b907/1/00003.png,cb-src-6d0f357ad626a5a0d169,cb-scene-4539b907,side,B,directional_instance
288,cb_train-00000-of-00007_0301,CompBench,add,add a yellow and black duck with its head pointing to the lower left on the left side of the group of ducks,a yellow and black duck,train,/mnt/bn/strategy-mllm-train/user/tanyue/datasets/CompBench/data/train-00000-of-00007.parquet,301,6149becc/2/00126.png,cb-src-74734327d19f86e04b2c,cb-scene-6149becc,side,B,directional_instance
289,cb_train-00000-of-00007_0326,CompBench,add,add a similar airplane on the far right side of the lower airplane,a airplane,train,/mnt/bn/strategy-mllm-train/user/tanyue/datasets/CompBench/data/train-00000-of-00007.parquet,326,76303516/1/00012.png,cb-src-d79cad5b38d1669a606f,cb-scene-76303516,side,B,directional_instance
290,cb_train-00000-of-00007_0344,CompBench,add,add a white rabbit on the left side of the group of rabbits with its head facing the lower right corner,a white rabbit,train,/mnt/bn/strategy-mllm-train/user/tanyue/datasets/CompBench/data/train-00000-of-00007.parquet,344,7be91184/7/00022.png,cb-src-ac29d02aae7ead6ca41c,cb-scene-7be91184,side,B,directional_instance
291,cb_train-00000-of-00007_0349,CompBench,add,add a bird on the far left that is similar to other birds,a black and white bird,train,/mnt/bn/strategy-mllm-train/user/tanyue/datasets/CompBench/data/train-00000-of-00007.parquet,349,7c6d3504/0/00067.png,cb-src-34b7f50f90e9f8d724f1,cb-scene-7c6d3504,side,B,directional_instance
292,cb_train-00001-of-00007_0192,CompBench,add,add a white duck with its upper body exposed facing right on the lower right corner of the group of ducks,a white duck,train,/mnt/bn/strategy-mllm-train/user/tanyue/datasets/CompBench/data/train-00001-of-00007.parquet,192,994ed763/0/00038.png,cb-src-287c5095a5d688339b92,cb-scene-994ed763,side,B,directional_instance
293,cb_train-00001-of-00007_0209,CompBench,add,add a goldfish on the left side of the goldfish swimming from left to right with similar color but opposite direction,a red fish,train,/mnt/bn/strategy-mllm-train/user/tanyue/datasets/CompBench/data/train-00001-of-00007.parquet,209,9b5f0f47/3/00002.png,cb-src-edcc160e66b6416e71b3,cb-scene-9b5f0f47,side,B,directional_instance
294,cb_train-00001-of-00007_0250,CompBench,add,add a zebra on the left side of the lead zebra in the herd with its head towards the ground,two zebras,train,/mnt/bn/strategy-mllm-train/user/tanyue/datasets/CompBench/data/train-00001-of-00007.parquet,250,a3e85b4b/3/00020.png,cb-src-d9faa2c56f834019172e,cb-scene-a3e85b4b,side,B,directional_instance
295,cb_train-00001-of-00007_0314,CompBench,add,add a yellow dog on the right side of the group of dogs with its head facing left,a yellow dog,train,/mnt/bn/strategy-mllm-train/user/tanyue/datasets/CompBench/data/train-00001-of-00007.parquet,314,ac7deb19/1/00004.png,cb-src-8cf6473d5ef11eaba2f4,cb-scene-ac7deb19,side,B,directional_instance
296,cb_train-00001-of-00007_0328,CompBench,add,add a similar cat on the right side of the cat,a yellow cat,train,/mnt/bn/strategy-mllm-train/user/tanyue/datasets/CompBench/data/train-00001-of-00007.parquet,328,b12701b7/2/00012.png,cb-src-1451e76f89ff445b69b1,cb-scene-b12701b7,side,B,directional_instance
297,cb_train-00001-of-00007_0358,CompBench,add,add a black and white spotted dog with its head tilted on the right rear of the two dogs,a black and white dog,train,/mnt/bn/strategy-mllm-train/user/tanyue/datasets/CompBench/data/train-00001-of-00007.parquet,358,ba4b3b09/5/00024.png,cb-src-990ce40927b465f550f5,cb-scene-ba4b3b09,side,B,directional_instance
298,cb_train-00001-of-00007_0375,CompBench,add,add a bird similar to the one on the left of the bird,a pinkish flamingo,train,/mnt/bn/strategy-mllm-train/user/tanyue/datasets/CompBench/data/train-00001-of-00007.parquet,375,c30641cf/1/00024.png,cb-src-a03cd6d6b01cc1914afe,cb-scene-c30641cf,side,B,directional_instance
299,cb_train-00001-of-00007_0398,CompBench,add,add a large brown cow on the left side of the cow with the same direction,a white-faced yellow cow,train,/mnt/bn/strategy-mllm-train/user/tanyue/datasets/CompBench/data/train-00001-of-00007.parquet,398,c9351029/0/00007.png,cb-src-2c6c49efbc5bf9a9ab06,cb-scene-c9351029,side,B,directional_instance
300,cb_train-00001-of-00007_0401,CompBench,add,add a bird on the right with similar feather color to other birds and its head facing right,a green bird,train,/mnt/bn/strategy-mllm-train/user/tanyue/datasets/CompBench/data/train-00001-of-00007.parquet,401,ca74a924/1/00002.png,cb-src-2be3f12471d06df0c105,cb-scene-ca74a924,side,B,directional_instance
301,cb_train-00001-of-00007_0406,CompBench,add,add a black horse on the left side of the right horse that is similar in shape,a black horse,train,/mnt/bn/strategy-mllm-train/user/tanyue/datasets/CompBench/data/train-00001-of-00007.parquet,406,cb170015/1/00003.png,cb-src-8f9f9fe3077320162750,cb-scene-cb170015,side,B,directional_instance
302,cb_train-00001-of-00007_0409,CompBench,add,add a brown horse running in the same direction on the right side of the horse,a brown horse,train,/mnt/bn/strategy-mllm-train/user/tanyue/datasets/CompBench/data/train-00001-of-00007.parquet,409,cb8eedf4/0/00023.png,cb-src-bf8187e35a1c4c9e2b20,cb-scene-cb8eedf4,side,B,directional_instance
303,cb_train-00002-of-00007_0062,CompBench,add,add a fish on the right side of the left fish that is similar in size,a red fish,train,/mnt/bn/strategy-mllm-train/user/tanyue/datasets/CompBench/data/train-00002-of-00007.parquet,62,dc8679e0/0/00024.png,cb-src-b73577fc09513c7094ce,cb-scene-dc8679e0,side,B,directional_instance
304,cb_train-00002-of-00007_0067,CompBench,add,add a similar chicken on the right side of the bottom chicken,a yellow chicken,train,/mnt/bn/strategy-mllm-train/user/tanyue/datasets/CompBench/data/train-00002-of-00007.parquet,67,de2f2a6a/1/00111.png,cb-src-6f9ccab482ad8b7a5212,cb-scene-de2f2a6a,side,B,directional_instance
305,cb_train-00002-of-00007_0070,CompBench,add,add a zebra on the left side of the right zebra with similar fur and facing away,a zebra,train,/mnt/bn/strategy-mllm-train/user/tanyue/datasets/CompBench/data/train-00002-of-00007.parquet,70,e15e4de8/0/00062.png,cb-src-7e935f21f1f61784b094,cb-scene-e15e4de8,side,B,directional_instance
306,cb_train-00002-of-00007_0084,CompBench,add,add a black fish on the right side of the school of fish facing left,a black fish,train,/mnt/bn/strategy-mllm-train/user/tanyue/datasets/CompBench/data/train-00002-of-00007.parquet,84,e3dcd186/4/00039.png,cb-src-e3ba07c48928d4819e37,cb-scene-e3dcd186,side,B,directional_instance
307,cb_train-00002-of-00007_0087,CompBench,add,add a tiger on the upper side of the bottom tiger with similar fur and body facing right,a tiger,train,/mnt/bn/strategy-mllm-train/user/tanyue/datasets/CompBench/data/train-00002-of-00007.parquet,87,e5665030/1/00008.png,cb-src-0e33d163566b5b9c0b14,cb-scene-e5665030,side,B,directional_instance
308,cb_train-00002-of-00007_0116,CompBench,add,add an elephant on the left side of the left elephant facing left with a similar color,an elephant,train,/mnt/bn/strategy-mllm-train/user/tanyue/datasets/CompBench/data/train-00002-of-00007.parquet,116,efa25913/1/00089.png,cb-src-c09434d6844546cff836,cb-scene-efa25913,side,B,directional_instance
309,cb_train-00002-of-00007_0122,CompBench,add,add a panda hugging the tree on the left side of the two pandas in the tree,a panda,train,/mnt/bn/strategy-mllm-train/user/tanyue/datasets/CompBench/data/train-00002-of-00007.parquet,122,f5d2d8d3/0/00030.png,cb-src-8fbfd97da044f900d57d,cb-scene-f5d2d8d3,side,B,directional_instance
310,cb_train-00002-of-00007_0142,CompBench,add,add a bird on the left side of the bird with similar feather color facing left,a black bird,train,/mnt/bn/strategy-mllm-train/user/tanyue/datasets/CompBench/data/train-00002-of-00007.parquet,142,fdb2e432/1/00014.png,cb-src-50be60f62fb9b182f8e9,cb-scene-fdb2e432,side,B,directional_instance
311,cb_train-00002-of-00007_0244,CompBench,remove,remove the second zebra from the left leaning downwards,ground,train,/mnt/bn/strategy-mllm-train/user/tanyue/datasets/CompBench/data/train-00002-of-00007.parquet,244,12fdc864/3/00007.png,cb-src-11edc5a7e862e5aa69f4,cb-scene-12fdc864,ordinal,A,ordinal_instance
312,cb_train-00002-of-00007_0323,CompBench,remove,remove the duck in the upper right corner of the duck group,ground,train,/mnt/bn/strategy-mllm-train/user/tanyue/datasets/CompBench/data/train-00002-of-00007.parquet,323,1e95ef5e/0/00004.png,cb-src-219af1aaf93d187ddf09,cb-scene-1e95ef5e,side,B,directional_instance
313,cb_train-00002-of-00007_0363,CompBench,remove,remove the second sheep from the bottom,white yellow sheep and ground,train,/mnt/bn/strategy-mllm-train/user/tanyue/datasets/CompBench/data/train-00002-of-00007.parquet,363,25af2eeb/14/00031.png,cb-src-30163d8ff3c5e370aa8e,cb-scene-25af2eeb,ordinal,A,ordinal_instance
314,cb_train-00002-of-00007_0366,CompBench,remove,remove the third fish from the left,rock and yellow-bodied black-spotted fish,train,/mnt/bn/strategy-mllm-train/user/tanyue/datasets/CompBench/data/train-00002-of-00007.parquet,366,28191f94/3/00001.png,cb-src-e9290afb8c267ea59443,cb-scene-28191f94,ordinal,A,ordinal_instance
315,cb_train-00003-of-00007_0232,CompBench,remove,remove the second crane from the left,blue sky with white clouds,train,/mnt/bn/strategy-mllm-train/user/tanyue/datasets/CompBench/data/train-00003-of-00007.parquet,232,790285e8/3/00003.png,cb-src-45fb14dd7c8b6f2959f9,cb-scene-790285e8,ordinal,A,ordinal_instance
316,cb_train-00004-of-00007_0145,CompBench,remove,remove the brown duck in the upper right corner of the group of ducks,floor and walls,train,/mnt/bn/strategy-mllm-train/user/tanyue/datasets/CompBench/data/train-00004-of-00007.parquet,145,994ed763/1/00003.png,cb-src-a7f25105a767f7c11f0b,cb-scene-994ed763,side,B,directional_instance
317,cb_train-00004-of-00007_0214,CompBench,remove,remove the second zebra in the front,two zebras and muddy ground,train,/mnt/bn/strategy-mllm-train/user/tanyue/datasets/CompBench/data/train-00004-of-00007.parquet,214,a3e85b4b/2/00043.png,cb-src-7959a3309e24bbe6c7f8,cb-scene-a3e85b4b,ordinal,A,ordinal_instance
318,cb_train-00004-of-00007_0413,CompBench,remove,remove the second horse from the left,fence and ground,train,/mnt/bn/strategy-mllm-train/user/tanyue/datasets/CompBench/data/train-00004-of-00007.parquet,413,cb170015/0/00022.png,cb-src-0591afe676e0fcbc2c0b,cb-scene-cb170015,ordinal,A,ordinal_instance
319,cb_train-00005-of-00007_0006,CompBench,remove,remove the second airplane from the left,a gray airplane and blue sky,train,/mnt/bn/strategy-mllm-train/user/tanyue/datasets/CompBench/data/train-00005-of-00007.parquet,6,cbdbc6c3/0/00020.png,cb-src-c34c1af1dadddb0fcb12,cb-scene-cbdbc6c3,ordinal,A,ordinal_instance
320,cb_train-00005-of-00007_0274,CompBench,replace,replace the third giraffe from the right with background,a giraffe and the ground,train,/mnt/bn/strategy-mllm-train/user/tanyue/datasets/CompBench/data/train-00005-of-00007.parquet,274,405c6000/1/00001.png,cb-src-39e63120fb0b89f16704,cb-scene-405c6000,ordinal,A,ordinal_instance
321,cb_train-00006-of-00007_0282,CompBench,multi_object_add,add a small dog on the right of the dog on the upper right and a yellow dog on the left of the yellow dog,a dog|a yellow dog,train,/mnt/bn/strategy-mllm-train/user/tanyue/datasets/CompBench/data/train-00006-of-00007.parquet,282,251bf059_00028.png,cb-src-d1ee303c5934749c2ff9,cb-scene-251bf059,side,A,directional_instance|multiple_edit_targets
322,cb_train-00006-of-00007_0312,CompBench,multi_object_add,add a white rabbit on the left and a white rabbit on the upper right,a white rabbit|a white rabbit,train,/mnt/bn/strategy-mllm-train/user/tanyue/datasets/CompBench/data/train-00006-of-00007.parquet,312,91b754c5_00013.png,cb-src-901e1d3b8cbf83ab8ffe,cb-scene-91b754c5,side,A,directional_instance|multiple_edit_targets
323,cb_train-00006-of-00007_0333,CompBench,multi_object_add,add a monkey hanging on the rope on the upper right and a monkey standing on the wood on the bottom right,a monkey|a monkey,train,/mnt/bn/strategy-mllm-train/user/tanyue/datasets/CompBench/data/train-00006-of-00007.parquet,333,e1b7f212_00002.png,cb-src-9584bd33e7056e6c2165,cb-scene-e1b7f212,side,A,directional_instance|multiple_edit_targets
324,cb_train-00000-of-00007_0000,CompBench,add,add a gray fish on the leftmost with its head downward,a gray fish,train,/mnt/bn/strategy-mllm-train/user/tanyue/datasets/CompBench/data/train-00000-of-00007.parquet,0,001ca3cb/0/00003.png,cb-src-bbe591c86b31b2261276,cb-scene-001ca3cb,extreme,B,extreme_or_superlative_instance
325,cb_train-00000-of-00007_0067,CompBench,add,add a zebra on the rightmost side facing left,a zebra,train,/mnt/bn/strategy-mllm-train/user/tanyue/datasets/CompBench/data/train-00000-of-00007.parquet,67,12fdc864/0/00021.png,cb-src-5ceda370c3f8442980bb,cb-scene-12fdc864,extreme,B,extreme_or_superlative_instance
326,cb_train-00000-of-00007_0072,CompBench,add,add a large elephant facing left on the rightmost distant area,a large elephant facing left,train,/mnt/bn/strategy-mllm-train/user/tanyue/datasets/CompBench/data/train-00000-of-00007.parquet,72,14655f54/8/00072.png,cb-src-c6125e9ee6eb1e376fb3,cb-scene-14655f54,extreme,B,extreme_or_superlative_instance
327,cb_train-00000-of-00007_0127,CompBench,add,add a black-headed white sheep on the leftmost,a black-headed white sheep,train,/mnt/bn/strategy-mllm-train/user/tanyue/datasets/CompBench/data/train-00000-of-00007.parquet,127,1e75004d/4/00045.png,cb-src-12bc1a124b990645a692,cb-scene-1e75004d,extreme,B,extreme_or_superlative_instance
328,cb_train-00000-of-00007_0136,CompBench,add,add a yellow dog on the rightmost side with its body facing left,a yellow dog,train,/mnt/bn/strategy-mllm-train/user/tanyue/datasets/CompBench/data/train-00000-of-00007.parquet,136,1fc5e086/1/00052.png,cb-src-a86ea339c89fad2ddbac,cb-scene-1fc5e086,extreme,B,extreme_or_superlative_instance
329,cb_train-00000-of-00007_0231,CompBench,add,add a zebra on the rightmost side,a zebra,train,/mnt/bn/strategy-mllm-train/user/tanyue/datasets/CompBench/data/train-00000-of-00007.parquet,231,3b19c5c3/1/00071.png,cb-src-2ef3941b0b34f8b68d4b,cb-scene-3b19c5c3,extreme,B,extreme_or_superlative_instance
330,cb_train-00000-of-00007_0238,CompBench,add,add a long-necked giraffe on the rightmost,a giraffe,train,/mnt/bn/strategy-mllm-train/user/tanyue/datasets/CompBench/data/train-00000-of-00007.parquet,238,405c6000/0/00002.png,cb-src-b2f63247589130279663,cb-scene-405c6000,extreme,B,extreme_or_superlative_instance
331,cb_train-00000-of-00007_0275,CompBench,add,add a yellow chicken on the rightmost with its head facing left,a yellow chicken,train,/mnt/bn/strategy-mllm-train/user/tanyue/datasets/CompBench/data/train-00000-of-00007.parquet,275,57014c7d/2/00073.png,cb-src-e124e302ddd059329b53,cb-scene-57014c7d,extreme,B,extreme_or_superlative_instance
332,cb_train-00000-of-00007_0276,CompBench,add,add a yellow chicken on the rightmost with its head facing left,a yellow chicken,train,/mnt/bn/strategy-mllm-train/user/tanyue/datasets/CompBench/data/train-00000-of-00007.parquet,276,57f3a53e/0/00001.png,cb-src-72bc92bcfc5daa560640,cb-scene-57f3a53e,extreme,B,extreme_or_superlative_instance
333,cb_train-00000-of-00007_0287,CompBench,add,add a yellow dog on the leftmost with its back facing and showing its butt,a yellow dog's rear part,train,/mnt/bn/strategy-mllm-train/user/tanyue/datasets/CompBench/data/train-00000-of-00007.parquet,287,5ba84e3f/0/00071.png,cb-src-8b694f2ea40f440626c4,cb-scene-5ba84e3f,extreme,B,extreme_or_superlative_instance
334,cb_train-00000-of-00007_0294,CompBench,add,add a yellow chicken on the rightmost,a yellow chicken,train,/mnt/bn/strategy-mllm-train/user/tanyue/datasets/CompBench/data/train-00000-of-00007.parquet,294,5f54d077/0/00012.png,cb-src-f82bec381cb206ad148d,cb-scene-5f54d077,extreme,B,extreme_or_superlative_instance
335,cb_train-00000-of-00007_0306,CompBench,add,add a brown monkey on the rightmost,a brown monkey,train,/mnt/bn/strategy-mllm-train/user/tanyue/datasets/CompBench/data/train-00000-of-00007.parquet,306,62132822/3/00023.png,cb-src-9128c2ea4e3461c26512,cb-scene-62132822,extreme,B,extreme_or_superlative_instance
336,cb_train-00000-of-00007_0314,CompBench,add,add a white sheep on the rightmost side with its body facing left,a white sheep,train,/mnt/bn/strategy-mllm-train/user/tanyue/datasets/CompBench/data/train-00000-of-00007.parquet,314,6ff85ca5/1/00002.png,cb-src-85a731e1886cba416c32,cb-scene-6ff85ca5,extreme,B,extreme_or_superlative_instance
337,cb_train-00000-of-00007_0327,CompBench,add,add a plane on the rightmost side with its nose pointing to the fueling rod,a plane,train,/mnt/bn/strategy-mllm-train/user/tanyue/datasets/CompBench/data/train-00000-of-00007.parquet,327,76303516/1/00021.png,cb-src-6889f476a34dd8684c93,cb-scene-76303516,extreme,B,extreme_or_superlative_instance
338,cb_train-00000-of-00007_0353,CompBench,add,add a white sheep with a black head facing left on the rightmost,two white sheep,train,/mnt/bn/strategy-mllm-train/user/tanyue/datasets/CompBench/data/train-00000-of-00007.parquet,353,7c78e351/1/00010.png,cb-src-ead22cfbdb3c37778536,cb-scene-7c78e351,extreme,B,extreme_or_superlative_instance
339,cb_train-00001-of-00007_0208,CompBench,add,add a golden fish swimming towards the water surface directly above the blue fish,a golden fish,train,/mnt/bn/strategy-mllm-train/user/tanyue/datasets/CompBench/data/train-00001-of-00007.parquet,208,9b5f0f47/2/00014.png,cb-src-261acd3dc4d4a4026269,cb-scene-9b5f0f47,relative,B,relative_to_neighbor
340,cb_train-00001-of-00007_0292,CompBench,add,add a small zebra with its head facing right and its front towards the front on the rightmost,a zebra,train,/mnt/bn/strategy-mllm-train/user/tanyue/datasets/CompBench/data/train-00001-of-00007.parquet,292,aa348c45/1/00003.png,cb-src-78cb6c50ae671a25ae61,cb-scene-aa348c45,extreme,B,extreme_or_superlative_instance
341,cb_train-00001-of-00007_0316,CompBench,add,add a yellow dog on the rightmost side with its body facing left,a yellow dog,train,/mnt/bn/strategy-mllm-train/user/tanyue/datasets/CompBench/data/train-00001-of-00007.parquet,316,ac7deb19/1/00019.png,cb-src-e632f7fecb898111c473,cb-scene-ac7deb19,extreme,B,extreme_or_superlative_instance
342,cb_train-00002-of-00007_0035,CompBench,add,add a person wearing blue clothes behind the child in green shirt in the same direction,a child in blue clothes and a child in green and white clothes,train,/mnt/bn/strategy-mllm-train/user/tanyue/datasets/CompBench/data/train-00002-of-00007.parquet,35,d0696759/2/00030.png,cb-src-a44893820df7ea9894a0,cb-scene-d0696759,relative,B,relative_to_neighbor
343,cb_train-00002-of-00007_0112,CompBench,add,add a white bird on the rightmost side with its body facing right,a white bird,train,/mnt/bn/strategy-mllm-train/user/tanyue/datasets/CompBench/data/train-00002-of-00007.parquet,112,ee91f783/0/00014.png,cb-src-5443c55c8c99426d653f,cb-scene-ee91f783,extreme,B,extreme_or_superlative_instance
344,cb_train-00002-of-00007_0118,CompBench,add,add a yellow chicken on the rightmost side with its body facing right,a yellow chicken,train,/mnt/bn/strategy-mllm-train/user/tanyue/datasets/CompBench/data/train-00002-of-00007.parquet,118,f169fd1b/0/00001.png,cb-src-d4dc29914f786f639903,cb-scene-f169fd1b,extreme,B,extreme_or_superlative_instance
345,cb_train-00002-of-00007_0136,CompBench,add,add a brown and white cat on the leftmost yellow chair,a brown and white cat,train,/mnt/bn/strategy-mllm-train/user/tanyue/datasets/CompBench/data/train-00002-of-00007.parquet,136,fa95a6a2/0/00008.png,cb-src-c52bce77c21cfeb38074,cb-scene-fa95a6a2,extreme,B,extreme_or_superlative_instance
346,cb_train-00002-of-00007_0155,CompBench,remove,remove the leftmost fish,transparent fish tank wall,train,/mnt/bn/strategy-mllm-train/user/tanyue/datasets/CompBench/data/train-00002-of-00007.parquet,155,001ca3cb/0/00026.png,cb-src-8005105b6491b1649301,cb-scene-001ca3cb,extreme,B,extreme_or_superlative_instance
347,cb_train-00002-of-00007_0184,CompBench,remove,remove the leftmost white-clad person,green grass and a person in red clothes,train,/mnt/bn/strategy-mllm-train/user/tanyue/datasets/CompBench/data/train-00002-of-00007.parquet,184,0442a954/1/00028.png,cb-src-8e60bef94bffb84076f8,cb-scene-0442a954,extreme,B,extreme_or_superlative_instance
348,cb_train-00002-of-00007_0186,CompBench,remove,remove the rightmost tiger,muddy ground,train,/mnt/bn/strategy-mllm-train/user/tanyue/datasets/CompBench/data/train-00002-of-00007.parquet,186,05ed1023/0/00003.png,cb-src-b43d945b448612cdb6cf,cb-scene-05ed1023,extreme,B,extreme_or_superlative_instance
349,cb_train-00002-of-00007_0202,CompBench,remove,remove the rightmost rabbit,black and white rabbit with wall decoration,train,/mnt/bn/strategy-mllm-train/user/tanyue/datasets/CompBench/data/train-00002-of-00007.parquet,202,0d4feda2/0/00004.png,cb-src-171759559ea8ef80e4c7,cb-scene-0d4feda2,extreme,B,extreme_or_superlative_instance
350,cb_train-00002-of-00007_0204,CompBench,remove,remove the rabbit on the uppermost,wall and net,train,/mnt/bn/strategy-mllm-train/user/tanyue/datasets/CompBench/data/train-00002-of-00007.parquet,204,0e7001dd/1/00027.png,cb-src-3fb74b85077334eae8c8,cb-scene-0e7001dd,extreme,B,extreme_or_superlative_instance
351,cb_train-00002-of-00007_0206,CompBench,remove,remove the rightmost zebra,trees and fence,train,/mnt/bn/strategy-mllm-train/user/tanyue/datasets/CompBench/data/train-00002-of-00007.parquet,206,111e0a5c/0/00007.png,cb-src-11d91fa2dc1c2c95d926,cb-scene-111e0a5c,extreme,B,extreme_or_superlative_instance
352,cb_train-00002-of-00007_0216,CompBench,remove,remove the person on the rightmost,a white boat and water surface,train,/mnt/bn/strategy-mllm-train/user/tanyue/datasets/CompBench/data/train-00002-of-00007.parquet,216,1143b3fe/0/00011.png,cb-src-231e7f32dc869d1375da,cb-scene-1143b3fe,extreme,B,extreme_or_superlative_instance
353,cb_train-00002-of-00007_0238,CompBench,remove,remove the leftmost boat,sea surface,train,/mnt/bn/strategy-mllm-train/user/tanyue/datasets/CompBench/data/train-00002-of-00007.parquet,238,1291276c/1/00006.png,cb-src-e6472ee1fb23e0e73eb3,cb-scene-1291276c,extreme,B,extreme_or_superlative_instance
354,cb_train-00002-of-00007_0246,CompBench,remove,remove the leftmost elephant,grassland,train,/mnt/bn/strategy-mllm-train/user/tanyue/datasets/CompBench/data/train-00002-of-00007.parquet,246,132561ee/0/00000.png,cb-src-9ef4875e6893ead003b6,cb-scene-132561ee,extreme,B,extreme_or_superlative_instance
355,cb_train-00002-of-00007_0247,CompBench,remove,remove the leftmost elephant,forest and grassland,train,/mnt/bn/strategy-mllm-train/user/tanyue/datasets/CompBench/data/train-00002-of-00007.parquet,247,14655f54/4/00110.png,cb-src-15833f4ddd6dec765baf,cb-scene-14655f54,extreme,B,extreme_or_superlative_instance
356,cb_train-00002-of-00007_0248,CompBench,remove,remove the rightmost elephant,ground and trees,train,/mnt/bn/strategy-mllm-train/user/tanyue/datasets/CompBench/data/train-00002-of-00007.parquet,248,14655f54/5/00109.png,cb-src-d7269a5a35edc8c3028b,cb-scene-14655f54,extreme,B,extreme_or_superlative_instance
357,cb_train-00002-of-00007_0249,CompBench,remove,remove the elephant on the rightmost,ground and trees,train,/mnt/bn/strategy-mllm-train/user/tanyue/datasets/CompBench/data/train-00002-of-00007.parquet,249,14655f54/8/00062.png,cb-src-a0f49812db8ac9f45bcd,cb-scene-14655f54,extreme,B,extreme_or_superlative_instance
358,cb_train-00002-of-00007_0250,CompBench,remove,remove the leftmost person,road and fence,train,/mnt/bn/strategy-mllm-train/user/tanyue/datasets/CompBench/data/train-00002-of-00007.parquet,250,15e9161e/0/00007.png,cb-src-961f13fb8f83fda7efb3,cb-scene-15e9161e,extreme,B,extreme_or_superlative_instance
359,cb_train-00002-of-00007_0288,CompBench,remove,remove the duck on the uppermost,green water surface,train,/mnt/bn/strategy-mllm-train/user/tanyue/datasets/CompBench/data/train-00002-of-00007.parquet,288,1dba51af/4/00018.png,cb-src-d68b4a48852d41b4db6e,cb-scene-1dba51af,extreme,B,extreme_or_superlative_instance
360,cb_train-00002-of-00007_0290,CompBench,remove,remove the leftmost turtle,blue water,train,/mnt/bn/strategy-mllm-train/user/tanyue/datasets/CompBench/data/train-00002-of-00007.parquet,290,1dc0c9a0/0/00016.png,cb-src-3bd421bd74e06ae6170a,cb-scene-1dc0c9a0,extreme,B,extreme_or_superlative_instance
361,cb_train-00002-of-00007_0291,CompBench,remove,remove the bottommost turtle,blue water,train,/mnt/bn/strategy-mllm-train/user/tanyue/datasets/CompBench/data/train-00002-of-00007.parquet,291,1dc0c9a0/1/00016.png,cb-src-2341a66126b4abf2895b,cb-scene-1dc0c9a0,extreme,B,extreme_or_superlative_instance
362,cb_train-00002-of-00007_0315,CompBench,remove,remove the rightmost sheep,white sheep and ground,train,/mnt/bn/strategy-mllm-train/user/tanyue/datasets/CompBench/data/train-00002-of-00007.parquet,315,1e75004d/0/00001.png,cb-src-0be9d9aedb158f326513,cb-scene-1e75004d,extreme,B,extreme_or_superlative_instance
363,cb_train-00002-of-00007_0334,CompBench,remove,remove the rightmost dog,grassland,train,/mnt/bn/strategy-mllm-train/user/tanyue/datasets/CompBench/data/train-00002-of-00007.parquet,334,1fc5e086/1/00053.png,cb-src-c769523bcd2a714b6830,cb-scene-1fc5e086,extreme,B,extreme_or_superlative_instance
364,cb_train-00002-of-00007_0337,CompBench,remove,remove the rightmost car,road and green belt,train,/mnt/bn/strategy-mllm-train/user/tanyue/datasets/CompBench/data/train-00002-of-00007.parquet,337,2080824a/0/00005.png,cb-src-c53d87c1eb20e5e6d80b,cb-scene-2080824a,extreme,B,extreme_or_superlative_instance
365,cb_train-00002-of-00007_0339,CompBench,remove,remove the rightmost sheep,two white sheep and a wall,train,/mnt/bn/strategy-mllm-train/user/tanyue/datasets/CompBench/data/train-00002-of-00007.parquet,339,214aeac3/0/00148.png,cb-src-1c217127e569755b70d3,cb-scene-214aeac3,extreme,B,extreme_or_superlative_instance
366,cb_train-00002-of-00007_0362,CompBench,remove,remove the rightmost sheep,ground,train,/mnt/bn/strategy-mllm-train/user/tanyue/datasets/CompBench/data/train-00002-of-00007.parquet,362,25af2eeb/12/00011.png,cb-src-582fb3b6587840add414,cb-scene-25af2eeb,extreme,B,extreme_or_superlative_instance
367,cb_train-00002-of-00007_0368,CompBench,remove,remove the leftmost fish,transparent fish tank inner wall,train,/mnt/bn/strategy-mllm-train/user/tanyue/datasets/CompBench/data/train-00002-of-00007.parquet,368,294e7bf8/0/00029.png,cb-src-1656a9bb3889072db741,cb-scene-294e7bf8,extreme,B,extreme_or_superlative_instance
368,cb_train-00002-of-00007_0380,CompBench,remove,remove the leftmost cow,sky and tree branches,train,/mnt/bn/strategy-mllm-train/user/tanyue/datasets/CompBench/data/train-00002-of-00007.parquet,380,2af0e766/1/00027.png,cb-src-94dbd940faa6017bf275,cb-scene-2af0e766,extreme,B,extreme_or_superlative_instance
369,cb_train-00002-of-00007_0382,CompBench,remove,remove the rightmost bird,yellow ground,train,/mnt/bn/strategy-mllm-train/user/tanyue/datasets/CompBench/data/train-00002-of-00007.parquet,382,2b0e34d3/1/00039.png,cb-src-96c6b967e4529aded897,cb-scene-2b0e34d3,extreme,B,extreme_or_superlative_instance
370,cb_train-00002-of-00007_0386,CompBench,remove,remove the leftmost monkey,monkey and ground,train,/mnt/bn/strategy-mllm-train/user/tanyue/datasets/CompBench/data/train-00002-of-00007.parquet,386,2bc0bba4/0/00009.png,cb-src-cb5cd8ad78501db4a6e6,cb-scene-2bc0bba4,extreme,B,extreme_or_superlative_instance
371,cb_train-00002-of-00007_0408,CompBench,remove,remove the rightmost bear,ground and green plants,train,/mnt/bn/strategy-mllm-train/user/tanyue/datasets/CompBench/data/train-00002-of-00007.parquet,408,316931f8/0/00026.png,cb-src-7de2c10fdf20efde41ba,cb-scene-316931f8,extreme,B,extreme_or_superlative_instance
372,cb_train-00003-of-00007_0002,CompBench,remove,remove the rightmost horse,green grassland,train,/mnt/bn/strategy-mllm-train/user/tanyue/datasets/CompBench/data/train-00003-of-00007.parquet,2,31b09833/2/00043.png,cb-src-41b9f71f1869c52e88bc,cb-scene-31b09833,extreme,B,extreme_or_superlative_instance
373,cb_train-00003-of-00007_0026,CompBench,remove,remove the rightmost monkey on the wooden boat,wooden boat,train,/mnt/bn/strategy-mllm-train/user/tanyue/datasets/CompBench/data/train-00003-of-00007.parquet,26,34504f63/4/00020.png,cb-src-5e4245315b235a316252,cb-scene-34504f63,extreme,B,extreme_or_superlative_instance
374,cb_train-00003-of-00007_0029,CompBench,remove,remove the person on the leftmost,black store front,train,/mnt/bn/strategy-mllm-train/user/tanyue/datasets/CompBench/data/train-00003-of-00007.parquet,29,34a5f964/1/00028.png,cb-src-2214d1ac4f0847f6fd6a,cb-scene-34a5f964,extreme,B,extreme_or_superlative_instance
375,cb_train-00003-of-00007_0030,CompBench,remove,remove the leftmost person,black storefront,train,/mnt/bn/strategy-mllm-train/user/tanyue/datasets/CompBench/data/train-00003-of-00007.parquet,30,34a5f964/1/00060.png,cb-src-611c26e74e6f9c53089f,cb-scene-34a5f964,extreme,B,extreme_or_superlative_instance
376,cb_train-00003-of-00007_0032,CompBench,remove,remove the rightmost bear,grassland,train,/mnt/bn/strategy-mllm-train/user/tanyue/datasets/CompBench/data/train-00003-of-00007.parquet,32,34ccea00/0/00005.png,cb-src-8951a6cb58bf27098b16,cb-scene-34ccea00,extreme,B,extreme_or_superlative_instance
377,cb_train-00003-of-00007_0052,CompBench,remove,remove the leftmost duck,ground and a black chicken,train,/mnt/bn/strategy-mllm-train/user/tanyue/datasets/CompBench/data/train-00003-of-00007.parquet,52,37af9ac1/0/00203.png,cb-src-001d444e24c1322bf91f,cb-scene-37af9ac1,extreme,B,extreme_or_superlative_instance
378,cb_train-00003-of-00007_0063,CompBench,remove,remove the leftmost zebra,green grassland and a zebra,train,/mnt/bn/strategy-mllm-train/user/tanyue/datasets/CompBench/data/train-00003-of-00007.parquet,63,3b19c5c3/3/00014.png,cb-src-ec180a5bb8bb0f33b28c,cb-scene-3b19c5c3,extreme,B,extreme_or_superlative_instance
379,cb_train-00003-of-00007_0070,CompBench,remove,remove the leftmost dog,ground,train,/mnt/bn/strategy-mllm-train/user/tanyue/datasets/CompBench/data/train-00003-of-00007.parquet,70,3e5ad020/0/00016.png,cb-src-635a008ace65287938c2,cb-scene-3e5ad020,extreme,B,extreme_or_superlative_instance
380,cb_train-00003-of-00007_0071,CompBench,remove,remove the rightmost rabbit,ground,train,/mnt/bn/strategy-mllm-train/user/tanyue/datasets/CompBench/data/train-00003-of-00007.parquet,71,3f09f5c9/0/00036.png,cb-src-9b4125c864d228956872,cb-scene-3f09f5c9,extreme,B,extreme_or_superlative_instance
381,cb_train-00003-of-00007_0073,CompBench,remove,remove the rightmost giraffe,ground and bushes,train,/mnt/bn/strategy-mllm-train/user/tanyue/datasets/CompBench/data/train-00003-of-00007.parquet,73,405c6000/0/00001.png,cb-src-39e63120fb0b89f16704,cb-scene-405c6000,extreme,B,extreme_or_superlative_instance
382,cb_train-00003-of-00007_0075,CompBench,remove,remove the rightmost airplane,sky,train,/mnt/bn/strategy-mllm-train/user/tanyue/datasets/CompBench/data/train-00003-of-00007.parquet,75,41dae436/1/00004.png,cb-src-97f0a031ede306cd81ac,cb-scene-41dae436,extreme,B,extreme_or_superlative_instance
383,cb_train-00003-of-00007_0076,CompBench,remove,remove the leftmost chicken,ground,train,/mnt/bn/strategy-mllm-train/user/tanyue/datasets/CompBench/data/train-00003-of-00007.parquet,76,42ff84a5/1/00000.png,cb-src-b761bcfc6cda801abac4,cb-scene-42ff84a5,extreme,B,extreme_or_superlative_instance
384,cb_train-00003-of-00007_0081,CompBench,remove,remove the rightmost black rabbit,blue pool,train,/mnt/bn/strategy-mllm-train/user/tanyue/datasets/CompBench/data/train-00003-of-00007.parquet,81,4385b2c4/2/00045.png,cb-src-007504c0fd0d89efb880,cb-scene-4385b2c4,extreme,B,extreme_or_superlative_instance
385,cb_train-00003-of-00007_0082,CompBench,remove,remove the white rabbit on the rightmost,blue pool,train,/mnt/bn/strategy-mllm-train/user/tanyue/datasets/CompBench/data/train-00003-of-00007.parquet,82,4385b2c4/4/00001.png,cb-src-0cc8245995e9a4e65170,cb-scene-4385b2c4,extreme,B,extreme_or_superlative_instance
386,cb_train-00003-of-00007_0083,CompBench,remove,remove the white rabbit on the rightmost,blue pool,train,/mnt/bn/strategy-mllm-train/user/tanyue/datasets/CompBench/data/train-00003-of-00007.parquet,83,4385b2c4/4/00005.png,cb-src-162396b758731e8bd39b,cb-scene-4385b2c4,extreme,B,extreme_or_superlative_instance
387,cb_train-00003-of-00007_0086,CompBench,remove,remove the leftmost dog,muddy ground,train,/mnt/bn/strategy-mllm-train/user/tanyue/datasets/CompBench/data/train-00003-of-00007.parquet,86,4539b907/0/00007.png,cb-src-c0c91951e48cbb9999b9,cb-scene-4539b907,extreme,B,extreme_or_superlative_instance
388,cb_train-00003-of-00007_0087,CompBench,remove,remove the rightmost dog,muddy ground,train,/mnt/bn/strategy-mllm-train/user/tanyue/datasets/CompBench/data/train-00003-of-00007.parquet,87,4539b907/1/00000.png,cb-src-483b2513636d206ed71d,cb-scene-4539b907,extreme,B,extreme_or_superlative_instance
389,cb_train-00003-of-00007_0088,CompBench,remove,remove the rightmost dog,muddy ground,train,/mnt/bn/strategy-mllm-train/user/tanyue/datasets/CompBench/data/train-00003-of-00007.parquet,88,4539b907/1/00004.png,cb-src-0985f78b1e88389274e2,cb-scene-4539b907,extreme,B,extreme_or_superlative_instance
390,cb_train-00003-of-00007_0092,CompBench,remove,remove the leftmost person,building exterior and trees,train,/mnt/bn/strategy-mllm-train/user/tanyue/datasets/CompBench/data/train-00003-of-00007.parquet,92,46a502de/0/00004.png,cb-src-2a09a402ec01d9089aa8,cb-scene-46a502de,extreme,B,extreme_or_superlative_instance
391,cb_train-00003-of-00007_0095,CompBench,remove,remove the leftmost dog,green grass and ground,train,/mnt/bn/strategy-mllm-train/user/tanyue/datasets/CompBench/data/train-00003-of-00007.parquet,95,46d140ea/0/00074.png,cb-src-ad53ee7ff842a16a19a9,cb-scene-46d140ea,extreme,B,extreme_or_superlative_instance
392,cb_train-00003-of-00007_0119,CompBench,remove,remove the leftmost tiger,a tiger and the ground,train,/mnt/bn/strategy-mllm-train/user/tanyue/datasets/CompBench/data/train-00003-of-00007.parquet,119,4c83eab8/0/00003.png,cb-src-d3ce6a63ac8ac252a2d8,cb-scene-4c83eab8,extreme,B,extreme_or_superlative_instance
393,cb_train-00003-of-00007_0123,CompBench,remove,remove the leftmost chicken,ground and bamboo cage,train,/mnt/bn/strategy-mllm-train/user/tanyue/datasets/CompBench/data/train-00003-of-00007.parquet,123,52ddf44c/0/00039.png,cb-src-d749b8126e9927c9aace,cb-scene-52ddf44c,extreme,B,extreme_or_superlative_instance
394,cb_train-00003-of-00007_0132,CompBench,remove,remove the white goose on the rightmost,grassland with weeds,train,/mnt/bn/strategy-mllm-train/user/tanyue/datasets/CompBench/data/train-00003-of-00007.parquet,132,57014c7d/2/00064.png,cb-src-05893d92c485ba01fffc,cb-scene-57014c7d,extreme,B,extreme_or_superlative_instance
395,cb_train-00003-of-00007_0133,CompBench,remove,remove the rightmost chicken,muddy ground and pole,train,/mnt/bn/strategy-mllm-train/user/tanyue/datasets/CompBench/data/train-00003-of-00007.parquet,133,57f3a53e/0/00000.png,cb-src-bfe07c880242ebcc5e32,cb-scene-57f3a53e,extreme,B,extreme_or_superlative_instance
396,cb_train-00003-of-00007_0142,CompBench,remove,remove the leftmost giraffe,ground,train,/mnt/bn/strategy-mllm-train/user/tanyue/datasets/CompBench/data/train-00003-of-00007.parquet,142,5984ed74/0/00016.png,cb-src-e8011fc4604065dc8d20,cb-scene-5984ed74,extreme,B,extreme_or_superlative_instance
397,cb_train-00003-of-00007_0145,CompBench,remove,remove the white cat on the rightmost,green grass and cage,train,/mnt/bn/strategy-mllm-train/user/tanyue/datasets/CompBench/data/train-00003-of-00007.parquet,145,59992293/5/00005.png,cb-src-eda36bf20525112b5f58,cb-scene-59992293,extreme,B,extreme_or_superlative_instance
398,cb_train-00003-of-00007_0156,CompBench,remove,remove the rightmost dog,trunk of the car,train,/mnt/bn/strategy-mllm-train/user/tanyue/datasets/CompBench/data/train-00003-of-00007.parquet,156,5ba84e3f/1/00003.png,cb-src-7ab77154fc8c86c04de3,cb-scene-5ba84e3f,extreme,B,extreme_or_superlative_instance
399,cb_train-00003-of-00007_0163,CompBench,remove,remove the chicken on the rightmost,ground,train,/mnt/bn/strategy-mllm-train/user/tanyue/datasets/CompBench/data/train-00003-of-00007.parquet,163,5f54d077/0/00008.png,cb-src-6d34e9f458fe8359e967,cb-scene-5f54d077,extreme,B,extreme_or_superlative_instance
400,cb_train-00003-of-00007_0164,CompBench,remove,remove the rightmost chicken,ground,train,/mnt/bn/strategy-mllm-train/user/tanyue/datasets/CompBench/data/train-00003-of-00007.parquet,164,5f54d077/0/00031.png,cb-src-bf8d9403fad175bad45c,cb-scene-5f54d077,extreme,B,extreme_or_superlative_instance
401,cb_train-00003-of-00007_0169,CompBench,remove,remove the leftmost pigeon,ground,train,/mnt/bn/strategy-mllm-train/user/tanyue/datasets/CompBench/data/train-00003-of-00007.parquet,169,60827ada/0/00000.png,cb-src-fbeae1f8e1d4ffe26fbe,cb-scene-60827ada,extreme,B,extreme_or_superlative_instance
402,cb_train-00003-of-00007_0170,CompBench,remove,remove the leftmost black pigeon,floor and blue basin,train,/mnt/bn/strategy-mllm-train/user/tanyue/datasets/CompBench/data/train-00003-of-00007.parquet,170,60827ada/1/00001.png,cb-src-ca4600f2188644e6f6c7,cb-scene-60827ada,extreme,B,extreme_or_superlative_instance
403,cb_train-00003-of-00007_0174,CompBench,remove,remove the rightmost zebra,zebra and yellow grassland,train,/mnt/bn/strategy-mllm-train/user/tanyue/datasets/CompBench/data/train-00003-of-00007.parquet,174,616ad8ec/0/00001.png,cb-src-b3dda5fed2f8c4ab2323,cb-scene-616ad8ec,extreme,B,extreme_or_superlative_instance
404,cb_train-00003-of-00007_0180,CompBench,remove,remove the rightmost person,floor and wall,train,/mnt/bn/strategy-mllm-train/user/tanyue/datasets/CompBench/data/train-00003-of-00007.parquet,180,61d80e22/0/00020.png,cb-src-b86294e36631fcd3adbb,cb-scene-61d80e22,extreme,B,extreme_or_superlative_instance
405,cb_train-00003-of-00007_0182,CompBench,remove,remove the rightmost monkey,ground,train,/mnt/bn/strategy-mllm-train/user/tanyue/datasets/CompBench/data/train-00003-of-00007.parquet,182,62132822/3/00014.png,cb-src-fc669d67af9e160e4687,cb-scene-62132822,extreme,B,extreme_or_superlative_instance
406,cb_train-00003-of-00007_0184,CompBench,remove,remove the leftmost fish,stone and tank wall,train,/mnt/bn/strategy-mllm-train/user/tanyue/datasets/CompBench/data/train-00003-of-00007.parquet,184,62372d4c/1/00071.png,cb-src-c6124ed08a5d1e4c8593,cb-scene-62372d4c,extreme,B,extreme_or_superlative_instance
407,cb_train-00003-of-00007_0187,CompBench,remove,remove the car on the uppermost,floor and glass,train,/mnt/bn/strategy-mllm-train/user/tanyue/datasets/CompBench/data/train-00003-of-00007.parquet,187,64044df1/4/00017.png,cb-src-45620d6f0f56ff7af897,cb-scene-64044df1,extreme,B,extreme_or_superlative_instance
408,cb_train-00003-of-00007_0199,CompBench,remove,remove the rightmost sheep,yellow grassland,train,/mnt/bn/strategy-mllm-train/user/tanyue/datasets/CompBench/data/train-00003-of-00007.parquet,199,6ff85ca5/1/00000.png,cb-src-b5da14b7a0925e4100cf,cb-scene-6ff85ca5,extreme,B,extreme_or_superlative_instance
409,cb_train-00003-of-00007_0219,CompBench,remove,remove the rightmost cow,ground,train,/mnt/bn/strategy-mllm-train/user/tanyue/datasets/CompBench/data/train-00003-of-00007.parquet,219,77110e80/3/00051.png,cb-src-c21778b4a9b8dfda644c,cb-scene-77110e80,extreme,B,extreme_or_superlative_instance
410,cb_train-00003-of-00007_0224,CompBench,remove,remove the leftmost black dog,ground and grass,train,/mnt/bn/strategy-mllm-train/user/tanyue/datasets/CompBench/data/train-00003-of-00007.parquet,224,780e7a99/5/00023.png,cb-src-ef6288929f6486f89ad5,cb-scene-780e7a99,extreme,B,extreme_or_superlative_instance
411,cb_train-00003-of-00007_0243,CompBench,remove,remove the rightmost rabbit,ground,train,/mnt/bn/strategy-mllm-train/user/tanyue/datasets/CompBench/data/train-00003-of-00007.parquet,243,7be91184/4/00000.png,cb-src-5f5945c3a1458ff142f8,cb-scene-7be91184,extreme,B,extreme_or_superlative_instance
412,cb_train-00003-of-00007_0257,CompBench,remove,remove the rightmost sheep,a white sheep and snowy ground,train,/mnt/bn/strategy-mllm-train/user/tanyue/datasets/CompBench/data/train-00003-of-00007.parquet,257,7c78e351/1/00002.png,cb-src-8ded778dd9058fc56000,cb-scene-7c78e351,extreme,B,extreme_or_superlative_instance
413,cb_train-00003-of-00007_0271,CompBench,remove,remove the rightmost elephant,grass and sky,train,/mnt/bn/strategy-mllm-train/user/tanyue/datasets/CompBench/data/train-00003-of-00007.parquet,271,7edd8b4f/0/00000.png,cb-src-1b8ebe53ac84d1a928a4,cb-scene-7edd8b4f,extreme,B,extreme_or_superlative_instance
414,cb_train-00003-of-00007_0276,CompBench,remove,remove the leftmost zebra,green grass and shrubs,train,/mnt/bn/strategy-mllm-train/user/tanyue/datasets/CompBench/data/train-00003-of-00007.parquet,276,7fe2bf77/1/00047.png,cb-src-d2b3cf89ce5fa703969c,cb-scene-7fe2bf77,extreme,B,extreme_or_superlative_instance
415,cb_train-00003-of-00007_0296,CompBench,remove,remove the rightmost tiger,glass and floor,train,/mnt/bn/strategy-mllm-train/user/tanyue/datasets/CompBench/data/train-00003-of-00007.parquet,296,80fb79c6/0/00080.png,cb-src-80c8959e1b9120b90958,cb-scene-80fb79c6,extreme,B,extreme_or_superlative_instance
416,cb_train-00003-of-00007_0316,CompBench,remove,remove the leftmost monkey,wall and floor,train,/mnt/bn/strategy-mllm-train/user/tanyue/datasets/CompBench/data/train-00003-of-00007.parquet,316,83b7c53c/1/00038.png,cb-src-f536397226a83a925348,cb-scene-83b7c53c,extreme,B,extreme_or_superlative_instance
417,cb_train-00003-of-00007_0318,CompBench,remove,remove the leftmost monkey,rocks and iron fence,train,/mnt/bn/strategy-mllm-train/user/tanyue/datasets/CompBench/data/train-00003-of-00007.parquet,318,83b7c53c/3/00029.png,cb-src-13a2cd1c0306f18d6082,cb-scene-83b7c53c,extreme,B,extreme_or_superlative_instance
418,cb_train-00004-of-00007_0030,CompBench,remove,remove the chicken on the uppermost,floor and yellow-blue bucket,train,/mnt/bn/strategy-mllm-train/user/tanyue/datasets/CompBench/data/train-00004-of-00007.parquet,30,8745edd0/6/00038.png,cb-src-0dcb2f0a8b437c2c520b,cb-scene-8745edd0,extreme,B,extreme_or_superlative_instance
419,cb_train-00004-of-00007_0032,CompBench,remove,remove the rightmost black duck,ground and a white duck,train,/mnt/bn/strategy-mllm-train/user/tanyue/datasets/CompBench/data/train-00004-of-00007.parquet,32,87fc565c/0/00083.png,cb-src-644608eeee669dcb4021,cb-scene-87fc565c,extreme,B,extreme_or_superlative_instance
420,cb_train-00004-of-00007_0042,CompBench,remove,remove the sheep on the uppermost,muddy ground,train,/mnt/bn/strategy-mllm-train/user/tanyue/datasets/CompBench/data/train-00004-of-00007.parquet,42,886ed981/1/00005.png,cb-src-3a75a32b5388546cf03b,cb-scene-886ed981,extreme,B,extreme_or_superlative_instance
421,cb_train-00004-of-00007_0045,CompBench,remove,remove the leftmost person,white wall and hillside,train,/mnt/bn/strategy-mllm-train/user/tanyue/datasets/CompBench/data/train-00004-of-00007.parquet,45,89fd5681/0/00007.png,cb-src-6b8b689daef50a3bfdfc,cb-scene-89fd5681,extreme,B,extreme_or_superlative_instance
422,cb_train-00004-of-00007_0046,CompBench,remove,remove the leftmost person,hood and shelter,train,/mnt/bn/strategy-mllm-train/user/tanyue/datasets/CompBench/data/train-00004-of-00007.parquet,46,89fd5681/0/00010.png,cb-src-d1490018a7e10b3d9ec0,cb-scene-89fd5681,extreme,B,extreme_or_superlative_instance
423,cb_train-00004-of-00007_0047,CompBench,remove,remove the leftmost person,black car and white wall,train,/mnt/bn/strategy-mllm-train/user/tanyue/datasets/CompBench/data/train-00004-of-00007.parquet,47,89fd5681/0/00013.png,cb-src-c64850d294cedb3e2468,cb-scene-89fd5681,extreme,B,extreme_or_superlative_instance
424,cb_train-00004-of-00007_0054,CompBench,remove,remove the rightmost zebra,land,train,/mnt/bn/strategy-mllm-train/user/tanyue/datasets/CompBench/data/train-00004-of-00007.parquet,54,8cf49218/1/00023.png,cb-src-8c0d71c5d902633cde1c,cb-scene-8cf49218,extreme,B,extreme_or_superlative_instance
425,cb_train-00004-of-00007_0092,CompBench,remove,remove the rightmost rabbit,paperbox wall and green grass,train,/mnt/bn/strategy-mllm-train/user/tanyue/datasets/CompBench/data/train-00004-of-00007.parquet,92,91b754c5/0/00026.png,cb-src-030375ac75b9e9e42d68,cb-scene-91b754c5,extreme,B,extreme_or_superlative_instance
426,cb_train-00004-of-00007_0094,CompBench,remove,remove the leftmost rabbit,yellow cardboard and green grass,train,/mnt/bn/strategy-mllm-train/user/tanyue/datasets/CompBench/data/train-00004-of-00007.parquet,94,91b754c5/2/00013.png,cb-src-2e2420cc3513e127646e,cb-scene-91b754c5,extreme,B,extreme_or_superlative_instance
427,cb_train-00004-of-00007_0107,CompBench,remove,remove the rightmost rabbit,ground,train,/mnt/bn/strategy-mllm-train/user/tanyue/datasets/CompBench/data/train-00004-of-00007.parquet,107,93e22d48/6/00008.png,cb-src-cc2815c28e2521590989,cb-scene-93e22d48,extreme,B,extreme_or_superlative_instance
428,cb_train-00004-of-00007_0111,CompBench,remove,remove the bird in the farthest distance,green bird and brown table surface,train,/mnt/bn/strategy-mllm-train/user/tanyue/datasets/CompBench/data/train-00004-of-00007.parquet,111,94767cb4/0/00005.png,cb-src-2fd6fb4aa6b4bd711a4d,cb-scene-94767cb4,extreme,B,extreme_or_superlative_instance
429,cb_train-00004-of-00007_0113,CompBench,remove,remove the rightmost turtle,green water,train,/mnt/bn/strategy-mllm-train/user/tanyue/datasets/CompBench/data/train-00004-of-00007.parquet,113,94f7c53e/1/00037.png,cb-src-173b02511bab7876a0e1,cb-scene-94f7c53e,extreme,B,extreme_or_superlative_instance
430,cb_train-00004-of-00007_0121,CompBench,remove,remove the bottommost turtle,blue water,train,/mnt/bn/strategy-mllm-train/user/tanyue/datasets/CompBench/data/train-00004-of-00007.parquet,121,962ae0e2/0/00016.png,cb-src-c8481297ac2057b5a617,cb-scene-962ae0e2,extreme,B,extreme_or_superlative_instance
431,cb_train-00004-of-00007_0134,CompBench,remove,remove the leftmost rat,wall and floor,train,/mnt/bn/strategy-mllm-train/user/tanyue/datasets/CompBench/data/train-00004-of-00007.parquet,134,96b2a414/0/00000.png,cb-src-60276fa8e99261b12d55,cb-scene-96b2a414,extreme,B,extreme_or_superlative_instance
432,cb_train-00004-of-00007_0139,CompBench,remove,remove the leftmost sheep,wall,train,/mnt/bn/strategy-mllm-train/user/tanyue/datasets/CompBench/data/train-00004-of-00007.parquet,139,98b0033d/0/00034.png,cb-src-553a7aed92216a115f54,cb-scene-98b0033d,extreme,B,extreme_or_superlative_instance
433,cb_train-00004-of-00007_0156,CompBench,remove,remove the leftmost bird,green grassland,train,/mnt/bn/strategy-mllm-train/user/tanyue/datasets/CompBench/data/train-00004-of-00007.parquet,156,999e07cb/1/00013.png,cb-src-95ebc94efab0a7fb8378,cb-scene-999e07cb,extreme,B,extreme_or_superlative_instance
434,cb_train-00004-of-00007_0192,CompBench,remove,remove the red-clothed person on the leftmost,ground,train,/mnt/bn/strategy-mllm-train/user/tanyue/datasets/CompBench/data/train-00004-of-00007.parquet,192,a034feb2/1/00145.png,cb-src-cbf77b4697de525237d6,cb-scene-a034feb2,extreme,B,extreme_or_superlative_instance
435,cb_train-00004-of-00007_0193,CompBench,remove,remove the red-clothed person on the leftmost,ground,train,/mnt/bn/strategy-mllm-train/user/tanyue/datasets/CompBench/data/train-00004-of-00007.parquet,193,a034feb2/1/00148.png,cb-src-6cbb92bb51da1dd8c7cf,cb-scene-a034feb2,extreme,B,extreme_or_superlative_instance
436,cb_train-00004-of-00007_0196,CompBench,remove,remove the rightmost chicken,ground,train,/mnt/bn/strategy-mllm-train/user/tanyue/datasets/CompBench/data/train-00004-of-00007.parquet,196,a25316a3/1/00007.png,cb-src-44e0c67f27d6daa98d57,cb-scene-a25316a3,extreme,B,extreme_or_superlative_instance
437,cb_train-00004-of-00007_0202,CompBench,remove,remove the leftmost rabbit,green plants and wall,train,/mnt/bn/strategy-mllm-train/user/tanyue/datasets/CompBench/data/train-00004-of-00007.parquet,202,a38d648a/0/00001.png,cb-src-a01caa48dba09e1508f4,cb-scene-a38d648a,extreme,B,extreme_or_superlative_instance
438,cb_train-00004-of-00007_0218,CompBench,remove,remove the leftmost black fish,blue water,train,/mnt/bn/strategy-mllm-train/user/tanyue/datasets/CompBench/data/train-00004-of-00007.parquet,218,a3f0cb28/0/00007.png,cb-src-df0d73866657dea3e666,cb-scene-a3f0cb28,extreme,B,extreme_or_superlative_instance
439,cb_train-00004-of-00007_0219,CompBench,remove,remove the fish at the farthest distance,blue fish tank wall,train,/mnt/bn/strategy-mllm-train/user/tanyue/datasets/CompBench/data/train-00004-of-00007.parquet,219,a3f0cb28/0/00015.png,cb-src-9c62a1e04c71d571b875,cb-scene-a3f0cb28,extreme,B,extreme_or_superlative_instance
440,cb_train-00004-of-00007_0220,CompBench,remove,remove the rightmost elephant,a young elephant and muddy ground,train,/mnt/bn/strategy-mllm-train/user/tanyue/datasets/CompBench/data/train-00004-of-00007.parquet,220,a4457543/0/00016.png,cb-src-dc2024d53d248cab0252,cb-scene-a4457543,extreme,B,extreme_or_superlative_instance
441,cb_train-00004-of-00007_0225,CompBench,remove,remove the leftmost airplane,sky,train,/mnt/bn/strategy-mllm-train/user/tanyue/datasets/CompBench/data/train-00004-of-00007.parquet,225,a6adef89/0/00006.png,cb-src-1ec112fe558c0b59271f,cb-scene-a6adef89,extreme,B,extreme_or_superlative_instance
442,cb_train-00004-of-00007_0262,CompBench,remove,remove the leftmost zebra,ground and a zebra,train,/mnt/bn/strategy-mllm-train/user/tanyue/datasets/CompBench/data/train-00004-of-00007.parquet,262,aa348c45/0/00020.png,cb-src-2d1288b0676f1fa1c572,cb-scene-aa348c45,extreme,B,extreme_or_superlative_instance
443,cb_train-00004-of-00007_0267,CompBench,remove,remove the bird on the uppermost,green trees,train,/mnt/bn/strategy-mllm-train/user/tanyue/datasets/CompBench/data/train-00004-of-00007.parquet,267,aa911a8e/0/00046.png,cb-src-7005236f3a7d81721a3e,cb-scene-aa911a8e,extreme,B,extreme_or_superlative_instance
444,cb_train-00004-of-00007_0287,CompBench,remove,remove the rightmost dog,yellow grassland,train,/mnt/bn/strategy-mllm-train/user/tanyue/datasets/CompBench/data/train-00004-of-00007.parquet,287,ac7deb19/1/00006.png,cb-src-1135cb39ba61ff796edb,cb-scene-ac7deb19,extreme,B,extreme_or_superlative_instance
445,cb_train-00004-of-00007_0296,CompBench,remove,remove the white ship on the rightmost,water and shore,train,/mnt/bn/strategy-mllm-train/user/tanyue/datasets/CompBench/data/train-00004-of-00007.parquet,296,ade9ee91/1/00039.png,cb-src-2b35d9ebf477516ac2f9,cb-scene-ade9ee91,extreme,B,extreme_or_superlative_instance
446,cb_train-00004-of-00007_0297,CompBench,remove,remove the rightmost boat,water and shore,train,/mnt/bn/strategy-mllm-train/user/tanyue/datasets/CompBench/data/train-00004-of-00007.parquet,297,ade9ee91/1/00065.png,cb-src-8e0fbcf7b898d288bbbf,cb-scene-ade9ee91,extreme,B,extreme_or_superlative_instance
447,cb_train-00004-of-00007_0306,CompBench,remove,remove the rightmost cat,a yellow cat and a cat bed,train,/mnt/bn/strategy-mllm-train/user/tanyue/datasets/CompBench/data/train-00004-of-00007.parquet,306,b12701b7/2/00010.png,cb-src-ca2d410a25d42273c42a,cb-scene-b12701b7,extreme,B,extreme_or_superlative_instance
448,cb_train-00004-of-00007_0328,CompBench,remove,remove the leftmost person,road,train,/mnt/bn/strategy-mllm-train/user/tanyue/datasets/CompBench/data/train-00004-of-00007.parquet,328,b604f2dd/1/00062.png,cb-src-6f5f4048a14a703fb86b,cb-scene-b604f2dd,extreme,B,extreme_or_superlative_instance
449,cb_train-00004-of-00007_0334,CompBench,remove,remove the rabbit on the uppermost,ground and wire mesh,train,/mnt/bn/strategy-mllm-train/user/tanyue/datasets/CompBench/data/train-00004-of-00007.parquet,334,b6520a94/5/00108.png,cb-src-eaa31d14d57765e467f7,cb-scene-b6520a94,extreme,B,extreme_or_superlative_instance
450,cb_train-00004-of-00007_0337,CompBench,remove,remove the rightmost tiger,ground,train,/mnt/bn/strategy-mllm-train/user/tanyue/datasets/CompBench/data/train-00004-of-00007.parquet,337,b6f03bd9/0/00011.png,cb-src-e50c4e771fca2b82a0d9,cb-scene-b6f03bd9,extreme,B,extreme_or_superlative_instance
451,cb_train-00004-of-00007_0338,CompBench,remove,remove the leftmost tiger,ground,train,/mnt/bn/strategy-mllm-train/user/tanyue/datasets/CompBench/data/train-00004-of-00007.parquet,338,b6f03bd9/0/00040.png,cb-src-2c3aa40202d04590c70f,cb-scene-b6f03bd9,extreme,B,extreme_or_superlative_instance
452,cb_train-00004-of-00007_0346,CompBench,remove,remove the rightmost bear,ground and trees,train,/mnt/bn/strategy-mllm-train/user/tanyue/datasets/CompBench/data/train-00004-of-00007.parquet,346,ba28d02e/0/00004.png,cb-src-fe9c7dcbd584503e0036,cb-scene-ba28d02e,extreme,B,extreme_or_superlative_instance
453,cb_train-00004-of-00007_0387,CompBench,remove,remove the leftmost giraffe,trees and fence,train,/mnt/bn/strategy-mllm-train/user/tanyue/datasets/CompBench/data/train-00004-of-00007.parquet,387,c33adbc2/0/00038.png,cb-src-ffe42b9f504a474919db,cb-scene-c33adbc2,extreme,B,extreme_or_superlative_instance
454,cb_train-00004-of-00007_0388,CompBench,remove,remove the leftmost zebra in the foreground,zebra and grassland,train,/mnt/bn/strategy-mllm-train/user/tanyue/datasets/CompBench/data/train-00004-of-00007.parquet,388,c409ca4d/0/00011.png,cb-src-dbb73697ff186a7dd2ab,cb-scene-c409ca4d,extreme,B,extreme_or_superlative_instance
455,cb_train-00004-of-00007_0390,CompBench,remove,remove the rightmost cat,ground,train,/mnt/bn/strategy-mllm-train/user/tanyue/datasets/CompBench/data/train-00004-of-00007.parquet,390,c4aa176c/1/00155.png,cb-src-3310ead0ed9954eaab7f,cb-scene-c4aa176c,extreme,B,extreme_or_superlative_instance
456,cb_train-00004-of-00007_0403,CompBench,remove,remove the leftmost horse,road surface,train,/mnt/bn/strategy-mllm-train/user/tanyue/datasets/CompBench/data/train-00004-of-00007.parquet,403,c8f0fd41/0/00011.png,cb-src-254b6e47d5a29d6145d6,cb-scene-c8f0fd41,extreme,B,extreme_or_superlative_instance
457,cb_train-00004-of-00007_0404,CompBench,remove,remove the leftmost cow,ground,train,/mnt/bn/strategy-mllm-train/user/tanyue/datasets/CompBench/data/train-00004-of-00007.parquet,404,c9351029/0/00004.png,cb-src-549516d62a782344400d,cb-scene-c9351029,extreme,B,extreme_or_superlative_instance
458,cb_train-00004-of-00007_0406,CompBench,remove,remove the leftmost cow,floor and gray wall,train,/mnt/bn/strategy-mllm-train/user/tanyue/datasets/CompBench/data/train-00004-of-00007.parquet,406,c9351029/0/00013.png,cb-src-c05d77df6570fb83b3d2,cb-scene-c9351029,extreme,B,extreme_or_superlative_instance
459,cb_train-00004-of-00007_0408,CompBench,remove,remove the rightmost bird,white wall surface,train,/mnt/bn/strategy-mllm-train/user/tanyue/datasets/CompBench/data/train-00004-of-00007.parquet,408,ca74a924/1/00001.png,cb-src-565d83870536984ce7a4,cb-scene-ca74a924,extreme,B,extreme_or_superlative_instance
460,cb_train-00005-of-00007_0001,CompBench,remove,remove the rightmost horse,floor and white railing,train,/mnt/bn/strategy-mllm-train/user/tanyue/datasets/CompBench/data/train-00005-of-00007.parquet,1,cb8eedf4/0/00015.png,cb-src-273a2193c139bb16c64c,cb-scene-cb8eedf4,extreme,B,extreme_or_superlative_instance
461,cb_train-00005-of-00007_0011,CompBench,remove,remove the rightmost cat,wooden floor,train,/mnt/bn/strategy-mllm-train/user/tanyue/datasets/CompBench/data/train-00005-of-00007.parquet,11,ced51047/0/00057.png,cb-src-d63ff8e1a214032a525a,cb-scene-ced51047,extreme,B,extreme_or_superlative_instance
462,cb_train-00005-of-00007_0048,CompBench,remove,remove the person on the rightmost,powder blue foamed ground,train,/mnt/bn/strategy-mllm-train/user/tanyue/datasets/CompBench/data/train-00005-of-00007.parquet,48,d0696759/0/00035.png,cb-src-1d71394818dc74a22be6,cb-scene-d0696759,extreme,B,extreme_or_superlative_instance
463,cb_train-00005-of-00007_0056,CompBench,remove,remove the leftmost deer,grass and stones,train,/mnt/bn/strategy-mllm-train/user/tanyue/datasets/CompBench/data/train-00005-of-00007.parquet,56,d0b507c3/0/00024.png,cb-src-d8d87d72175b34d53ff9,cb-scene-d0b507c3,extreme,B,extreme_or_superlative_instance
464,cb_train-00005-of-00007_0088,CompBench,remove,remove the leftmost turtle,inside the fish tank,train,/mnt/bn/strategy-mllm-train/user/tanyue/datasets/CompBench/data/train-00005-of-00007.parquet,88,dd3f4a07/1/00013.png,cb-src-5cb81d2c700700a72d48,cb-scene-dd3f4a07,extreme,B,extreme_or_superlative_instance
465,cb_train-00005-of-00007_0091,CompBench,remove,remove the rightmost sheep,wilted grassland,train,/mnt/bn/strategy-mllm-train/user/tanyue/datasets/CompBench/data/train-00005-of-00007.parquet,91,dd5a4739/1/00022.png,cb-src-e4a38fec3d4925ae17a2,cb-scene-dd5a4739,extreme,B,extreme_or_superlative_instance
466,cb_train-00005-of-00007_0092,CompBench,remove,remove the leftmost sheep,ground and sky,train,/mnt/bn/strategy-mllm-train/user/tanyue/datasets/CompBench/data/train-00005-of-00007.parquet,92,dd5a4739/2/00021.png,cb-src-ae81c79c57cb7a64b0bf,cb-scene-dd5a4739,extreme,B,extreme_or_superlative_instance
467,cb_train-00005-of-00007_0093,CompBench,remove,remove the leftmost sheep,ground and sky,train,/mnt/bn/strategy-mllm-train/user/tanyue/datasets/CompBench/data/train-00005-of-00007.parquet,93,dd5a4739/3/00028.png,cb-src-b414b81d9713f6d11309,cb-scene-dd5a4739,extreme,B,extreme_or_superlative_instance
468,cb_train-00005-of-00007_0094,CompBench,remove,remove the leftmost rabbit,muddy ground and stool legs,train,/mnt/bn/strategy-mllm-train/user/tanyue/datasets/CompBench/data/train-00005-of-00007.parquet,94,ddbebec1/0/00010.png,cb-src-29888fa2dd14a1348092,cb-scene-ddbebec1,extreme,B,extreme_or_superlative_instance
469,cb_train-00005-of-00007_0096,CompBench,remove,remove the chicken in the farthest distance,floor and wall,train,/mnt/bn/strategy-mllm-train/user/tanyue/datasets/CompBench/data/train-00005-of-00007.parquet,96,de2f2a6a/1/00079.png,cb-src-fefb126772f11c600901,cb-scene-de2f2a6a,extreme,B,extreme_or_superlative_instance
470,cb_train-00005-of-00007_0101,CompBench,remove,remove the leftmost zebra,grassland,train,/mnt/bn/strategy-mllm-train/user/tanyue/datasets/CompBench/data/train-00005-of-00007.parquet,101,e15e4de8/0/00058.png,cb-src-57558fec5f1a6b280b26,cb-scene-e15e4de8,extreme,B,extreme_or_superlative_instance
471,cb_train-00005-of-00007_0133,CompBench,remove,remove the chicken in the farthest distance,muddy ground,train,/mnt/bn/strategy-mllm-train/user/tanyue/datasets/CompBench/data/train-00005-of-00007.parquet,133,e6348d2c/0/00077.png,cb-src-02451c00015b673d2587,cb-scene-e6348d2c,extreme,B,extreme_or_superlative_instance
472,cb_train-00005-of-00007_0154,CompBench,remove,remove the leftmost pigeon,gray floor,train,/mnt/bn/strategy-mllm-train/user/tanyue/datasets/CompBench/data/train-00005-of-00007.parquet,154,ec27366a/1/00002.png,cb-src-6efa60509004bb32c0c9,cb-scene-ec27366a,extreme,B,extreme_or_superlative_instance
473,cb_train-00005-of-00007_0169,CompBench,remove,remove the leftmost elephant,ground and tree,train,/mnt/bn/strategy-mllm-train/user/tanyue/datasets/CompBench/data/train-00005-of-00007.parquet,169,efa25913/1/00001.png,cb-src-1fa9daf92dd5bdb7d10d,cb-scene-efa25913,extreme,B,extreme_or_superlative_instance
474,cb_train-00005-of-00007_0170,CompBench,remove,remove the rightmost tiger,muddy ground,train,/mnt/bn/strategy-mllm-train/user/tanyue/datasets/CompBench/data/train-00005-of-00007.parquet,170,efe9cbca/0/00001.png,cb-src-faeb22d8bc9cccbb376f,cb-scene-efe9cbca,extreme,B,extreme_or_superlative_instance
475,cb_train-00005-of-00007_0172,CompBench,remove,remove the rightmost tiger,ground and hay stack,train,/mnt/bn/strategy-mllm-train/user/tanyue/datasets/CompBench/data/train-00005-of-00007.parquet,172,efe9cbca/1/00063.png,cb-src-19efe2acbc46e0cec09b,cb-scene-efe9cbca,extreme,B,extreme_or_superlative_instance
476,cb_train-00005-of-00007_0173,CompBench,remove,remove the rightmost rabbit,brown rabbit and green ground,train,/mnt/bn/strategy-mllm-train/user/tanyue/datasets/CompBench/data/train-00005-of-00007.parquet,173,f0617f71/1/00067.png,cb-src-d86578ff306579dac82e,cb-scene-f0617f71,extreme,B,extreme_or_superlative_instance
477,cb_train-00005-of-00007_0176,CompBench,remove,remove the leftmost monkey,grassland,train,/mnt/bn/strategy-mllm-train/user/tanyue/datasets/CompBench/data/train-00005-of-00007.parquet,176,f33d3c15/1/00016.png,cb-src-528c66ca808464dd9793,cb-scene-f33d3c15,extreme,B,extreme_or_superlative_instance
478,cb_train-00005-of-00007_0184,CompBench,remove,remove the leftmost panda,green grassland,train,/mnt/bn/strategy-mllm-train/user/tanyue/datasets/CompBench/data/train-00005-of-00007.parquet,184,f5d2d8d3/0/00024.png,cb-src-492509e8a865fff1edd7,cb-scene-f5d2d8d3,extreme,B,extreme_or_superlative_instance
479,cb_train-00005-of-00007_0188,CompBench,remove,remove the rightmost duck,muddy land,train,/mnt/bn/strategy-mllm-train/user/tanyue/datasets/CompBench/data/train-00005-of-00007.parquet,188,f6f441eb/2/00013.png,cb-src-8855de056131d956e70e,cb-scene-f6f441eb,extreme,B,extreme_or_superlative_instance
480,cb_train-00005-of-00007_0189,CompBench,remove,remove the rightmost giraffe,muddy land and sky,train,/mnt/bn/strategy-mllm-train/user/tanyue/datasets/CompBench/data/train-00005-of-00007.parquet,189,f6f8b4a6/0/00046.png,cb-src-f24524a12c5ed77e7f5b,cb-scene-f6f8b4a6,extreme,B,extreme_or_superlative_instance
481,cb_train-00005-of-00007_0190,CompBench,remove,remove the leftmost giraffe,ground,train,/mnt/bn/strategy-mllm-train/user/tanyue/datasets/CompBench/data/train-00005-of-00007.parquet,190,f6f8b4a6/1/00000.png,cb-src-ab183d010288e165d688,cb-scene-f6f8b4a6,extreme,B,extreme_or_superlative_instance
482,cb_train-00005-of-00007_0191,CompBench,remove,remove the leftmost giraffe,ground and sky,train,/mnt/bn/strategy-mllm-train/user/tanyue/datasets/CompBench/data/train-00005-of-00007.parquet,191,f6f8b4a6/1/00004.png,cb-src-4a73477cee985ffe94b5,cb-scene-f6f8b4a6,extreme,B,extreme_or_superlative_instance
483,cb_train-00005-of-00007_0209,CompBench,remove,remove the leftmost cat,floor and chair legs,train,/mnt/bn/strategy-mllm-train/user/tanyue/datasets/CompBench/data/train-00005-of-00007.parquet,209,fa95a6a2/0/00002.png,cb-src-973593180f340bd884ee,cb-scene-fa95a6a2,extreme,B,extreme_or_superlative_instance
484,cb_train-00005-of-00007_0210,CompBench,remove,remove the rightmost sheep,grassland and trees,train,/mnt/bn/strategy-mllm-train/user/tanyue/datasets/CompBench/data/train-00005-of-00007.parquet,210,faf7d852/0/00036.png,cb-src-3bc2ca1d2bb20d387777,cb-scene-faf7d852,extreme,B,extreme_or_superlative_instance
485,cb_train-00005-of-00007_0212,CompBench,remove,remove the person on the rightmost,wooden railing,train,/mnt/bn/strategy-mllm-train/user/tanyue/datasets/CompBench/data/train-00005-of-00007.parquet,212,fbfb6e30/1/00017.png,cb-src-a7cf2b7c6f2d903c7fd1,cb-scene-fbfb6e30,extreme,B,extreme_or_superlative_instance
486,cb_train-00005-of-00007_0219,CompBench,remove,remove the leftmost tiger,ground and rocks,train,/mnt/bn/strategy-mllm-train/user/tanyue/datasets/CompBench/data/train-00005-of-00007.parquet,219,fc4c1c67/1/00000.png,cb-src-d61aefa285c9e717ed91,cb-scene-fc4c1c67,extreme,B,extreme_or_superlative_instance
487,cb_train-00005-of-00007_0232,CompBench,remove,remove the rightmost giraffe,grassland,train,/mnt/bn/strategy-mllm-train/user/tanyue/datasets/CompBench/data/train-00005-of-00007.parquet,232,fe470104/10/00023.png,cb-src-92d3cf901f3914b8d6c9,cb-scene-fe470104,extreme,B,extreme_or_superlative_instance
488,cb_train-00005-of-00007_0233,CompBench,remove,remove the rightmost tiger,ground and rocks,train,/mnt/bn/strategy-mllm-train/user/tanyue/datasets/CompBench/data/train-00005-of-00007.parquet,233,fee3371f/0/00011.png,cb-src-b83517ed3d53fc97361b,cb-scene-fee3371f,extreme,B,extreme_or_superlative_instance
489,cb_train-00005-of-00007_0234,CompBench,remove,remove the rightmost tiger,ground,train,/mnt/bn/strategy-mllm-train/user/tanyue/datasets/CompBench/data/train-00005-of-00007.parquet,234,fee3371f/0/00015.png,cb-src-d62ed21f0394c9e7181d,cb-scene-fee3371f,extreme,B,extreme_or_superlative_instance
490,cb_train-00005-of-00007_0235,CompBench,remove,remove the rightmost tiger,grass and stones,train,/mnt/bn/strategy-mllm-train/user/tanyue/datasets/CompBench/data/train-00005-of-00007.parquet,235,fee3371f/0/00053.png,cb-src-d91c03bbdeda7de44fe0,cb-scene-fee3371f,extreme,B,extreme_or_superlative_instance
491,cb_train-00005-of-00007_0260,CompBench,replace,replace the rightmost black bear with a signpost,a signpost,train,/mnt/bn/strategy-mllm-train/user/tanyue/datasets/CompBench/data/train-00005-of-00007.parquet,260,316931f8/0/00055.png,cb-src-56ffb1fe7dab7fc4ba77,cb-scene-316931f8,extreme,B,extreme_or_superlative_instance
492,cb_train-00005-of-00007_0278,CompBench,replace,replace the bottommost sheep with a bench,a bench,train,/mnt/bn/strategy-mllm-train/user/tanyue/datasets/CompBench/data/train-00005-of-00007.parquet,278,5d2316f6/0/00013.png,cb-src-0f53275fe001e62278e2,cb-scene-5d2316f6,extreme,B,extreme_or_superlative_instance
493,cb_train-00005-of-00007_0297,CompBench,replace,replace the leftmost rabbit with a small table model,a small table model,train,/mnt/bn/strategy-mllm-train/user/tanyue/datasets/CompBench/data/train-00005-of-00007.parquet,297,86571569/1/00009.png,cb-src-09a5c867b98bbbc6e9da,cb-scene-86571569,extreme,B,extreme_or_superlative_instance
494,cb_train-00005-of-00007_0320,CompBench,replace,replace the leftmost sheep with a potted plant,a potted plant,train,/mnt/bn/strategy-mllm-train/user/tanyue/datasets/CompBench/data/train-00005-of-00007.parquet,320,98b0033d/0/00039.png,cb-src-d0788ca5a1d15e2e3fd6,cb-scene-98b0033d,extreme,B,extreme_or_superlative_instance
495,cb_train-00005-of-00007_0321,CompBench,replace,replace the leftmost white sheep with a rack,a rack,train,/mnt/bn/strategy-mllm-train/user/tanyue/datasets/CompBench/data/train-00005-of-00007.parquet,321,98b0033d/0/00041.png,cb-src-27f3db3e5fd84b5649ef,cb-scene-98b0033d,extreme,B,extreme_or_superlative_instance
496,cb_train-00005-of-00007_0348,CompBench,replace,replace the rightmost cat with a cup,a cup and the ground,train,/mnt/bn/strategy-mllm-train/user/tanyue/datasets/CompBench/data/train-00005-of-00007.parquet,348,c4aa176c/1/00191.png,cb-src-ac00a6fd121baae196ff,cb-scene-c4aa176c,extreme,B,extreme_or_superlative_instance
497,cb_train-00005-of-00007_0382,CompBench,replace,replace the leftmost dog with a black pot,the black pot and the ground,train,/mnt/bn/strategy-mllm-train/user/tanyue/datasets/CompBench/data/train-00005-of-00007.parquet,382,f06632aa/0/00002.png,cb-src-17f948a60f1d1309b080,cb-scene-f06632aa,extreme,B,extreme_or_superlative_instance
498,cb_train-00000-of-00007_0076,CompBench,add,"add a person on the right side of the person on the left wearing a green coat and carrying a black backpack, walking to the right",a person in green,train,/mnt/bn/strategy-mllm-train/user/tanyue/datasets/CompBench/data/train-00000-of-00007.parquet,76,15e9161e/0/00021.png,cb-src-3d595ba36e2882e48d5b,cb-scene-15e9161e,side,B,directional_instance
499,cb_train-00000-of-00007_0138,CompBench,add,add a yellow dog on the left side of the black dog with its head facing right,a yellow dog,train,/mnt/bn/strategy-mllm-train/user/tanyue/datasets/CompBench/data/train-00000-of-00007.parquet,138,1fc5e086/2/00045.png,cb-src-6845d0fbcb548b4dccb0,cb-scene-1fc5e086,side,B,directional_instance
500,cb_train-00000-of-00007_0163,CompBench,add,add a yellow cow on the right side of the brown cow with its back to us and head facing left,a yellow cow,train,/mnt/bn/strategy-mllm-train/user/tanyue/datasets/CompBench/data/train-00000-of-00007.parquet,163,2af0e766/0/00033.png,cb-src-52539c254896081bb804,cb-scene-2af0e766,side,B,directional_instance
501,cb_train-00000-of-00007_0226,CompBench,add,add a duck on the upper left of the front duck with its head towards the ground and tail towards the left,a gray duck,train,/mnt/bn/strategy-mllm-train/user/tanyue/datasets/CompBench/data/train-00000-of-00007.parquet,226,37af9ac1/0/00212.png,cb-src-abda0609e72f84db13d1,cb-scene-37af9ac1,side,B,directional_instance
502,cb_train-00000-of-00007_0236,CompBench,add,add a white-bodied blue-tailed airplane facing left on the right side of the airplane,two airplanes,train,/mnt/bn/strategy-mllm-train/user/tanyue/datasets/CompBench/data/train-00000-of-00007.parquet,236,3bd7facd/0/00016.png,cb-src-2ac3f767de310ee07113,cb-scene-3bd7facd,side,B,directional_instance
503,cb_train-00000-of-00007_0296,CompBench,add,add a white fish on the upper left of the red and white fish facing left down,a white fish,train,/mnt/bn/strategy-mllm-train/user/tanyue/datasets/CompBench/data/train-00000-of-00007.parquet,296,607d8ff5/3/00013.png,cb-src-cd7c665775113166aa05,cb-scene-607d8ff5,side,B,directional_instance
504,cb_train-00000-of-00007_0297,CompBench,add,add a white pigeon on the left side of the white pigeon with its head facing right,a white pigeon,train,/mnt/bn/strategy-mllm-train/user/tanyue/datasets/CompBench/data/train-00000-of-00007.parquet,297,60827ada/0/00075.png,cb-src-2be1ea9d852bc436d7d2,cb-scene-60827ada,side,B,directional_instance
505,cb_train-00001-of-00007_0113,CompBench,add,add a white sheep with a black eye looking to the lower right on the upper left of the sheep,a white sheep,train,/mnt/bn/strategy-mllm-train/user/tanyue/datasets/CompBench/data/train-00001-of-00007.parquet,113,886ed981/1/00007.png,cb-src-bd3140df1fc50788beae,cb-scene-886ed981,side,B,directional_instance
506,cb_train-00001-of-00007_0251,CompBench,add,add a fish on the lower left of the fish facing away,a black fish,train,/mnt/bn/strategy-mllm-train/user/tanyue/datasets/CompBench/data/train-00001-of-00007.parquet,251,a3f0cb28/0/00008.png,cb-src-cde4229a7f1d8eba8466,cb-scene-a3f0cb28,side,B,directional_instance
507,cb_train-00001-of-00007_0256,CompBench,add,add a plane on the lower left of the cluster that is the same as other planes,a grey plane,train,/mnt/bn/strategy-mllm-train/user/tanyue/datasets/CompBench/data/train-00001-of-00007.parquet,256,a6adef89/0/00005.png,cb-src-90223f1687c16d68068b,cb-scene-a6adef89,side,B,directional_instance
508,cb_train-00001-of-00007_0327,CompBench,add,add a fish on the lower left side of the fish swimming to the left,a blue fish,train,/mnt/bn/strategy-mllm-train/user/tanyue/datasets/CompBench/data/train-00001-of-00007.parquet,327,afc7664d/0/00013.png,cb-src-f69fa054e601738bcafa,cb-scene-afc7664d,side,B,directional_instance
509,cb_train-00001-of-00007_0350,CompBench,add,add a white dog eating on the left side of the dog on the right,a white dog,train,/mnt/bn/strategy-mllm-train/user/tanyue/datasets/CompBench/data/train-00001-of-00007.parquet,350,b6e2c041/1/00041.png,cb-src-ec13d3682326e366c316,cb-scene-b6e2c041,side,B,directional_instance
510,cb_train-00001-of-00007_0362,CompBench,add,"add a white dog on the right side of the black dog, with its body facing forward and head facing left",a white dog,train,/mnt/bn/strategy-mllm-train/user/tanyue/datasets/CompBench/data/train-00001-of-00007.parquet,362,ba9ea03d/0/00013.png,cb-src-8bcab8c7ce3fed28eb89,cb-scene-ba9ea03d,side,B,directional_instance
511,cb_train-00001-of-00007_0372,CompBench,add,"add a zebra on the left side of the zebra that is drinking water, with its head facing forward and walking",two zebras,train,/mnt/bn/strategy-mllm-train/user/tanyue/datasets/CompBench/data/train-00001-of-00007.parquet,372,c1ed21d0/0/00025.png,cb-src-fb60a6d8b4b5818ee483,cb-scene-c1ed21d0,side,B,directional_instance
512,cb_train-00001-of-00007_0386,CompBench,add,add a black cat on the right side of the cat with its back facing,a gray-black cat,train,/mnt/bn/strategy-mllm-train/user/tanyue/datasets/CompBench/data/train-00001-of-00007.parquet,386,c4aa176c/1/00154.png,cb-src-041dab077a70a13064a8,cb-scene-c4aa176c,side,B,directional_instance
513,cb_train-00001-of-00007_0399,CompBench,add,add a large cow facing forward on the left side of the small cow,a yellow cow,train,/mnt/bn/strategy-mllm-train/user/tanyue/datasets/CompBench/data/train-00001-of-00007.parquet,399,c9351029/0/00012.png,cb-src-43c8e424dcc2b6ff7a5e,cb-scene-c9351029,side,B,directional_instance
514,cb_train-00001-of-00007_0414,CompBench,add,add a grey cat on the right side of the cat with its back to the viewer and facing left,a grey cat,train,/mnt/bn/strategy-mllm-train/user/tanyue/datasets/CompBench/data/train-00001-of-00007.parquet,414,ced51047/0/00060.png,cb-src-2cd70fc742df7819652d,cb-scene-ced51047,side,B,directional_instance
515,cb_train-00002-of-00007_0033,CompBench,add,add a white and green clothed boy with hands slightly raised in the opposite direction to the black clothed person on the lower left,a white and green clothed boy,train,/mnt/bn/strategy-mllm-train/user/tanyue/datasets/CompBench/data/train-00002-of-00007.parquet,33,d0696759/1/00117.png,cb-src-2c5686ba5a05f1e74826,cb-scene-d0696759,side,B,directional_instance
516,cb_train-00002-of-00007_0063,CompBench,add,"add a small turtle on the left side of the turtle, with its back facing the turtle",a turtle,train,/mnt/bn/strategy-mllm-train/user/tanyue/datasets/CompBench/data/train-00002-of-00007.parquet,63,dd3f4a07/1/00034.png,cb-src-96c3fb683b51e3c4f6fe,cb-scene-dd3f4a07,side,B,directional_instance
517,cb_train-00002-of-00007_0109,CompBench,add,add a pigeon on the left that looks like the others and is sideways facing right,a grayish-black pigeon,train,/mnt/bn/strategy-mllm-train/user/tanyue/datasets/CompBench/data/train-00002-of-00007.parquet,109,ec27366a/2/00045.png,cb-src-df021e587119dcd5a556,cb-scene-ec27366a,side,B,directional_instance
518,cb_train-00003-of-00007_0056,CompBench,remove,remove the white duck in the middle,ground,train,/mnt/bn/strategy-mllm-train/user/tanyue/datasets/CompBench/data/train-00003-of-00007.parquet,56,37af9ac1/5/00159.png,cb-src-c5d84f4f2c9da5ea2413,cb-scene-37af9ac1,middle,B,central_instance
519,cb_train-00003-of-00007_0141,CompBench,remove,remove the black rabbit in the middle,grassland,train,/mnt/bn/strategy-mllm-train/user/tanyue/datasets/CompBench/data/train-00003-of-00007.parquet,141,592b4dee/2/00007.png,cb-src-5dc1547b8c0b36270e13,cb-scene-592b4dee,middle,B,central_instance
520,cb_train-00004-of-00007_0169,CompBench,remove,remove the zebra in the middle,zebra and grassland,train,/mnt/bn/strategy-mllm-train/user/tanyue/datasets/CompBench/data/train-00004-of-00007.parquet,169,9ed4317a/0/00067.png,cb-src-92035c717f1e1c274f9d,cb-scene-9ed4317a,middle,B,central_instance
521,cb_train-00004-of-00007_0336,CompBench,remove,remove the dog in the middle,floor and food bowl,train,/mnt/bn/strategy-mllm-train/user/tanyue/datasets/CompBench/data/train-00004-of-00007.parquet,336,b6e2c041/1/00033.png,cb-src-bcf0852112e70a7bc427,cb-scene-b6e2c041,middle,B,central_instance
522,cb_train-00005-of-00007_0247,CompBench,replace,replace the person on the right with a person in white,a person in white,train,/mnt/bn/strategy-mllm-train/user/tanyue/datasets/CompBench/data/train-00005-of-00007.parquet,247,03e5f069/1/00000.png,cb-src-a76c208d51f8ddeb45b2,cb-scene-03e5f069,side,B,directional_instance
523,cb_train-00005-of-00007_0254,CompBench,replace,replace the white horse on the right with a brown horse,a brown horse,train,/mnt/bn/strategy-mllm-train/user/tanyue/datasets/CompBench/data/train-00005-of-00007.parquet,254,2a2745e5/9/00009.png,cb-src-c5eab4865505f5dc0de9,cb-scene-2a2745e5,side,B,directional_instance
524,cb_train-00005-of-00007_0264,CompBench,replace,replace the white motorcycle on the left with a black motorcycle,a black motorcycle,train,/mnt/bn/strategy-mllm-train/user/tanyue/datasets/CompBench/data/train-00005-of-00007.parquet,264,33f9ab47/5/00000.png,cb-src-ee2c970f3876726a733c,cb-scene-33f9ab47,side,B,directional_instance
525,cb_train-00005-of-00007_0275,CompBench,replace,replace the car on the left with a faded blue car,a faded blue car,train,/mnt/bn/strategy-mllm-train/user/tanyue/datasets/CompBench/data/train-00005-of-00007.parquet,275,56a5643a/0/00002.png,cb-src-57beef6758a626ffd48b,cb-scene-56a5643a,side,B,directional_instance
526,cb_train-00005-of-00007_0280,CompBench,replace,replace the car on the right with a black car tail,the ground and a black car tail,train,/mnt/bn/strategy-mllm-train/user/tanyue/datasets/CompBench/data/train-00005-of-00007.parquet,280,677c8ed7/0/00002.png,cb-src-61aaf1eaccb3dbc8b835,cb-scene-677c8ed7,side,B,directional_instance
527,cb_train-00005-of-00007_0318,CompBench,replace,replace the car in the upper right with a black car heading to the right,a black car and the ground,train,/mnt/bn/strategy-mllm-train/user/tanyue/datasets/CompBench/data/train-00005-of-00007.parquet,318,94d3403a/0/00053.png,cb-src-a74cdd6aa7863bc3b156,cb-scene-94d3403a,side,B,directional_instance
528,cb_train-00005-of-00007_0319,CompBench,replace,replace the upper left white car with a black car,a black car,train,/mnt/bn/strategy-mllm-train/user/tanyue/datasets/CompBench/data/train-00005-of-00007.parquet,319,94d3403a/1/00017.png,cb-src-4c47847eb7049a9696d6,cb-scene-94d3403a,side,B,directional_instance
529,cb_train-00005-of-00007_0340,CompBench,replace,replace the orange cat in the middle with a sign,a sign,train,/mnt/bn/strategy-mllm-train/user/tanyue/datasets/CompBench/data/train-00005-of-00007.parquet,340,b12701b7/3/00009.png,cb-src-f29c0b4f3b4ffb4cccd0,cb-scene-b12701b7,middle,B,central_instance
530,cb_train-00005-of-00007_0368,CompBench,replace,replace the turtle in the middle with a small table,a small table,train,/mnt/bn/strategy-mllm-train/user/tanyue/datasets/CompBench/data/train-00005-of-00007.parquet,368,dd3f4a07/2/00013.png,cb-src-47f04d194d73aa663284,cb-scene-dd3f4a07,middle,B,central_instance
531,cb_train-00005-of-00007_0388,CompBench,replace,replace the red motorcycle on the right with a black motorcycle,a black motorcycle,train,/mnt/bn/strategy-mllm-train/user/tanyue/datasets/CompBench/data/train-00005-of-00007.parquet,388,fe9706b7/6/00004.png,cb-src-cc2a7b1b6457ccd067b0,cb-scene-fe9706b7,side,B,directional_instance
532,he__rOM_za-wgs,HumanEdit,remove,Remove the tallest tree in the middle of the forest.,Under the grey sky was a forest with low trees in the middle and some taller trees on either side.,train,/mnt/bn/strategy-mllm-train/user/tanyue/datasets/HumanEdit/data/train-00012-of-00034-858bad23f2c47aa8.parquet,27,_rOM_za-wgs,he-src-9b4ddb76239bd0954360,he-src-9b4ddb76239bd0954360,extreme|between|middle,A,between_anchors|central_instance|extreme_or_superlative_instance
533,he_8VPSh4Wj61Q,HumanEdit,add,Add a bee in the center of the flower in the middle of the picture,"Many white flowers are clustered together, and there is a honey on the flower",train,/mnt/bn/strategy-mllm-train/user/tanyue/datasets/HumanEdit/data/train-00007-of-00034-cee93102372ec1a7.parquet,8,8VPSh4Wj61Q,he-src-14ca739b2e83792ed90f,he-src-14ca739b2e83792ed90f,between|middle,A,between_anchors|central_instance
534,he_4k8xEFW4_3Q,HumanEdit,replace,Replace the distinctive object in the picture with one that looks similar to the other objects,The table was full of red fruits,train,/mnt/bn/strategy-mllm-train/user/tanyue/datasets/HumanEdit/data/train-00009-of-00034-af31fd800f9abf74.parquet,34,4k8xEFW4_3Q,he-src-a797bee73ba0b52bbd90,he-src-a797bee73ba0b52bbd90,exclusion,A,subset_by_exclusion
535,he_0jRQ-_fM0gM,HumanEdit,add,Add a white strawberry to the middle of several red strawberries.,There is a white strawberry in the middle of several red strawberries.,train,/mnt/bn/strategy-mllm-train/user/tanyue/datasets/HumanEdit/data/train-00012-of-00034-858bad23f2c47aa8.parquet,60,0jRQ-_fM0gM,he-src-0bca726ae34423375a0d,he-src-0bca726ae34423375a0d,middle,B,central_instance
536,he_3tvnHnUXjDU,HumanEdit,replace,Replace the three yellow flowers in the middle with three white flowers.,There are three white flowers among the dark green leaves.,train,/mnt/bn/strategy-mllm-train/user/tanyue/datasets/HumanEdit/data/train-00029-of-00034-d4529d3619a2a30d.parquet,67,3tvnHnUXjDU,he-src-38e7df0b5d27e285ad16,he-src-38e7df0b5d27e285ad16,middle,B,central_instance
537,he_1gNoIlON3B0,HumanEdit,remove,Remove the two tallest buildings,There is a city under the sky,train,/mnt/bn/strategy-mllm-train/user/tanyue/datasets/HumanEdit/data/train-00003-of-00034-9b77bb1da8f3e008.parquet,125,1gNoIlON3B0,he-src-f3ad8941abb5751c362e,he-src-f3ad8941abb5751c362e,extreme,B,extreme_or_superlative_instance
538,he_8VmiMhameng,HumanEdit,remove,Remove all the people behind the man in the center of the picture,"A man stands on the playground, wearing a red short-sleeved shirt and a red hat, raising his hands above his head",train,/mnt/bn/strategy-mllm-train/user/tanyue/datasets/HumanEdit/data/train-00007-of-00034-cee93102372ec1a7.parquet,4,8VmiMhameng,he-src-ab277440aeb2107734a0,he-src-ab277440aeb2107734a0,middle|relative,A,central_instance|relative_to_neighbor
539,he_-3Mbr-3-e2s,HumanEdit,replace,Replace the black hat of the big doll in the middle with a Santa hat,"Many dolls are placed on the table, the doll in the middle is wearing a red hat",train,/mnt/bn/strategy-mllm-train/user/tanyue/datasets/HumanEdit/data/train-00005-of-00034-ba219ad346ef60ce.parquet,101,-3Mbr-3-e2s,he-src-19d8184132b762636174,he-src-19d8184132b762636174,middle,B,central_instance
540,he_3NQAnprYLaY,HumanEdit,replace,Replace the snowflake pattern on the second block from the left with the letter Y.,"On the table were four wooden blocks inscribed with letters, N,Y,E,L from left to right.",train,/mnt/bn/strategy-mllm-train/user/tanyue/datasets/HumanEdit/data/train-00029-of-00034-d4529d3619a2a30d.parquet,68,3NQAnprYLaY,he-src-fe9bf00dff27d631d0fd,he-src-fe9bf00dff27d631d0fd,ordinal,A,ordinal_instance
541,he_000000001319,HumanEdit,add,Add a white cat next to the gray cat.,"A white cat stand besides two cats, watching TV",train,/mnt/bn/strategy-mllm-train/user/tanyue/datasets/HumanEdit/data/train-00033-of-00034-8404b6591ad0d14c.parquet,147,000000001319,he-src-1ab8bd0ac85be6d4d6da,he-src-1ab8bd0ac85be6d4d6da,relative,B,relative_to_neighbor
542,he_1JAQWxLsFm4,HumanEdit,remove,Remove the little boy next to the little girl.,A little girl sitting on the lawn wearing a white dress and gray pants,train,/mnt/bn/strategy-mllm-train/user/tanyue/datasets/HumanEdit/data/train-00004-of-00034-7fffbdc560482a31.parquet,4,1JAQWxLsFm4,he-src-c49725c774c9d5800b61,he-src-c49725c774c9d5800b61,relative,B,relative_to_neighbor
543,he_7XHbr-V62IM,HumanEdit,remove,Remove the person farthest from the basket in the frame,Someone is playing under the basketball hoop,train,/mnt/bn/strategy-mllm-train/user/tanyue/datasets/HumanEdit/data/train-00010-of-00034-620a6743355afecb.parquet,52,7XHbr-V62IM,he-src-e04d5486eea46115b2b2,he-src-e04d5486eea46115b2b2,extreme,B,extreme_or_superlative_instance
544,he__snqARKTgoc,HumanEdit,remove,Remove the small bear behind the adult brown bear.,A young bear was followed by an adult brown bear on a mountain.,train,/mnt/bn/strategy-mllm-train/user/tanyue/datasets/HumanEdit/data/train-00012-of-00034-858bad23f2c47aa8.parquet,30,_snqARKTgoc,he-src-733dfb6c508dd06e9979,he-src-733dfb6c508dd06e9979,relative,B,relative_to_neighbor
545,he_AXQQ0Kq69es,HumanEdit,remove,Remove all people on the field except the jumping athlete in the picture,An athlete is long jumping,train,/mnt/bn/strategy-mllm-train/user/tanyue/datasets/HumanEdit/data/train-00022-of-00034-96acae3507199147.parquet,138,AXQQ0Kq69es,he-src-2307deea19d92b108b47,he-src-2307deea19d92b108b47,exclusion,A,subset_by_exclusion
546,he_AZcNLJgO4XE,HumanEdit,remove,Remove everyone except those in blue swimsuits,A girl is diving,train,/mnt/bn/strategy-mllm-train/user/tanyue/datasets/HumanEdit/data/train-00023-of-00034-67bb45a75440676c.parquet,6,AZcNLJgO4XE,he-src-0803d6bbc5300bd776ec,he-src-0803d6bbc5300bd776ec,exclusion,A,subset_by_exclusion
547,he_aZVpxRydiJk,HumanEdit,remove,Remove all but the fallen volleyball player,girl playing volleyball,train,/mnt/bn/strategy-mllm-train/user/tanyue/datasets/HumanEdit/data/train-00023-of-00034-67bb45a75440676c.parquet,106,aZVpxRydiJk,he-src-c1e681c58dc57ed3e742,he-src-c1e681c58dc57ed3e742,exclusion,A,subset_by_exclusion
548,he_0HPhEPT3FmE,HumanEdit,replace,Replace the red flower on the left with a white flower.,A bunch of white flowers.,train,/mnt/bn/strategy-mllm-train/user/tanyue/datasets/HumanEdit/data/train-00012-of-00034-858bad23f2c47aa8.parquet,58,0HPhEPT3FmE,he-src-2c16a1c9e810bb6902a5,he-src-2c16a1c9e810bb6902a5,side,B,directional_instance
549,he_34V2TCeCfYg,HumanEdit,replace,Replace the gold pattern on the dark gray dress worn by the person in the middle with white stripes.,"The three men stood together, the man in the middle dressed in dark gray.",train,/mnt/bn/strategy-mllm-train/user/tanyue/datasets/HumanEdit/data/train-00014-of-00034-f5a022605600a199.parquet,122,34V2TCeCfYg,he-src-ca1a5f70b1eaca81c0b2,he-src-ca1a5f70b1eaca81c0b2,middle,B,central_instance
550,he_7zfQ6sbWVyE,HumanEdit,replace,Turn the small tomato in the upper right corner of the picture into a big tomato,There is a delicious food on the table and a large tomato in front,train,/mnt/bn/strategy-mllm-train/user/tanyue/datasets/HumanEdit/data/train-00010-of-00034-620a6743355afecb.parquet,70,7zfQ6sbWVyE,he-src-7537f00dd98b7e5aa0ce,he-src-7537f00dd98b7e5aa0ce,side,B,directional_instance
551,he_9TWTwM--v5A,HumanEdit,replace,Replace the hat worn by the person on the far left with a white hat.,"Many people were sitting in rows, the man on the far left wearing a white hat.",train,/mnt/bn/strategy-mllm-train/user/tanyue/datasets/HumanEdit/data/train-00014-of-00034-f5a022605600a199.parquet,65,9TWTwM--v5A,he-src-99e5838b49467aead7e5,he-src-99e5838b49467aead7e5,side,B,directional_instance
552,he_9ukDOeEEs8w,HumanEdit,replace,Replace the blue and white plate in the bottom right with a pumpkin on the blue plate.,"There were six sets of cutlery on the table, and a pumpkin on the plate at the bottom right.",train,/mnt/bn/strategy-mllm-train/user/tanyue/datasets/HumanEdit/data/train-00014-of-00034-f5a022605600a199.parquet,59,9ukDOeEEs8w,he-src-8bf24704399428327345,he-src-8bf24704399428327345,side,B,directional_instance
553,he__RfbgayXWOk,HumanEdit,replace,Turn the two pine cones on the left side of the table into red apples on a wooden plate.,"On the left of the table was a red apple on a wooden plate, and on the right was a white candle in a fine box.",train,/mnt/bn/strategy-mllm-train/user/tanyue/datasets/HumanEdit/data/train-00012-of-00034-858bad23f2c47aa8.parquet,39,_RfbgayXWOk,he-src-4fbff2105e3228e4a2b7,he-src-4fbff2105e3228e4a2b7,side,B,directional_instance
554,he__qZOwG2oaj4,HumanEdit,replace,Replace the empty plate on the left side of the table with a plate with food.,"On the table on the left are two white plates with vegetables, in the middle are five cups with water or drinks, and on the right is a white plate with meat.",train,/mnt/bn/strategy-mllm-train/user/tanyue/datasets/HumanEdit/data/train-00012-of-00034-858bad23f2c47aa8.parquet,34,_qZOwG2oaj4,he-src-134fdf5a18150da202ed,he-src-134fdf5a18150da202ed,side,B,directional_instance
555,he__ropNcPmpW8,HumanEdit,remove,Remove the person on the right of the two people walking together on the beach.,"On the right is the sea, on the left are the woods and the beach, and there is a man on the beach.",train,/mnt/bn/strategy-mllm-train/user/tanyue/datasets/HumanEdit/data/train-00012-of-00034-858bad23f2c47aa8.parquet,26,_ropNcPmpW8,he-src-35a1aeeeb84a77737860,he-src-35a1aeeeb84a77737860,side,B,directional_instance
