candidate_id,source_dataset,source_split,edit_type,source_record_id,source_shard,source_row,instruction_original,local_caption,target_prompt,region_source,mask_area_ratio,mask_components,diff_mass_inside_ratio,changed_pixel_inside_ratio,small_target,multi_target,multi_object_scene,same_class_multi_instance_proxy,requires_ref_instruction,strict_eligible,selection_score,review_flags
cb_train-00000-of-00007_0027,CompBench,train,add,03e5f069/1/00086.png,/mnt/bn/strategy-mllm-train/user/tanyue/datasets/CompBench/data/train-00000-of-00007.parquet,27,add a black-clothed person riding a bike on the upper right of the white-clothed person,a black-clothed person showing the upper body,,instance_mask,0.00936767578125,1,0.9788321256637573,1.0,True,False,True,True,False,True,13.275681322862201,
cb_train-00000-of-00007_0028,CompBench,train,add,05ed1023/0/00006.png,/mnt/bn/strategy-mllm-train/user/tanyue/datasets/CompBench/data/train-00000-of-00007.parquet,28,add a tiger on the right of the two tigers facing left with similar fur color to the others,a tiger,,instance_mask,0.07341552734375,1,0.9737883806228638,1.0,False,False,True,True,False,True,12.742333192964258,
cb_train-00000-of-00007_0039,CompBench,train,add,0f809e41/0/00007.png,/mnt/bn/strategy-mllm-train/user/tanyue/datasets/CompBench/data/train-00000-of-00007.parquet,39,add a gray fish on the upper left heading right,a gray fish,,instance_mask,0.073935546875,1,0.8144065141677856,0.9548013020480131,False,False,True,True,False,True,12.108572311650573,
cb_train-00000-of-00007_0106,CompBench,train,add,1dc0c9a0/1/00017.png,/mnt/bn/strategy-mllm-train/user/tanyue/datasets/CompBench/data/train-00000-of-00007.parquet,106,add a turtle on the left of the forward-facing turtle below the leftmost turtle,a turtle,,instance_mask,0.11483154296875,1,0.9830930829048157,0.9947230110626033,False,False,True,True,False,True,12.60690655514024,
cb_train-00000-of-00007_0129,CompBench,train,add,1e95ef5e/0/00002.png,/mnt/bn/strategy-mllm-train/user/tanyue/datasets/CompBench/data/train-00000-of-00007.parquet,129,add a duck on the rightmost side with its body facing right and similar feather color to other ducks,a brownish-gray duck,,instance_mask,0.0146435546875,1,0.9879998564720154,1.0,True,False,True,True,False,True,13.591710531162517,
cb_train-00000-of-00007_0130,CompBench,train,add,1e95ef5e/0/00005.png,/mnt/bn/strategy-mllm-train/user/tanyue/datasets/CompBench/data/train-00000-of-00007.parquet,130,add a duck on the upper right corner similar to other ducks,a brownish-gray duck,,instance_mask,0.01412841796875,1,0.9882457256317139,1.0,True,False,True,True,False,True,13.569992434723764,
cb_train-00000-of-00007_0131,CompBench,train,add,1e95ef5e/0/00007.png,/mnt/bn/strategy-mllm-train/user/tanyue/datasets/CompBench/data/train-00000-of-00007.parquet,131,add a duck similar to the other ducks on the upper right corner of the group of ducks,a brown duck,,instance_mask,0.01429443359375,1,0.986443817615509,1.0,True,False,True,True,False,True,13.569436788811014,
cb_train-00000-of-00007_0132,CompBench,train,add,1e95ef5e/0/00010.png,/mnt/bn/strategy-mllm-train/user/tanyue/datasets/CompBench/data/train-00000-of-00007.parquet,132,add a duck on the right side below the green stone beast,a brown duck,,instance_mask,0.01412353515625,1,0.9862156510353088,1.0,True,False,True,True,False,True,13.561902441731558,
cb_train-00000-of-00007_0145,CompBench,train,add,23e046fb/1/00001.png,/mnt/bn/strategy-mllm-train/user/tanyue/datasets/CompBench/data/train-00000-of-00007.parquet,145,add a giraffe on the right side of the sheep with its head down drinking water,a giraffe and a brown sheep,,instance_mask,0.12752197265625,1,0.90699303150177,0.9151684556987149,False,False,True,True,False,True,12.23664768733235,
cb_train-00000-of-00007_0151,CompBench,train,add,258944c8/0/00096.png,/mnt/bn/strategy-mllm-train/user/tanyue/datasets/CompBench/data/train-00000-of-00007.parquet,151,add a black bear on the rightmost side facing right and supporting itself on the parallel bars,a black bear,,instance_mask,0.165078125,1,0.8922650218009949,0.8103956180525189,False,False,True,True,False,True,12.017154969606139,
cb_train-00000-of-00007_0177,CompBench,train,add,2ea465de/0/00147.png,/mnt/bn/strategy-mllm-train/user/tanyue/datasets/CompBench/data/train-00000-of-00007.parquet,177,add a man on the lower right corner of the steps wearing a blue coat and a mask with his direction to upper right,a blue-coated person,,instance_mask,0.11258056640625,1,0.8898749351501465,0.9277844824230156,False,False,True,True,False,True,12.246723904600218,
cb_train-00000-of-00007_0208,CompBench,train,add,34504f63/4/00053.png,/mnt/bn/strategy-mllm-train/user/tanyue/datasets/CompBench/data/train-00000-of-00007.parquet,208,add a monkey behind the left monkey on the rock walking to the left and similar to other monkeys,a monkey,,instance_mask,0.01078369140625,1,0.9857089519500732,1.0,True,False,True,True,False,True,13.391315640868026,
cb_train-00000-of-00007_0214,CompBench,train,add,34ccea00/1/00050.png,/mnt/bn/strategy-mllm-train/user/tanyue/datasets/CompBench/data/train-00000-of-00007.parquet,214,add a brown bear on the leftmost,a brown bear,,instance_mask,0.07996337890625,1,0.996250331401825,1.0,False,False,True,True,False,True,12.885239847743872,
cb_train-00000-of-00007_0216,CompBench,train,add,359003f8/0/00047.png,/mnt/bn/strategy-mllm-train/user/tanyue/datasets/CompBench/data/train-00000-of-00007.parquet,216,add a gray bear sitting with its head facing right on the leftmost side,a gray bear,,instance_mask,0.00611083984375,1,0.9949125051498413,1.0,True,False,True,True,False,True,13.072911663411853,
cb_train-00000-of-00007_0219,CompBench,train,add,359003f8/1/00005.png,/mnt/bn/strategy-mllm-train/user/tanyue/datasets/CompBench/data/train-00000-of-00007.parquet,219,add a similar bear on the right side of the bear on the right,a gray bear,,instance_mask,0.00728759765625,1,0.9992994070053101,1.0,True,False,True,True,False,True,13.200140662364932,
cb_train-00000-of-00007_0220,CompBench,train,add,359003f8/1/00050.png,/mnt/bn/strategy-mllm-train/user/tanyue/datasets/CompBench/data/train-00000-of-00007.parquet,220,add a gray bear on the right side of the right bear,a gray bear,,instance_mask,0.00613525390625,1,0.9974218010902405,1.0,True,False,True,True,False,True,13.085223074953934,
cb_train-00000-of-00007_0221,CompBench,train,add,359003f8/1/00081.png,/mnt/bn/strategy-mllm-train/user/tanyue/datasets/CompBench/data/train-00000-of-00007.parquet,221,add a gray bear on the rightmost,a gray bear,,instance_mask,0.0065576171875,1,0.9990436434745789,1.0,True,False,True,True,False,True,13.133158480509799,
cb_train-00000-of-00007_0223,CompBench,train,add,359003f8/2/00042.png,/mnt/bn/strategy-mllm-train/user/tanyue/datasets/CompBench/data/train-00000-of-00007.parquet,223,"add a black bear on the rightmost side of the group of bears, similar to the other bears",a black bear,,instance_mask,0.00593017578125,1,0.9984322786331177,1.0,True,False,True,True,False,True,13.068074132924007,
cb_train-00000-of-00007_0235,CompBench,train,add,3bd7facd/0/00012.png,/mnt/bn/strategy-mllm-train/user/tanyue/datasets/CompBench/data/train-00000-of-00007.parquet,235,add a white airplane on the right side of the leftmost tail,a white airplane,,instance_mask,0.0938525390625,1,0.86090487241745,0.959351980356571,False,False,True,True,False,True,12.243820886675998,
cb_train-00000-of-00007_0242,CompBench,train,add,4385b2c4/4/00004.png,/mnt/bn/strategy-mllm-train/user/tanyue/datasets/CompBench/data/train-00000-of-00007.parquet,242,add a rabbit similar to the second rabbit on the right side of the left second rabbit,a white rabbit,,instance_mask,0.01720458984375,1,0.7803739905357361,0.9083070196745203,True,False,True,True,False,True,12.861851367385393,
cb_train-00000-of-00007_0245,CompBench,train,add,4539b907/1/00003.png,/mnt/bn/strategy-mllm-train/user/tanyue/datasets/CompBench/data/train-00000-of-00007.parquet,245,add a white-bodied black-mouthed dog running to the right on the right side of the group of dogs,a white-bodied black-mouthed dog,,instance_mask,0.00698486328125,1,0.9979111552238464,1.0,True,False,True,True,False,True,13.168016439769742,
cb_train-00000-of-00007_0257,CompBench,train,add,46d140ea/1/00012.png,/mnt/bn/strategy-mllm-train/user/tanyue/datasets/CompBench/data/train-00000-of-00007.parquet,257,add a black and white dog on the lower right corner walking towards the lower left,a black and white dog,,instance_mask,0.07196044921875,1,0.9003416299819946,0.9275628035639615,False,False,True,True,False,True,12.4361101345055,
cb_train-00000-of-00007_0283,CompBench,train,add,5a064706/0/00074.png,/mnt/bn/strategy-mllm-train/user/tanyue/datasets/CompBench/data/train-00000-of-00007.parquet,283,add a brown bear on the rightmost,a brown bear,,instance_mask,0.01304931640625,1,0.9985182285308838,1.0,True,False,True,True,False,True,13.560797760195541,
cb_train-00000-of-00007_0284,CompBench,train,add,5a064706/0/00079.png,/mnt/bn/strategy-mllm-train/user/tanyue/datasets/CompBench/data/train-00000-of-00007.parquet,284,add a brown bear on the rightmost,a brown bear,,instance_mask,0.012158203125,1,0.9981361031532288,1.0,True,False,True,True,False,True,13.515497429414491,
cb_train-00000-of-00007_0285,CompBench,train,add,5a064706/0/00081.png,/mnt/bn/strategy-mllm-train/user/tanyue/datasets/CompBench/data/train-00000-of-00007.parquet,285,add a small bear with similar fur color on the right side of the topmost bear,a small brown bear,,instance_mask,0.012919921875,1,0.9979031085968018,1.0,True,False,True,True,False,True,13.552296496439128,
cb_train-00000-of-00007_0309,CompBench,train,add,6a3bc149/1/00003.png,/mnt/bn/strategy-mllm-train/user/tanyue/datasets/CompBench/data/train-00000-of-00007.parquet,309,add a turtle on the upper left with its head facing forward,a turtle,,instance_mask,0.018486328125,1,0.980219304561615,1.0,True,False,True,True,False,True,13.706243420260426,
cb_train-00000-of-00007_0335,CompBench,train,add,790285e8/0/00011.png,/mnt/bn/strategy-mllm-train/user/tanyue/datasets/CompBench/data/train-00000-of-00007.parquet,335,"add a bird on the left near side of the second bird on the right, with its neck stretched out and turning to the left",a white bird,,instance_mask,0.016279296875,1,0.9842525720596313,1.0,True,False,True,True,False,True,13.642685123828608,
cb_train-00000-of-00007_0383,CompBench,train,add,80fb79c6/0/00084.png,/mnt/bn/strategy-mllm-train/user/tanyue/datasets/CompBench/data/train-00000-of-00007.parquet,383,add a headless tiger facing right on the right staircase,a headless tiger facing right,,instance_mask,0.2261279296875,1,0.9545783996582031,0.9669315893193581,False,False,True,True,False,True,12.069461293389617,
cb_train-00000-of-00007_0390,CompBench,train,add,82a3db34/0/00035.png,/mnt/bn/strategy-mllm-train/user/tanyue/datasets/CompBench/data/train-00000-of-00007.parquet,390,add a similar airplane to the uppermost airplane on its upper side,a white airplane,,instance_mask,0.1273876953125,1,0.9713943600654602,0.9834278488773086,False,False,True,True,False,True,12.494946522429759,
cb_train-00001-of-00007_0066,CompBench,train,add,85aa3b0e/1/00166.png,/mnt/bn/strategy-mllm-train/user/tanyue/datasets/CompBench/data/train-00001-of-00007.parquet,66,add a fish on the lower right corner of the red fish with its head pointing to the upper right,a red fish,,instance_mask,0.01197998046875,1,0.7428953051567078,0.8694054776219104,True,False,True,True,False,True,12.485618077066793,
cb_train-00001-of-00007_0094,CompBench,train,add,86a2b59f/16/00028.png,/mnt/bn/strategy-mllm-train/user/tanyue/datasets/CompBench/data/train-00001-of-00007.parquet,94,add a red electric scooter and a purple windproof cover on the upper left,a red electric scooter and a purple windproof cover,,instance_mask,0.0159765625,1,0.9850757122039795,1.0,True,False,True,True,False,True,13.633603707522157,
cb_train-00001-of-00007_0095,CompBench,train,add,86a2b59f/16/00031.png,/mnt/bn/strategy-mllm-train/user/tanyue/datasets/CompBench/data/train-00001-of-00007.parquet,95,add a red electric scooter and a purple windproof cover on the upper left,a red electric scooter and a purple windproof cover,,instance_mask,0.01746826171875,1,0.987057089805603,1.0,True,False,True,True,False,True,13.698098345281414,
cb_train-00001-of-00007_0115,CompBench,train,add,89fd5681/0/00009.png,/mnt/bn/strategy-mllm-train/user/tanyue/datasets/CompBench/data/train-00001-of-00007.parquet,115,add a black-clothed person standing with their back on the left side of the scooter,a black-clothed person,,instance_mask,0.0642626953125,1,0.7950664162635803,0.9357949609035621,False,False,True,True,False,True,11.943874285735024,
cb_train-00001-of-00007_0120,CompBench,train,add,8c8b7913/2/00065.png,/mnt/bn/strategy-mllm-train/user/tanyue/datasets/CompBench/data/train-00001-of-00007.parquet,120,add a white cow on the rightmost,a white cow,,instance_mask,0.0143115234375,1,0.6470895409584045,0.8036104236424516,True,False,True,True,False,True,12.213720954280353,
cb_train-00001-of-00007_0174,CompBench,train,add,94f7c53e/1/00050.png,/mnt/bn/strategy-mllm-train/user/tanyue/datasets/CompBench/data/train-00001-of-00007.parquet,174,add a turtle on the lower right with its head facing forward,a turtle,,instance_mask,0.121787109375,1,0.8807140588760376,0.9532336366519479,False,False,True,True,False,True,12.161010203550244,
cb_train-00001-of-00007_0201,CompBench,train,add,994ed763/2/00006.png,/mnt/bn/strategy-mllm-train/user/tanyue/datasets/CompBench/data/train-00001-of-00007.parquet,201,add a white goose on the lower left,a white goose,,instance_mask,0.1027587890625,1,0.8302717208862305,0.8439570174087198,False,False,True,True,False,True,12.064717415649824,
cb_train-00001-of-00007_0250,CompBench,train,add,a3e85b4b/3/00020.png,/mnt/bn/strategy-mllm-train/user/tanyue/datasets/CompBench/data/train-00001-of-00007.parquet,250,add a zebra on the left side of the lead zebra in the herd with its head towards the ground,two zebras,,instance_mask,0.168408203125,1,0.8920507431030273,0.8508064516129032,False,False,True,True,False,True,12.00392975879197,
cb_train-00001-of-00007_0262,CompBench,train,add,a6adef89/1/00009.png,/mnt/bn/strategy-mllm-train/user/tanyue/datasets/CompBench/data/train-00001-of-00007.parquet,262,add a plane on the rightmost side that is similar to the other planes,two planes,,instance_mask,0.01794921875,1,0.82264643907547,0.8385354789934119,True,False,True,True,False,True,13.056665519307776,
cb_train-00001-of-00007_0295,CompBench,train,add,aa911a8e/0/00023.png,/mnt/bn/strategy-mllm-train/user/tanyue/datasets/CompBench/data/train-00001-of-00007.parquet,295,add a black bird on the upper left,a black bird,,instance_mask,0.08836181640625,1,0.8841813206672668,0.9537272097853681,False,False,True,True,False,True,12.375443143009756,
cb_train-00001-of-00007_0351,CompBench,train,add,b6f03bd9/0/00038.png,/mnt/bn/strategy-mllm-train/user/tanyue/datasets/CompBench/data/train-00001-of-00007.parquet,351,add a tiger with similar fur color walking on the left side of the leftmost tiger in the group of tigers,a tiger,,instance_mask,0.0203125,1,0.9821357727050781,1.0,False,False,True,True,False,True,11.972250026151396,
cb_train-00001-of-00007_0354,CompBench,train,add,b898c99e/0/00035.png,/mnt/bn/strategy-mllm-train/user/tanyue/datasets/CompBench/data/train-00001-of-00007.parquet,354,add a giraffe on the right side of the giraffe that is similar in appearance and facing forward,a giraffe,,instance_mask,0.13035888671875,1,0.8115680813789368,0.8506608529772448,False,False,True,True,False,True,11.841891704653447,
cb_train-00001-of-00007_0396,CompBench,train,add,c6ad7aaf/0/00034.png,/mnt/bn/strategy-mllm-train/user/tanyue/datasets/CompBench/data/train-00001-of-00007.parquet,396,add a black car on the lower left of the road with only the tail and facing left,add a black car,,instance_mask,0.0965869140625,1,0.9242960214614868,0.9306341348420556,False,False,True,True,False,True,12.480215684526353,
cb_train-00001-of-00007_0402,CompBench,train,add,ca74a924/1/00004.png,/mnt/bn/strategy-mllm-train/user/tanyue/datasets/CompBench/data/train-00001-of-00007.parquet,402,add a parrot on the right side of the parrot on the right that is standing on a person's finger and looks similar to other parrots,a green bird,,instance_mask,0.09708740234375,1,0.945238471031189,0.9889149811882938,False,False,True,True,False,True,12.560242559902942,
cb_train-00001-of-00007_0412,CompBench,train,add,cbdbc6c3/0/00037.png,/mnt/bn/strategy-mllm-train/user/tanyue/datasets/CompBench/data/train-00001-of-00007.parquet,412,add a black plane on the right of the first fighter jet similar to the leftmost one,a black plane,,instance_mask,0.01880615234375,1,0.8495514988899231,0.9821138211382113,True,False,True,True,False,True,13.194210938053944,
cb_train-00002-of-00007_0069,CompBench,train,add,e15e4de8/0/00034.png,/mnt/bn/strategy-mllm-train/user/tanyue/datasets/CompBench/data/train-00002-of-00007.parquet,69,add a zebra on the right side of the zebra facing its front,two zebras,,instance_mask,0.08583984375,1,0.8441725969314575,0.9188645176568097,False,False,True,True,False,True,12.233461069481542,
cb_train-00002-of-00007_0079,CompBench,train,add,e3dcd186/0/00007.png,/mnt/bn/strategy-mllm-train/user/tanyue/datasets/CompBench/data/train-00002-of-00007.parquet,79,add a grey fish with a yellow head on the left side of the goldfish,a black fish,,instance_mask,0.09563232421875,1,0.8022084832191467,0.852918229179775,False,False,True,True,False,True,11.997912477076143,
cb_train-00002-of-00007_0086,CompBench,train,add,e53611da/0/00073.png,/mnt/bn/strategy-mllm-train/user/tanyue/datasets/CompBench/data/train-00002-of-00007.parquet,86,add a white goose facing right on below the black bucket,a white goose and a gray duck,,instance_mask,0.00477783203125,1,0.9924220442771912,1.0,True,False,True,True,False,True,12.908957117110216,
cb_train-00002-of-00007_0089,CompBench,train,add,e5665030/1/00021.png,/mnt/bn/strategy-mllm-train/user/tanyue/datasets/CompBench/data/train-00002-of-00007.parquet,89,add a tiger walking to the left front between the two tigers near the pool,a tiger,,instance_mask,0.038056640625,1,0.9849041104316711,1.0,False,False,True,True,False,True,12.37609082947783,
cb_train-00002-of-00007_0117,CompBench,train,add,efe9cbca/1/00003.png,/mnt/bn/strategy-mllm-train/user/tanyue/datasets/CompBench/data/train-00002-of-00007.parquet,117,"add a tiger on the leftmost of the cluster, above the second tiger from the left",a tiger,,instance_mask,0.023408203125,1,0.954179584980011,0.9601803155522164,False,False,True,True,False,True,11.948907406892468,
cb_train-00002-of-00007_0141,CompBench,train,add,fc4c1c67/1/00002.png,/mnt/bn/strategy-mllm-train/user/tanyue/datasets/CompBench/data/train-00002-of-00007.parquet,141,add a tiger on the leftmost with its tail facing forward,a tiger,,instance_mask,0.05803466796875,1,0.9922344088554382,1.0,False,False,True,True,False,True,12.6684570419799,
cb_train-00006-of-00007_0274,CompBench,train,multi_object_add,03c21af7_00020.png,/mnt/bn/strategy-mllm-train/user/tanyue/datasets/CompBench/data/train-00006-of-00007.parquet,274,add a smaller zebra on the left and a bigger zebra on the right,a zebra|a zebra,,instance_mask_union,0.07056884765625,2,0.8421550989151001,0.9992386269906732,False,True,True,True,False,True,12.190737545310553,
cb_train-00006-of-00007_0275,CompBench,train,multi_object_add,115da184_00002.png,/mnt/bn/strategy-mllm-train/user/tanyue/datasets/CompBench/data/train-00006-of-00007.parquet,275,add a zebra on the left of the one far behind the zebra herds and a small zebra to the right of the lion,a zebra|a zebra,,instance_mask_union,0.01836181640625,2,0.7313346266746521,0.8930062099155044,True,True,True,True,False,True,12.706492493197816,
cb_train-00006-of-00007_0278,CompBench,train,multi_object_add,1dc12eca_00039.png,/mnt/bn/strategy-mllm-train/user/tanyue/datasets/CompBench/data/train-00006-of-00007.parquet,278,add a yellow bird on the rightmost of the birds and add a grey bird on the left of it,a grey bird|a yellow bird,,instance_mask_union,0.0185693359375,2,0.5899236798286438,0.8536797908579576,True,True,True,True,False,True,12.147704728273306,
cb_train-00006-of-00007_0282,CompBench,train,multi_object_add,251bf059_00028.png,/mnt/bn/strategy-mllm-train/user/tanyue/datasets/CompBench/data/train-00006-of-00007.parquet,282,add a small dog on the right of the dog on the upper right and a yellow dog on the left of the yellow dog,a dog|a yellow dog,,instance_mask_union,0.02237548828125,2,0.49934273958206177,0.9197413465195892,False,True,True,True,False,True,10.102068658159126,
cb_train-00006-of-00007_0284,CompBench,train,multi_object_add,31b09833_00043.png,/mnt/bn/strategy-mllm-train/user/tanyue/datasets/CompBench/data/train-00006-of-00007.parquet,284,add a small yellow horse on the rightmost and half body of a white horse on the left,a horse|a horse,,instance_mask_union,0.0409765625,2,0.7938774824142456,0.9254328237319024,False,True,True,True,False,True,11.658334985884476,
cb_train-00006-of-00007_0285,CompBench,train,multi_object_add,32ecef67_00001.png,/mnt/bn/strategy-mllm-train/user/tanyue/datasets/CompBench/data/train-00006-of-00007.parquet,285,add a tiger on the leftmost and a tiger standing on the rock on the right,a tiger|a tiger,,instance_mask_union,0.12156982421875,2,0.870948076248169,0.9681984565526567,False,True,True,True,False,True,12.123027014907386,
cb_train-00006-of-00007_0286,CompBench,train,multi_object_add,359003f8_00004.png,/mnt/bn/strategy-mllm-train/user/tanyue/datasets/CompBench/data/train-00006-of-00007.parquet,286,add two bears on the right of the bear,a bear|a bear,,instance_mask_union,0.0181298828125,2,0.9981846809387207,1.0,True,True,True,True,False,True,13.765846708398643,
cb_train-00006-of-00007_0288,CompBench,train,multi_object_add,4a41cbf8_00009.png,/mnt/bn/strategy-mllm-train/user/tanyue/datasets/CompBench/data/train-00006-of-00007.parquet,288,add a white and red fish above the yellow fish and a black and red fish on the upper right,an orange and white fish|a black and red fish,,instance_mask_union,0.080068359375,2,0.7868853211402893,0.9881268504105241,False,True,True,True,False,True,12.047771243029214,
cb_train-00006-of-00007_0289,CompBench,train,multi_object_add,54273925_00004.png,/mnt/bn/strategy-mllm-train/user/tanyue/datasets/CompBench/data/train-00006-of-00007.parquet,289,add a white sheep and a black sheep to the right of it,a black sheep|a white sheep,,instance_mask_union,0.04872314453125,2,0.949528694152832,0.9996703477830888,False,True,True,True,False,True,12.388503998400934,
cb_train-00006-of-00007_0292,CompBench,train,multi_object_add,799a2d61_00002.png,/mnt/bn/strategy-mllm-train/user/tanyue/datasets/CompBench/data/train-00006-of-00007.parquet,292,add one plane on the left and another one on the right,a plane|a plane,,instance_mask_union,0.0539111328125,2,0.9481990933418274,1.0,False,True,True,True,False,True,12.446324948611313,
cb_train-00006-of-00007_0293,CompBench,train,multi_object_add,7c6d3504_00016.png,/mnt/bn/strategy-mllm-train/user/tanyue/datasets/CompBench/data/train-00006-of-00007.parquet,293,add a smaller crane on the uppper right of the larger crane and a small crane on the left,a bird|a bird,,instance_mask_union,0.02237548828125,2,0.7898536920547485,0.9166046857567869,False,True,True,True,False,True,11.263264644318665,
cb_train-00006-of-00007_0294,CompBench,train,multi_object_add,7fe2bf77_00040.png,/mnt/bn/strategy-mllm-train/user/tanyue/datasets/CompBench/data/train-00006-of-00007.parquet,294,add an antelope in front of the left zebra and an antelope in front of the right zebra,an antelop|an antelop,,instance_mask_union,0.06918212890625,2,0.9606401920318604,1.0,False,True,True,True,False,True,12.651821376003985,
cb_train-00006-of-00007_0296,CompBench,train,multi_object_add,80b73f1a_00006.png,/mnt/bn/strategy-mllm-train/user/tanyue/datasets/CompBench/data/train-00006-of-00007.parquet,296,add two white rabbits up and down,a white rabbit|a white rabbit,,instance_mask_union,0.23513671875,1,0.972867488861084,0.9629589021069751,False,True,True,True,False,True,12.118505512415595,
cb_train-00006-of-00007_0297,CompBench,train,multi_object_add,843d8f25_00046.png,/mnt/bn/strategy-mllm-train/user/tanyue/datasets/CompBench/data/train-00006-of-00007.parquet,297,add a zebra on the left of the tiger and a zebra on the left of the rightmost zebra,a zebra|a zebra,,instance_mask_union,0.046123046875,2,0.9332383275032043,0.99984545641871,False,True,True,True,False,True,12.288944084947252,
cb_train-00006-of-00007_0298,CompBench,train,multi_object_add,85aa3b0e_00002.png,/mnt/bn/strategy-mllm-train/user/tanyue/datasets/CompBench/data/train-00006-of-00007.parquet,298,add a red fish above the light yellow fish and a red fish on the upper right,a red fish|a red fish,,instance_mask_union,0.01593017578125,2,0.9587953686714172,1.0,True,True,True,True,False,True,13.526834443375755,
cb_train-00006-of-00007_0299,CompBench,train,multi_object_add,85aa3b0e_00036.png,/mnt/bn/strategy-mllm-train/user/tanyue/datasets/CompBench/data/train-00006-of-00007.parquet,299,add a red fish on the upper left and a light yellow fish in the middle,a red fish|a fish,,instance_mask_union,0.016435546875,2,0.9056738615036011,1.0,True,True,True,True,False,True,13.334453011238672,
cb_train-00006-of-00007_0300,CompBench,train,multi_object_add,85aa3b0e_00081.png,/mnt/bn/strategy-mllm-train/user/tanyue/datasets/CompBench/data/train-00006-of-00007.parquet,300,add a red fish on the upper left and a light yellow fish on the left,a red fish|a fish,,instance_mask_union,0.018154296875,2,0.9426414966583252,1.0,True,True,True,True,False,True,13.544233660347873,
cb_train-00006-of-00007_0301,CompBench,train,multi_object_add,85aa3b0e_00122.png,/mnt/bn/strategy-mllm-train/user/tanyue/datasets/CompBench/data/train-00006-of-00007.parquet,301,add a red fish in the middle and a light yellow fish on the left of the orange fish,a red fish|a fish,,instance_mask_union,0.01728271484375,2,0.9366392493247986,1.0,True,True,True,True,False,True,13.489582966425626,
cb_train-00006-of-00007_0305,CompBench,train,multi_object_add,85aa3b0e_00344.png,/mnt/bn/strategy-mllm-train/user/tanyue/datasets/CompBench/data/train-00006-of-00007.parquet,305,add a yellow fish above the red fish in the bottom and a white fish on the right of the red fish on the upper left corner,a fish|a fish,,instance_mask_union,0.01996826171875,2,0.9545220732688904,1.0,True,True,True,True,False,True,13.650668985788695,
cb_train-00006-of-00007_0310,CompBench,train,multi_object_add,8d0d641a_00056.png,/mnt/bn/strategy-mllm-train/user/tanyue/datasets/CompBench/data/train-00006-of-00007.parquet,310,add a black duck on the upper left near the feeding bowl and a black duck facing the feeding bowl in front,a black duck|a black duck,,instance_mask_union,0.110625,2,0.9167410135269165,0.9906577735857531,False,True,True,True,False,True,12.364516775835579,
cb_train-00006-of-00007_0311,CompBench,train,multi_object_add,910bf878_00001.png,/mnt/bn/strategy-mllm-train/user/tanyue/datasets/CompBench/data/train-00006-of-00007.parquet,311,add two red fish up and down in the water,a red fish|a red fish,,instance_mask_union,0.0187939453125,1,0.8158293962478638,0.9988250652741515,True,True,True,True,False,True,13.058803379023178,
cb_train-00006-of-00007_0316,CompBench,train,multi_object_add,9ffb2818_00064.png,/mnt/bn/strategy-mllm-train/user/tanyue/datasets/CompBench/data/train-00006-of-00007.parquet,316,add a white behind the black bird on the right and a black bird standing on the bucket,a white bird|a black and grey bird,,instance_mask_union,0.01923828125,2,0.5068104267120361,0.8309564555999239,True,True,True,True,False,True,11.836639003990772,
cb_train-00006-of-00007_0317,CompBench,train,multi_object_add,9ffb2818_00119.png,/mnt/bn/strategy-mllm-train/user/tanyue/datasets/CompBench/data/train-00006-of-00007.parquet,317,add a black bird in front of the white bird on the left and a black bird in front of the big bowl,a black bird|a black and grey bird,,instance_mask_union,0.0158837890625,2,0.5263418555259705,0.8259064209033826,True,True,True,True,False,True,11.795380864609495,
cb_train-00006-of-00007_0325,CompBench,train,multi_object_add,b4891f7f_00001.png,/mnt/bn/strategy-mllm-train/user/tanyue/datasets/CompBench/data/train-00006-of-00007.parquet,325,add two white goats,a goat|a goat,,instance_mask_union,0.070517578125,1,0.7790757417678833,0.8890954860117856,False,True,True,True,False,True,11.937793249227239,
cb_train-00006-of-00007_0326,CompBench,train,multi_object_add,b7fb59c9_00045.png,/mnt/bn/strategy-mllm-train/user/tanyue/datasets/CompBench/data/train-00006-of-00007.parquet,326,add a duck to the rear left of the rightmost duck and a duck to the rear right of the leftmost duck,two ducks|two ducks,,instance_mask_union,0.04058837890625,2,0.8496055006980896,0.9987170515512013,False,True,True,True,False,True,11.874555905376845,
cb_train-00006-of-00007_0332,CompBench,train,multi_object_add,db6533a5_00070.png,/mnt/bn/strategy-mllm-train/user/tanyue/datasets/CompBench/data/train-00006-of-00007.parquet,332,add a white dog on the rightmost in front of the slope and a taller white dog on the left of the black dog,a dog|a dog,,instance_mask_union,0.0242431640625,2,0.6386886239051819,0.8635421464762782,False,True,True,True,False,True,10.708849092325599,
cb_train-00006-of-00007_0333,CompBench,train,multi_object_add,e1b7f212_00002.png,/mnt/bn/strategy-mllm-train/user/tanyue/datasets/CompBench/data/train-00006-of-00007.parquet,333,add a monkey hanging on the rope on the upper right and a monkey standing on the wood on the bottom right,a monkey|a monkey,,instance_mask_union,0.04632080078125,2,0.8016982674598694,0.9316951057525289,False,True,True,True,False,True,11.765950191768889,
cb_train-00006-of-00007_0335,CompBench,train,multi_object_add,eb4d26e1_00000.png,/mnt/bn/strategy-mllm-train/user/tanyue/datasets/CompBench/data/train-00006-of-00007.parquet,335,add a man wearing blue T-shirt and black shorts sitting in the boat and a man wearing blue T-shirt and blue jeans rowing,a man|a man,,instance_mask_union,0.04940185546875,1,0.6560751795768738,0.8924164702620269,False,True,True,True,False,True,11.223899644112397,
cb_train-00006-of-00007_0337,CompBench,train,multi_object_add,ee91f783_00014.png,/mnt/bn/strategy-mllm-train/user/tanyue/datasets/CompBench/data/train-00006-of-00007.parquet,337,add a blue and grey bird on the right of the leftmost white bird and a white bird on the rightmost,a bird|a bird,,instance_mask_union,0.015673828125,2,0.40555137395858765,0.8218167701863354,True,True,True,True,False,True,11.303799946061917,
cb_train-00006-of-00007_0342,CompBench,train,multi_object_add,fdb2e432_00165.png,/mnt/bn/strategy-mllm-train/user/tanyue/datasets/CompBench/data/train-00006-of-00007.parquet,342,add two black birds on the right,a bird|a bird,,instance_mask_union,0.03036376953125,2,0.8457426428794861,0.9857829961805065,False,True,True,True,False,True,11.678234783790316,
cb_train-00006-of-00007_0344,CompBench,train,multi_object_remove,02b72b8d_00014.png,/mnt/bn/strategy-mllm-train/user/tanyue/datasets/CompBench/data/train-00006-of-00007.parquet,344,remove the upper yellow fish and the white fish on the right,rock|water and grass,,instance_mask_union,0.05146484375,2,0.966650664806366,1.0,False,True,True,True,False,True,12.491417396023897,
cb_train-00006-of-00007_0347,CompBench,train,multi_object_remove,115da184_00002.png,/mnt/bn/strategy-mllm-train/user/tanyue/datasets/CompBench/data/train-00006-of-00007.parquet,347,remove the left one between the two zebras far behind the zebra herds and the zebra hunted by the lion,grass|grass,,instance_mask_union,0.01836181640625,2,0.7313346266746521,0.8930062099155044,True,True,True,True,False,True,12.706284100036216,
cb_train-00006-of-00007_0348,CompBench,train,multi_object_remove,115da184_00049.png,/mnt/bn/strategy-mllm-train/user/tanyue/datasets/CompBench/data/train-00006-of-00007.parquet,348,remove the two zebras on the left and right of the lion,grassland|grassland,,instance_mask_union,0.0537451171875,2,0.9403785467147827,0.9998294461262951,False,True,True,True,False,True,12.413644372134051,
cb_train-00006-of-00007_0350,CompBench,train,multi_object_remove,1dc12eca_00039.png,/mnt/bn/strategy-mllm-train/user/tanyue/datasets/CompBench/data/train-00006-of-00007.parquet,350,remove the grey and the yellow bird on the rightmost of the birds,wiring nets|wiring nets,,instance_mask_union,0.0185693359375,2,0.5899236798286438,0.8536797908579576,True,True,True,True,False,True,12.147523447080342,
cb_train-00006-of-00007_0352,CompBench,train,multi_object_remove,1fb378d9_00007.png,/mnt/bn/strategy-mllm-train/user/tanyue/datasets/CompBench/data/train-00006-of-00007.parquet,352,remove the two long fish,water|water,,instance_mask_union,0.20326416015625,2,0.9745877981185913,0.9993658845909955,False,True,True,True,False,True,12.216255096474333,
cb_train-00006-of-00007_0353,CompBench,train,multi_object_remove,1fb378d9_00058.png,/mnt/bn/strategy-mllm-train/user/tanyue/datasets/CompBench/data/train-00006-of-00007.parquet,353,remove the fish tail on the upper left and the fish below,water|water,,instance_mask_union,0.13856201171875,2,0.9766377210617065,0.9972912353347136,False,True,True,True,False,True,12.46326968008015,
cb_train-00006-of-00007_0355,CompBench,train,multi_object_remove,29ff29f6_00020.png,/mnt/bn/strategy-mllm-train/user/tanyue/datasets/CompBench/data/train-00006-of-00007.parquet,355,remove the leftmost and the rightmost zebras,a zebra|a zebra,,instance_mask_union,0.10938720703125,2,0.9213352799415588,1.0,False,True,True,True,False,True,12.390388180160683,
cb_train-00006-of-00007_0358,CompBench,train,multi_object_remove,359003f8_00004.png,/mnt/bn/strategy-mllm-train/user/tanyue/datasets/CompBench/data/train-00006-of-00007.parquet,358,remove the two bears on the right,ground|ground,,instance_mask_union,0.0181298828125,2,0.9981846809387207,1.0,True,True,True,True,False,True,13.76521696823401,
cb_train-00006-of-00007_0361,CompBench,train,multi_object_remove,54273925_00004.png,/mnt/bn/strategy-mllm-train/user/tanyue/datasets/CompBench/data/train-00006-of-00007.parquet,361,remove the two sheep,wall and ground|grey curtain,,instance_mask_union,0.04872314453125,2,0.949528694152832,0.9996703477830888,False,True,True,True,False,True,12.388568239434587,
cb_train-00006-of-00007_0362,CompBench,train,multi_object_remove,7286b176_00024.png,/mnt/bn/strategy-mllm-train/user/tanyue/datasets/CompBench/data/train-00006-of-00007.parquet,362,remove the two birds flying above,grassland|grassland,,instance_mask_union,0.04515869140625,2,0.927360475063324,0.9996195445404642,False,True,True,True,False,True,12.25243245231964,
cb_train-00006-of-00007_0364,CompBench,train,multi_object_remove,799a2d61_00002.png,/mnt/bn/strategy-mllm-train/user/tanyue/datasets/CompBench/data/train-00006-of-00007.parquet,364,remove the planes,grassland|grassland,,instance_mask_union,0.0539111328125,2,0.9481990933418274,1.0,False,True,True,True,False,True,12.446189335198088,
cb_train-00006-of-00007_0366,CompBench,train,multi_object_remove,7fe2bf77_00040.png,/mnt/bn/strategy-mllm-train/user/tanyue/datasets/CompBench/data/train-00006-of-00007.parquet,366,remove the two antelopes,grass and a zebra|grass and a zebra,,instance_mask_union,0.06918212890625,2,0.9606401920318604,1.0,False,True,True,True,False,True,12.652614404185307,
cb_train-00006-of-00007_0369,CompBench,train,multi_object_remove,843d8f25_00046.png,/mnt/bn/strategy-mllm-train/user/tanyue/datasets/CompBench/data/train-00006-of-00007.parquet,369,remove the zebra hunted by the lion and the second zebra on the right,grass|grass,,instance_mask_union,0.046123046875,2,0.9332383275032043,0.99984545641871,False,True,True,True,False,True,12.28949778814429,
cb_train-00006-of-00007_0370,CompBench,train,multi_object_remove,85aa3b0e_00002.png,/mnt/bn/strategy-mllm-train/user/tanyue/datasets/CompBench/data/train-00006-of-00007.parquet,370,remove the red fish above the light yellow fish and the red fish on the upper right,water|water,,instance_mask_union,0.01593017578125,2,0.9587953686714172,1.0,True,True,True,True,False,True,13.527214841400784,
cb_train-00006-of-00007_0371,CompBench,train,multi_object_remove,85aa3b0e_00036.png,/mnt/bn/strategy-mllm-train/user/tanyue/datasets/CompBench/data/train-00006-of-00007.parquet,371,remove the red fish on the upper left and the light yellow fish in the middle,water|water,,instance_mask_union,0.016435546875,2,0.9056738615036011,1.0,True,True,True,True,False,True,13.334364394323659,
cb_train-00006-of-00007_0372,CompBench,train,multi_object_remove,85aa3b0e_00081.png,/mnt/bn/strategy-mllm-train/user/tanyue/datasets/CompBench/data/train-00006-of-00007.parquet,372,remove the red fish on the upper left and the light yellow fish on the left,water and a fish|water,,instance_mask_union,0.018154296875,2,0.9426414966583252,1.0,True,True,True,True,False,True,13.5439085337024,
cb_train-00006-of-00007_0373,CompBench,train,multi_object_remove,85aa3b0e_00122.png,/mnt/bn/strategy-mllm-train/user/tanyue/datasets/CompBench/data/train-00006-of-00007.parquet,373,remove the red fish in the middle and the light yellow fish on the left of the orange fish,water|water,,instance_mask_union,0.01728271484375,2,0.9366392493247986,1.0,True,True,True,True,False,True,13.489711811023767,
cb_train-00006-of-00007_0377,CompBench,train,multi_object_remove,85aa3b0e_00344.png,/mnt/bn/strategy-mllm-train/user/tanyue/datasets/CompBench/data/train-00006-of-00007.parquet,377,remove the biggest yellow fish in the middle and the white fish on the upper left,water|water,,instance_mask_union,0.01996826171875,2,0.9545220732688904,1.0,True,True,True,True,False,True,13.651306158603534,
cb_train-00006-of-00007_0378,CompBench,train,multi_object_remove,8c8b7913_00009.png,/mnt/bn/strategy-mllm-train/user/tanyue/datasets/CompBench/data/train-00006-of-00007.parquet,378,remove the leftmost and rightmost white cow,grass|tree,,instance_mask_union,0.0591943359375,2,0.9769848585128784,0.9991834980661797,False,True,True,True,False,True,12.620667181616525,
cb_train-00006-of-00007_0380,CompBench,train,multi_object_remove,8d0d641a_00003.png,/mnt/bn/strategy-mllm-train/user/tanyue/datasets/CompBench/data/train-00006-of-00007.parquet,380,remove the two black ducks,ground|ground,,instance_mask_union,0.060927734375,2,0.8880382776260376,0.9691780821917808,False,True,True,True,False,True,12.282780067983564,
cb_train-00006-of-00007_0382,CompBench,train,multi_object_remove,8d0d641a_00056.png,/mnt/bn/strategy-mllm-train/user/tanyue/datasets/CompBench/data/train-00006-of-00007.parquet,382,remove all the black ducks except the right one,ground|basin and ground,,instance_mask_union,0.110625,2,0.9167410135269165,0.9906577735857531,False,True,True,True,False,True,12.364759492707016,
cb_train-00006-of-00007_0383,CompBench,train,multi_object_remove,910bf878_00001.png,/mnt/bn/strategy-mllm-train/user/tanyue/datasets/CompBench/data/train-00006-of-00007.parquet,383,remove the two fish,a fish and water|water,,instance_mask_union,0.0187939453125,1,0.8158293962478638,0.9988250652741515,True,True,True,True,False,True,13.058049938548194,
cb_train-00006-of-00007_0384,CompBench,train,multi_object_remove,91b754c5_00013.png,/mnt/bn/strategy-mllm-train/user/tanyue/datasets/CompBench/data/train-00006-of-00007.parquet,384,remove the rabbit on the left and the one on the upper right,cardboa and grass|cardboard and grass,,instance_mask_union,0.21499755859375,2,0.9938682317733765,1.0,False,True,True,True,False,True,12.257610993597202,
cb_train-00006-of-00007_0385,CompBench,train,multi_object_remove,9b5f0f47_00014.png,/mnt/bn/strategy-mllm-train/user/tanyue/datasets/CompBench/data/train-00006-of-00007.parquet,385,remove the two yellow fish,water and line|water and line,,instance_mask_union,0.111865234375,2,0.9553699493408203,0.9982447782151902,False,True,True,True,False,True,12.51225614093578,
cb_train-00006-of-00007_0388,CompBench,train,multi_object_remove,9ffb2818_00064.png,/mnt/bn/strategy-mllm-train/user/tanyue/datasets/CompBench/data/train-00006-of-00007.parquet,388,remove the white bird on the right and the black bird standing on the bucket,ground|wall,,instance_mask_union,0.01923828125,2,0.5068104267120361,0.8309564555999239,True,True,True,True,False,True,11.837312983531016,
cb_train-00006-of-00007_0389,CompBench,train,multi_object_remove,9ffb2818_00119.png,/mnt/bn/strategy-mllm-train/user/tanyue/datasets/CompBench/data/train-00006-of-00007.parquet,389,remove the two black birds,ground and a white bird|ground,,instance_mask_union,0.0158837890625,2,0.5263418555259705,0.8259064209033826,True,True,True,True,False,True,11.794978570454145,
cb_train-00006-of-00007_0396,CompBench,train,multi_object_remove,b33ade7c_00003.png,/mnt/bn/strategy-mllm-train/user/tanyue/datasets/CompBench/data/train-00006-of-00007.parquet,396,remove the zebra facing front on the right and the leftmost zebra,grassland and a zebra|grassland,,instance_mask_union,0.0904296875,2,0.9450965523719788,0.9970303750212116,False,True,True,True,False,True,12.603800941282287,
cb_train-00006-of-00007_0401,CompBench,train,multi_object_remove,c30641cf_00001.png,/mnt/bn/strategy-mllm-train/user/tanyue/datasets/CompBench/data/train-00006-of-00007.parquet,401,remove the rightmost and the leftmost flamingos,rock and ground|rock and ground,,instance_mask_union,0.05963623046875,2,0.8556235432624817,0.9725384890798424,False,True,True,True,False,True,12.139697183673743,
cb_train-00006-of-00007_0403,CompBench,train,multi_object_remove,cfd946b2_00021.png,/mnt/bn/strategy-mllm-train/user/tanyue/datasets/CompBench/data/train-00006-of-00007.parquet,403,remove the rightmost and second rightmost fish,rock and water|ground and water,,instance_mask_union,0.1061962890625,2,0.8932488560676575,0.9803455526099277,False,True,True,True,False,True,12.296182661064666,
cb_train-00006-of-00007_0409,CompBench,train,multi_object_remove,ee91f783_00014.png,/mnt/bn/strategy-mllm-train/user/tanyue/datasets/CompBench/data/train-00006-of-00007.parquet,409,remove the blue and grey bird and the rightmost white bird,ground|ground,,instance_mask_union,0.015673828125,2,0.40555137395858765,0.8218167701863354,True,True,True,True,False,True,11.304077060216967,
cb_train-00002-of-00007_0183,CompBench,train,remove,03e5f069/1/00085.png,/mnt/bn/strategy-mllm-train/user/tanyue/datasets/CompBench/data/train-00002-of-00007.parquet,183,remove the second person on the left,grassland,,instance_mask,0.0089306640625,1,0.9769879579544067,1.0,True,False,True,True,False,True,13.238304329712554,
cb_train-00002-of-00007_0268,CompBench,train,remove,16130bd3/0/00040.png,/mnt/bn/strategy-mllm-train/user/tanyue/datasets/CompBench/data/train-00002-of-00007.parquet,268,remove the person on the right,grass and stone bench,,instance_mask,0.05595947265625,1,0.6659947037696838,0.8008900373241459,False,False,True,True,False,True,11.341496665741078,
cb_train-00002-of-00007_0322,CompBench,train,remove,1e95ef5e/0/00001.png,/mnt/bn/strategy-mllm-train/user/tanyue/datasets/CompBench/data/train-00002-of-00007.parquet,322,remove the duck on the rightmost and upper side,ground,,instance_mask,0.01448974609375,1,0.9867861270904541,1.0,True,False,True,True,False,True,13.579958450725401,
cb_train-00002-of-00007_0323,CompBench,train,remove,1e95ef5e/0/00004.png,/mnt/bn/strategy-mllm-train/user/tanyue/datasets/CompBench/data/train-00002-of-00007.parquet,323,remove the duck in the upper right corner of the duck group,ground,,instance_mask,0.014501953125,1,0.9869665503501892,1.0,True,False,True,True,False,True,13.580953163454282,
cb_train-00002-of-00007_0324,CompBench,train,remove,1e95ef5e/0/00006.png,/mnt/bn/strategy-mllm-train/user/tanyue/datasets/CompBench/data/train-00002-of-00007.parquet,324,remove the duck in the upper right corner of the group of ducks,ground,,instance_mask,0.0144189453125,1,0.9869999289512634,1.0,True,False,True,True,False,True,13.577633016613058,
cb_train-00002-of-00007_0325,CompBench,train,remove,1e95ef5e/0/00009.png,/mnt/bn/strategy-mllm-train/user/tanyue/datasets/CompBench/data/train-00002-of-00007.parquet,325,remove the duck in the upper right corner of the duck flock,ground,,instance_mask,0.0142919921875,1,0.9840971827507019,1.0,True,False,True,True,False,True,13.560409618843615,
cb_train-00002-of-00007_0339,CompBench,train,remove,214aeac3/0/00148.png,/mnt/bn/strategy-mllm-train/user/tanyue/datasets/CompBench/data/train-00002-of-00007.parquet,339,remove the rightmost sheep,two white sheep and a wall,,instance_mask,0.0299169921875,1,0.4392966032028198,0.8343699412115532,False,False,True,True,False,True,10.042525265133957,
cb_train-00002-of-00007_0367,CompBench,train,remove,2895bb8b/0/00049.png,/mnt/bn/strategy-mllm-train/user/tanyue/datasets/CompBench/data/train-00002-of-00007.parquet,367,remove the chicken at the lower leftmost,ground,,instance_mask,0.0729443359375,1,0.6229174733161926,0.8819890141659439,False,False,True,True,False,True,11.334826236736067,
cb_train-00002-of-00007_0377,CompBench,train,remove,2ae75f99/1/00015.png,/mnt/bn/strategy-mllm-train/user/tanyue/datasets/CompBench/data/train-00002-of-00007.parquet,377,remove the cat on the right,sofa and a cat,,instance_mask,0.0702490234375,1,0.7187678813934326,0.9541959369660148,False,False,True,True,False,True,11.69427369363628,
cb_train-00002-of-00007_0385,CompBench,train,remove,2b0e34d3/2/00004.png,/mnt/bn/strategy-mllm-train/user/tanyue/datasets/CompBench/data/train-00002-of-00007.parquet,385,remove the green bird on the upper side,ground,,instance_mask,0.0710498046875,1,0.7567086219787598,0.9319591564080542,False,False,True,True,False,True,11.853491012027368,
cb_train-00002-of-00007_0405,CompBench,train,remove,3135d31d/0/00001.png,/mnt/bn/strategy-mllm-train/user/tanyue/datasets/CompBench/data/train-00002-of-00007.parquet,405,remove the dog,ground,,instance_mask,0.04608642578125,1,0.7904968857765198,0.9158597662771285,False,False,True,False,False,True,10.317682386025075,
cb_train-00003-of-00007_0025,CompBench,train,remove,34504f63/1/00021.png,/mnt/bn/strategy-mllm-train/user/tanyue/datasets/CompBench/data/train-00003-of-00007.parquet,25,remove the second monkey on the left,boat and rocks,,instance_mask,0.01127197265625,1,0.9886608123779297,1.0,True,False,True,True,False,True,13.430262298847394,
cb_train-00003-of-00007_0026,CompBench,train,remove,34504f63/4/00020.png,/mnt/bn/strategy-mllm-train/user/tanyue/datasets/CompBench/data/train-00003-of-00007.parquet,26,remove the rightmost monkey on the wooden boat,wooden boat,,instance_mask,0.01533203125,1,0.9860029220581055,1.0,True,False,True,True,False,True,13.6120762339652,
cb_train-00003-of-00007_0027,CompBench,train,remove,34504f63/6/00080.png,/mnt/bn/strategy-mllm-train/user/tanyue/datasets/CompBench/data/train-00003-of-00007.parquet,27,remove the second monkey on the right side of the boat,wooden boat,,instance_mask,0.0130859375,1,0.9956926703453064,1.0,True,False,True,True,False,True,13.552077811538677,
cb_train-00003-of-00007_0041,CompBench,train,remove,359003f8/1/00004.png,/mnt/bn/strategy-mllm-train/user/tanyue/datasets/CompBench/data/train-00003-of-00007.parquet,41,remove the rightmost bear,ground and trees,,instance_mask,0.00746337890625,1,0.9984068274497986,1.0,True,False,True,True,False,True,13.211927519483194,
cb_train-00003-of-00007_0046,CompBench,train,remove,359003f8/3/00004.png,/mnt/bn/strategy-mllm-train/user/tanyue/datasets/CompBench/data/train-00003-of-00007.parquet,46,remove the second bear on the right,ground and trees,,instance_mask,0.01066650390625,1,0.9969201683998108,1.0,True,False,True,True,False,True,13.429253375890413,
cb_train-00003-of-00007_0061,CompBench,train,remove,3b19c5c3/1/00003.png,/mnt/bn/strategy-mllm-train/user/tanyue/datasets/CompBench/data/train-00003-of-00007.parquet,61,remove the zebra on the right,grassland,,instance_mask,0.25927490234375,1,0.8666098713874817,0.8808489740795875,False,False,True,True,False,True,11.63233591624488,
cb_train-00003-of-00007_0080,CompBench,train,remove,43030c4c/0/00033.png,/mnt/bn/strategy-mllm-train/user/tanyue/datasets/CompBench/data/train-00003-of-00007.parquet,80,remove the cat,cardboard box,,instance_mask,0.37251953125,1,0.9886516332626343,0.9938469924594686,False,False,True,False,False,True,10.493699168881411,
cb_train-00003-of-00007_0086,CompBench,train,remove,4539b907/0/00007.png,/mnt/bn/strategy-mllm-train/user/tanyue/datasets/CompBench/data/train-00003-of-00007.parquet,86,remove the leftmost dog,muddy ground,,instance_mask,0.01116943359375,1,0.9940958619117737,1.0,True,False,True,True,False,True,13.446276037514295,
cb_train-00003-of-00007_0087,CompBench,train,remove,4539b907/1/00000.png,/mnt/bn/strategy-mllm-train/user/tanyue/datasets/CompBench/data/train-00003-of-00007.parquet,87,remove the rightmost dog,muddy ground,,instance_mask,0.0081689453125,1,0.9952070116996765,1.0,True,False,True,True,False,True,13.255153186207174,
cb_train-00003-of-00007_0123,CompBench,train,remove,52ddf44c/0/00039.png,/mnt/bn/strategy-mllm-train/user/tanyue/datasets/CompBench/data/train-00003-of-00007.parquet,123,remove the leftmost chicken,ground and bamboo cage,,instance_mask,0.0989599609375,1,0.8539553880691528,0.9280167104065128,False,False,True,True,False,True,12.183349776339742,
cb_train-00003-of-00007_0138,CompBench,train,remove,58264713/0/00014.png,/mnt/bn/strategy-mllm-train/user/tanyue/datasets/CompBench/data/train-00003-of-00007.parquet,138,remove the zebra in the middle of the left,ground,,instance_mask,0.06549560546875,1,0.6824155449867249,0.8220989616802516,False,False,True,True,False,True,11.505565489429461,
cb_train-00003-of-00007_0139,CompBench,train,remove,592b4dee/0/00010.png,/mnt/bn/strategy-mllm-train/user/tanyue/datasets/CompBench/data/train-00003-of-00007.parquet,139,remove the rabbit on the top,green grass,,instance_mask,0.16740966796875,1,0.9306364059448242,0.8000406719916848,False,False,True,True,False,True,12.161154825987802,
cb_train-00003-of-00007_0142,CompBench,train,remove,5984ed74/0/00016.png,/mnt/bn/strategy-mllm-train/user/tanyue/datasets/CompBench/data/train-00003-of-00007.parquet,142,remove the leftmost giraffe,ground,,instance_mask,0.0348583984375,1,0.9819926023483276,1.0,False,False,True,True,False,True,12.309273582360808,
cb_train-00003-of-00007_0147,CompBench,train,remove,5a064706/0/00071.png,/mnt/bn/strategy-mllm-train/user/tanyue/datasets/CompBench/data/train-00003-of-00007.parquet,147,remove the bear on the rightmost,green grassland,,instance_mask,0.0121923828125,1,0.9988179206848145,1.0,True,False,True,True,False,True,13.519766821238703,
cb_train-00003-of-00007_0148,CompBench,train,remove,5a064706/0/00078.png,/mnt/bn/strategy-mllm-train/user/tanyue/datasets/CompBench/data/train-00003-of-00007.parquet,148,remove the bear on the rightmost,green grassland,,instance_mask,0.01195068359375,1,0.9971153736114502,1.0,True,False,True,True,False,True,13.500705506721904,
cb_train-00003-of-00007_0149,CompBench,train,remove,5a064706/0/00080.png,/mnt/bn/strategy-mllm-train/user/tanyue/datasets/CompBench/data/train-00003-of-00007.parquet,149,remove the bear on the rightmost,green grassland,,instance_mask,0.01272216796875,1,0.9982427358627319,1.0,True,False,True,True,False,True,13.543859133105995,
cb_train-00003-of-00007_0150,CompBench,train,remove,5a064706/0/00082.png,/mnt/bn/strategy-mllm-train/user/tanyue/datasets/CompBench/data/train-00003-of-00007.parquet,150,remove the rightmost bear,green grassland,,instance_mask,0.013369140625,1,0.9979479312896729,1.0,True,False,True,True,False,True,13.574501877176077,
cb_train-00003-of-00007_0168,CompBench,train,remove,607d8ff5/3/00035.png,/mnt/bn/strategy-mllm-train/user/tanyue/datasets/CompBench/data/train-00003-of-00007.parquet,168,remove the white fish on the upper part,yellow pond bottom,,instance_mask,0.0545556640625,1,0.730070948600769,0.8724348772929056,False,False,True,True,False,True,11.581574521636268,
cb_train-00003-of-00007_0174,CompBench,train,remove,616ad8ec/0/00001.png,/mnt/bn/strategy-mllm-train/user/tanyue/datasets/CompBench/data/train-00003-of-00007.parquet,174,remove the rightmost zebra,zebra and yellow grassland,,instance_mask,0.07541259765625,1,0.7700411677360535,0.8286206048684535,False,False,True,True,False,True,11.943433030939785,
cb_train-00003-of-00007_0179,CompBench,train,remove,61d80e22/0/00007.png,/mnt/bn/strategy-mllm-train/user/tanyue/datasets/CompBench/data/train-00003-of-00007.parquet,179,remove the person,ground and greenery,,instance_mask,0.1091845703125,1,0.839633047580719,0.8229803894151781,False,False,True,False,False,True,10.66479432182613,
cb_train-00003-of-00007_0183,CompBench,train,remove,62372d4c/0/00004.png,/mnt/bn/strategy-mllm-train/user/tanyue/datasets/CompBench/data/train-00003-of-00007.parquet,183,remove the fish on the left,stone and tank wall,,instance_mask,0.0784228515625,1,0.7657153606414795,0.9329500635069189,False,False,True,True,False,True,11.950608773888236,
cb_train-00003-of-00007_0191,CompBench,train,remove,6a3bc149/1/00000.png,/mnt/bn/strategy-mllm-train/user/tanyue/datasets/CompBench/data/train-00003-of-00007.parquet,191,remove the turtle in the upper left,blue ocean water,,instance_mask,0.017197265625,1,0.981317937374115,1.0,True,False,True,True,False,True,13.665145932858794,
cb_train-00003-of-00007_0196,CompBench,train,remove,6dff20c9/0/00015.png,/mnt/bn/strategy-mllm-train/user/tanyue/datasets/CompBench/data/train-00003-of-00007.parquet,196,remove the goose,muddy ground and wall,,instance_mask,0.09621337890625,1,0.8801023364067078,0.804523876012287,False,False,True,False,False,True,10.90545818114771,
cb_train-00003-of-00007_0201,CompBench,train,remove,708098a9/1/00001.png,/mnt/bn/strategy-mllm-train/user/tanyue/datasets/CompBench/data/train-00003-of-00007.parquet,201,remove the leftmost tiger,red stones and muddy ground,,instance_mask,0.05603515625,1,0.6570730209350586,0.8715727568942223,False,False,True,True,False,True,11.306619610462572,
cb_train-00003-of-00007_0207,CompBench,train,remove,7286b176/1/00030.png,/mnt/bn/strategy-mllm-train/user/tanyue/datasets/CompBench/data/train-00003-of-00007.parquet,207,remove the rightmost bird,green field,,instance_mask,0.01998291015625,1,0.5647067427635193,0.8961309834185004,True,False,True,True,False,True,12.092481289491262,
cb_train-00003-of-00007_0229,CompBench,train,remove,790285e8/0/00008.png,/mnt/bn/strategy-mllm-train/user/tanyue/datasets/CompBench/data/train-00003-of-00007.parquet,229,remove the second bird on the left,sky and grass,,instance_mask,0.01296630859375,1,0.9752627015113831,1.0,True,False,True,True,False,True,13.463877260826857,
cb_train-00003-of-00007_0230,CompBench,train,remove,790285e8/0/00012.png,/mnt/bn/strategy-mllm-train/user/tanyue/datasets/CompBench/data/train-00003-of-00007.parquet,230,remove the second crane on the left,grass and sky,,instance_mask,0.01591552734375,1,0.9677201509475708,1.0,True,False,True,True,False,True,13.562542317018746,
cb_train-00003-of-00007_0232,CompBench,train,remove,790285e8/3/00003.png,/mnt/bn/strategy-mllm-train/user/tanyue/datasets/CompBench/data/train-00003-of-00007.parquet,232,remove the second crane from the left,blue sky with white clouds,,instance_mask,0.01810791015625,1,0.9735164046287537,1.0,True,False,True,True,False,True,13.665704507762097,
cb_train-00004-of-00007_0121,CompBench,train,remove,962ae0e2/0/00016.png,/mnt/bn/strategy-mllm-train/user/tanyue/datasets/CompBench/data/train-00004-of-00007.parquet,121,remove the bottommost turtle,blue water,,instance_mask,0.20353515625,1,0.835285484790802,0.8967529045695215,False,False,True,False,False,True,10.258186490294381,
cb_train-00004-of-00007_0139,CompBench,train,remove,98b0033d/0/00034.png,/mnt/bn/strategy-mllm-train/user/tanyue/datasets/CompBench/data/train-00004-of-00007.parquet,139,remove the leftmost sheep,wall,,instance_mask,0.11545654296875,1,0.8376502394676208,0.807161283290339,False,False,True,True,False,True,12.021369650362573,
cb_train-00004-of-00007_0158,CompBench,train,remove,9ae447a7/1/00003.png,/mnt/bn/strategy-mllm-train/user/tanyue/datasets/CompBench/data/train-00004-of-00007.parquet,158,remove the leftmost duck in the group of ducks,ground,,instance_mask,0.00380615234375,1,0.9888952970504761,1.0,True,False,True,True,False,True,12.752720321932394,
cb_train-00004-of-00007_0212,CompBench,train,remove,a3a80cf7/0/00015.png,/mnt/bn/strategy-mllm-train/user/tanyue/datasets/CompBench/data/train-00004-of-00007.parquet,212,remove the car on the road and by the fence,road and fence,,instance_mask,0.1843798828125,1,0.9154519438743591,0.8913490001812361,False,False,True,False,False,True,10.640907180056217,
cb_train-00004-of-00007_0218,CompBench,train,remove,a3f0cb28/0/00007.png,/mnt/bn/strategy-mllm-train/user/tanyue/datasets/CompBench/data/train-00004-of-00007.parquet,218,remove the leftmost black fish,blue water,,instance_mask,0.02935791015625,1,0.637524425983429,0.9928982380438691,False,False,True,True,False,True,10.824551276042522,
cb_train-00004-of-00007_0264,CompBench,train,remove,aa348c45/1/00005.png,/mnt/bn/strategy-mllm-train/user/tanyue/datasets/CompBench/data/train-00004-of-00007.parquet,264,remove the zebra on the right,wall and green grass,,instance_mask,0.16357421875,1,0.7625943422317505,0.8302767195298426,False,False,True,True,False,True,11.504037666308225,
cb_train-00004-of-00007_0299,CompBench,train,remove,adeaf5aa/0/00068.png,/mnt/bn/strategy-mllm-train/user/tanyue/datasets/CompBench/data/train-00004-of-00007.parquet,299,remove the bird on the left,sky,,instance_mask,0.1483837890625,1,0.9752964973449707,0.9857741669229151,False,False,True,True,False,True,12.41512561494369,
cb_train-00004-of-00007_0304,CompBench,train,remove,afc7664d/0/00012.png,/mnt/bn/strategy-mllm-train/user/tanyue/datasets/CompBench/data/train-00004-of-00007.parquet,304,remove the fish in the distance,blue fish tank wall,,instance_mask,0.03839599609375,1,0.6678168177604675,0.9994165268762307,False,False,True,False,False,True,9.712604741201352,
cb_train-00004-of-00007_0346,CompBench,train,remove,ba28d02e/0/00004.png,/mnt/bn/strategy-mllm-train/user/tanyue/datasets/CompBench/data/train-00004-of-00007.parquet,346,remove the rightmost bear,ground and trees,,instance_mask,0.01854248046875,1,0.9940341114997864,1.0,True,False,True,True,False,True,13.762635029837105,
cb_train-00004-of-00007_0349,CompBench,train,remove,ba4b3b09/2/00001.png,/mnt/bn/strategy-mllm-train/user/tanyue/datasets/CompBench/data/train-00004-of-00007.parquet,349,remove the person,ground,,instance_mask,0.22994384765625,1,0.9051843285560608,0.8464621550793896,False,False,True,False,False,True,10.461053408457198,
cb_train-00004-of-00007_0359,CompBench,train,remove,ba9ea03d/0/00044.png,/mnt/bn/strategy-mllm-train/user/tanyue/datasets/CompBench/data/train-00004-of-00007.parquet,359,remove the dog on the right,ground and white bag,,instance_mask,0.09827392578125,1,0.8145338296890259,0.8249538272111635,False,False,True,True,False,True,12.029562010973855,
cb_train-00004-of-00007_0393,CompBench,train,remove,c4f9f19e/0/00065.png,/mnt/bn/strategy-mllm-train/user/tanyue/datasets/CompBench/data/train-00004-of-00007.parquet,393,remove the airplane on the ground with a green protective net,ground and green protective net,,instance_mask,0.09956787109375,1,0.8841546177864075,0.9433024256017758,False,False,True,False,False,True,10.900395393002663,
cb_train-00005-of-00007_0007,CompBench,train,remove,cbdbc6c3/0/00038.png,/mnt/bn/strategy-mllm-train/user/tanyue/datasets/CompBench/data/train-00005-of-00007.parquet,7,remove the plane in the middle of the group of planes,sky,,instance_mask,0.019208984375,1,0.8776352405548096,0.9831228751821273,True,False,True,True,False,True,13.319557597536777,
cb_train-00005-of-00007_0008,CompBench,train,remove,cc45a7f2/2/00002.png,/mnt/bn/strategy-mllm-train/user/tanyue/datasets/CompBench/data/train-00005-of-00007.parquet,8,remove the sheep on the right,rocks and grass,,instance_mask,0.09026123046875,1,0.8188949823379517,0.8740702806837857,False,False,True,True,False,True,12.10103287938456,
cb_train-00005-of-00007_0009,CompBench,train,remove,cd49fb99/0/00000.png,/mnt/bn/strategy-mllm-train/user/tanyue/datasets/CompBench/data/train-00005-of-00007.parquet,9,remove the car on the left,road and wall,,instance_mask,0.022919921875,1,0.6327220797538757,0.845231296402056,False,False,True,True,False,True,10.650427248504874,
cb_train-00005-of-00007_0086,CompBench,train,remove,db78e7a1/0/00009.png,/mnt/bn/strategy-mllm-train/user/tanyue/datasets/CompBench/data/train-00005-of-00007.parquet,86,remove the dog,ground,,instance_mask,0.06904052734375,1,0.6876298189163208,0.8017660609163041,False,False,True,False,False,True,10.158543296622843,
cb_train-00005-of-00007_0154,CompBench,train,remove,ec27366a/1/00002.png,/mnt/bn/strategy-mllm-train/user/tanyue/datasets/CompBench/data/train-00005-of-00007.parquet,154,remove the leftmost pigeon,gray floor,,instance_mask,0.053720703125,1,0.9172196984291077,0.996416494220966,False,False,True,True,False,True,12.320210584680625,
cb_train-00005-of-00007_0180,CompBench,train,remove,f40145c2/3/00020.png,/mnt/bn/strategy-mllm-train/user/tanyue/datasets/CompBench/data/train-00005-of-00007.parquet,180,remove the cat at the bottom,rug,,instance_mask,0.095556640625,1,0.8408765196800232,0.8889253948510948,False,False,True,True,False,True,12.153069056318111,
cb_train-00005-of-00007_0189,CompBench,train,remove,f6f8b4a6/0/00046.png,/mnt/bn/strategy-mllm-train/user/tanyue/datasets/CompBench/data/train-00005-of-00007.parquet,189,remove the rightmost giraffe,muddy land and sky,,instance_mask,0.01814697265625,1,0.9757704734802246,1.0,True,False,True,True,False,True,13.676827204021487,
cb_train-00005-of-00007_0193,CompBench,train,remove,f7360199/2/00017.png,/mnt/bn/strategy-mllm-train/user/tanyue/datasets/CompBench/data/train-00005-of-00007.parquet,193,remove the plane on the left,airport fence,,instance_mask,0.0692822265625,1,0.7263205647468567,0.8043127475429075,False,False,True,True,False,True,11.716073499026018,
cb_train-00005-of-00007_0198,CompBench,train,remove,f92cdae8/0/00002.png,/mnt/bn/strategy-mllm-train/user/tanyue/datasets/CompBench/data/train-00005-of-00007.parquet,198,remove the leftmost chicken,ground,,instance_mask,0.0713916015625,1,0.6175224781036377,0.8537875025561625,False,False,True,True,False,True,11.299560357613965,
cb_train-00005-of-00007_0238,CompBench,train,replace,001ca3cb/0/00010.png,/mnt/bn/strategy-mllm-train/user/tanyue/datasets/CompBench/data/train-00005-of-00007.parquet,238,replace the fish on the right with a black camera long lens,a black camera long lens and green fish tank wall,,instance_mask,0.04553955078125,1,0.8786903023719788,0.8098261731063676,False,False,True,True,False,True,12.063266528602016,
cb_train-00005-of-00007_0247,CompBench,train,replace,03e5f069/1/00000.png,/mnt/bn/strategy-mllm-train/user/tanyue/datasets/CompBench/data/train-00005-of-00007.parquet,247,replace the person on the right with a person in white,a person in white,,instance_mask,0.03129150390625,1,0.9898931980133057,0.9999240698557327,False,False,True,True,False,True,12.273144975692356,
cb_train-00005-of-00007_0248,CompBench,train,replace,03e5f069/1/00001.png,/mnt/bn/strategy-mllm-train/user/tanyue/datasets/CompBench/data/train-00005-of-00007.parquet,248,replace the man in black on the right with a woman in white without a backpack,a woman in white,,instance_mask,0.03142578125,1,0.9893925189971924,1.0,False,False,True,True,False,True,12.273729297030929,
cb_train-00005-of-00007_0249,CompBench,train,replace,03e5f069/1/00003.png,/mnt/bn/strategy-mllm-train/user/tanyue/datasets/CompBench/data/train-00005-of-00007.parquet,249,replace the rightmost black-clothed person with a white-clothed woman without a backpack,a white-clothed person riding a bicycle,,instance_mask,0.03148681640625,1,0.9910954833030701,0.999025420287501,False,False,True,True,False,True,12.281759719251344,
cb_train-00005-of-00007_0250,CompBench,train,replace,03e5f069/1/00144.png,/mnt/bn/strategy-mllm-train/user/tanyue/datasets/CompBench/data/train-00005-of-00007.parquet,250,replace the person on the right with a person wearing white,a person wearing white and a bicycle,,instance_mask,0.03326171875,2,0.9857110977172852,0.9980988593155894,False,False,True,True,False,True,12.294892060597244,
cb_train-00005-of-00007_0273,CompBench,train,replace,405c6000/1/00000.png,/mnt/bn/strategy-mllm-train/user/tanyue/datasets/CompBench/data/train-00005-of-00007.parquet,273,replace the giraffe with a black bird facing left,the grass and sky with a black bird,,instance_mask,0.06836669921875,1,0.9750846028327942,1.0,False,False,True,True,False,True,12.702551821467734,
cb_train-00005-of-00007_0285,CompBench,train,replace,725d4bfb/0/00022.png,/mnt/bn/strategy-mllm-train/user/tanyue/datasets/CompBench/data/train-00005-of-00007.parquet,285,replace the monkey on the right with a camera,a camera,,instance_mask,0.09508056640625,1,0.924665629863739,0.9777772062038632,False,False,True,True,False,True,12.490832674654774,
cb_train-00005-of-00007_0290,CompBench,train,replace,857e375e/3/00023.png,/mnt/bn/strategy-mllm-train/user/tanyue/datasets/CompBench/data/train-00005-of-00007.parquet,290,replace the inflatable kayak with an iron boat,an iron boat and water,,instance_mask,0.15638916015625,1,0.992063045501709,1.0,False,False,True,False,False,True,11.050231315101962,
cb_train-00005-of-00007_0291,CompBench,train,replace,857e375e/3/00032.png,/mnt/bn/strategy-mllm-train/user/tanyue/datasets/CompBench/data/train-00005-of-00007.parquet,291,replace the red kayak with a white wooden boat,a white wooden boat and two people,,instance_mask,0.0741845703125,1,0.990078330039978,1.0,False,False,True,False,False,True,11.414074644865616,
cb_train-00005-of-00007_0295,CompBench,train,replace,860fc1f7/0/00015.png,/mnt/bn/strategy-mllm-train/user/tanyue/datasets/CompBench/data/train-00005-of-00007.parquet,295,replace the bus with a white car moving to the left,a white car and bushes,,instance_mask,0.28623291015625,1,0.9149944186210632,0.8871259950590173,False,False,True,True,False,True,11.764240342500257,
cb_train-00005-of-00007_0297,CompBench,train,replace,86571569/1/00009.png,/mnt/bn/strategy-mllm-train/user/tanyue/datasets/CompBench/data/train-00005-of-00007.parquet,297,replace the leftmost rabbit with a small table model,a small table model,,instance_mask,0.123935546875,1,0.9613344669342041,0.9101939078479527,False,False,True,True,False,True,12.471861307900046,
cb_train-00005-of-00007_0298,CompBench,train,replace,86a2b59f/1/00017.png,/mnt/bn/strategy-mllm-train/user/tanyue/datasets/CompBench/data/train-00005-of-00007.parquet,298,replace the leftmost person with a person in black who is facing away,a person in black and a wall,,instance_mask,0.0733837890625,1,0.9891345500946045,1.0,False,False,True,True,False,True,12.802773167621249,
cb_train-00005-of-00007_0303,CompBench,train,replace,86a88668/0/00132.png,/mnt/bn/strategy-mllm-train/user/tanyue/datasets/CompBench/data/train-00005-of-00007.parquet,303,replace the brown SUV with a white SUV,a white SUV,,instance_mask,0.1715380859375,1,0.8695818185806274,0.8150438482481223,False,False,True,False,False,True,10.502216928608709,
cb_train-00005-of-00007_0304,CompBench,train,replace,86a88668/0/00223.png,/mnt/bn/strategy-mllm-train/user/tanyue/datasets/CompBench/data/train-00005-of-00007.parquet,304,replace the van with a silver car driving to the right,a silver car,,instance_mask,0.0641748046875,1,0.8460175395011902,0.8266356430177071,False,False,True,True,False,True,12.146431604465887,
cb_train-00005-of-00007_0306,CompBench,train,replace,86a88668/0/00291.png,/mnt/bn/strategy-mllm-train/user/tanyue/datasets/CompBench/data/train-00005-of-00007.parquet,306,replace the brown car with a grey pickup truck heading right,a grey pickup truck,,instance_mask,0.1243115234375,1,0.8960366249084473,0.8777596544832181,False,False,True,True,False,True,12.208974538668379,
cb_train-00005-of-00007_0307,CompBench,train,replace,86a88668/0/00308.png,/mnt/bn/strategy-mllm-train/user/tanyue/datasets/CompBench/data/train-00005-of-00007.parquet,307,replace the small car with a black motorcycle with brown side boxes riding to the right,a motorcycle and trees,,instance_mask,0.23764404296875,1,0.9182919859886169,0.8763941647134891,False,False,True,True,False,True,11.893092435576085,
cb_train-00005-of-00007_0310,CompBench,train,replace,8957514f/0/00062.png,/mnt/bn/strategy-mllm-train/user/tanyue/datasets/CompBench/data/train-00005-of-00007.parquet,310,replace the cat on the left with a small table and a cup,the table and the cup,,instance_mask,0.05711669921875,1,0.6950808763504028,0.8030055759553923,False,False,True,True,False,True,11.4704939675377,
cb_train-00005-of-00007_0311,CompBench,train,replace,89b671bb/3/00016.png,/mnt/bn/strategy-mllm-train/user/tanyue/datasets/CompBench/data/train-00005-of-00007.parquet,311,replace the black MPV with a grey-black sedan,a grey-black sedan,,instance_mask,0.05735595703125,1,0.7830577492713928,0.8013874516116669,False,False,True,False,False,True,10.425041280643837,
cb_train-00005-of-00007_0314,CompBench,train,replace,91b2f707/1/00018.png,/mnt/bn/strategy-mllm-train/user/tanyue/datasets/CompBench/data/train-00005-of-00007.parquet,314,replace the orange motorcycle with a blue motorcycle,a blue motorcycle,,instance_mask,0.08724609375,1,0.9853130578994751,0.9975756513611403,False,False,True,False,False,True,11.387408465388148,
cb_train-00005-of-00007_0315,CompBench,train,replace,91b2f707/1/00021.png,/mnt/bn/strategy-mllm-train/user/tanyue/datasets/CompBench/data/train-00005-of-00007.parquet,315,replace the orange motorcycle with a blue motorcycle,a blue motorcycle,,instance_mask,0.08728271484375,1,0.987983226776123,0.9963147382338875,False,False,True,False,False,True,11.398469031981566,
cb_train-00005-of-00007_0316,CompBench,train,replace,91b2f707/1/00022.png,/mnt/bn/strategy-mllm-train/user/tanyue/datasets/CompBench/data/train-00005-of-00007.parquet,316,replace the orange motorcycle with a blue motorcycle,a blue motorcycle,,instance_mask,0.077626953125,1,0.9832199215888977,0.9938995629068268,False,False,True,False,False,True,11.414621337257914,
cb_train-00005-of-00007_0317,CompBench,train,replace,91b754c5/2/00008.png,/mnt/bn/strategy-mllm-train/user/tanyue/datasets/CompBench/data/train-00005-of-00007.parquet,317,replace the white rabbit on the left with a cup,a cup and a cardboard box,,instance_mask,0.15888427734375,1,0.9694952368736267,0.9939582393503898,False,False,True,True,False,True,12.349661257875333,
cb_train-00005-of-00007_0323,CompBench,train,replace,9d5940d2/1/00029.png,/mnt/bn/strategy-mllm-train/user/tanyue/datasets/CompBench/data/train-00005-of-00007.parquet,323,replace the turtle on the right with a black small table,a black small table and a transparent fish tank wall,,instance_mask,0.05552978515625,1,0.8116532564163208,0.9214652786928449,False,False,True,True,False,True,11.919037579170084,
cb_train-00005-of-00007_0325,CompBench,train,replace,a218e951/1/00003.png,/mnt/bn/strategy-mllm-train/user/tanyue/datasets/CompBench/data/train-00005-of-00007.parquet,325,replace the red and white fish with a black camera,black camera,,instance_mask,0.15377197265625,1,0.8535352349281311,0.8829273246956749,False,False,True,False,False,True,10.506367786037723,
cb_train-00005-of-00007_0326,CompBench,train,replace,a218e951/1/00009.png,/mnt/bn/strategy-mllm-train/user/tanyue/datasets/CompBench/data/train-00005-of-00007.parquet,326,replace the fish on the right with a lens,a lens and water,,instance_mask,0.1774560546875,1,0.8746054768562317,0.8998433028140742,False,False,True,True,False,True,11.900700456702639,
cb_train-00005-of-00007_0328,CompBench,train,replace,a5905593/0/00045.png,/mnt/bn/strategy-mllm-train/user/tanyue/datasets/CompBench/data/train-00005-of-00007.parquet,328,replace the car on the left with a blue and white bus,a blue and white bus and leaves,,instance_mask,0.2478759765625,1,0.8505023717880249,0.8259702836560108,False,False,True,True,False,True,11.596116826312315,
cb_train-00005-of-00007_0332,CompBench,train,replace,a5cf4c8d/0/00004.png,/mnt/bn/strategy-mllm-train/user/tanyue/datasets/CompBench/data/train-00005-of-00007.parquet,332,replace the truck with a white car in front,a white car,,instance_mask,0.1174072265625,1,0.9987914562225342,1.0,False,False,True,True,False,True,12.655809828101091,
cb_train-00005-of-00007_0334,CompBench,train,replace,b0d09e6a/0/00004.png,/mnt/bn/strategy-mllm-train/user/tanyue/datasets/CompBench/data/train-00005-of-00007.parquet,334,replace the bottom rabbit with a silver bowl,silver bowl and a white pad,,instance_mask,0.15286376953125,1,0.9809243679046631,0.9981966066762357,False,False,True,True,False,True,12.419080164513723,
cb_train-00005-of-00007_0335,CompBench,train,replace,b0d09e6a/1/00032.png,/mnt/bn/strategy-mllm-train/user/tanyue/datasets/CompBench/data/train-00005-of-00007.parquet,335,replace the white rabbit with a black clock,a black clock,,instance_mask,0.0503466796875,1,0.9445497989654541,0.9962688500803234,False,False,True,False,False,True,10.989576228040871,
cb_train-00005-of-00007_0336,CompBench,train,replace,b0d09e6a/1/00035.png,/mnt/bn/strategy-mllm-train/user/tanyue/datasets/CompBench/data/train-00005-of-00007.parquet,336,replace the white rabbit on the right with a camera,a camera,,instance_mask,0.0514306640625,1,0.9491052031517029,0.9940108284222127,False,False,True,True,False,True,12.420392152727151,
cb_train-00005-of-00007_0337,CompBench,train,replace,b0d09e6a/1/00053.png,/mnt/bn/strategy-mllm-train/user/tanyue/datasets/CompBench/data/train-00005-of-00007.parquet,337,replace the white rabbit in front with a white bottle,a white bottle,,instance_mask,0.0476904296875,1,0.9542189836502075,0.9999427459063323,False,False,True,True,False,True,12.394154770774371,
cb_train-00005-of-00007_0338,CompBench,train,replace,b0d09e6a/1/00054.png,/mnt/bn/strategy-mllm-train/user/tanyue/datasets/CompBench/data/train-00005-of-00007.parquet,338,replace the rabbit with a cup,the cup and white ground,,instance_mask,0.08554931640625,1,0.9812047481536865,0.9998723023879453,False,False,True,False,False,True,11.383831632794015,
cb_train-00005-of-00007_0339,CompBench,train,replace,b0d09e6a/3/00065.png,/mnt/bn/strategy-mllm-train/user/tanyue/datasets/CompBench/data/train-00005-of-00007.parquet,339,replace the upper right rabbit with a cup,a cup and red wall,,instance_mask,0.0341064453125,1,0.9115700125694275,0.9555087719298245,False,False,True,True,False,True,12.014401424898974,
cb_train-00005-of-00007_0340,CompBench,train,replace,b12701b7/3/00009.png,/mnt/bn/strategy-mllm-train/user/tanyue/datasets/CompBench/data/train-00005-of-00007.parquet,340,replace the orange cat in the middle with a sign,a sign,,instance_mask,0.37626708984375,1,0.9961695671081543,1.0,False,False,True,True,False,True,11.91764242858644,
cb_train-00005-of-00007_0344,CompBench,train,replace,bdc5ccf7/2/00021.png,/mnt/bn/strategy-mllm-train/user/tanyue/datasets/CompBench/data/train-00005-of-00007.parquet,344,replace the white cat on the right with a black shelf,a black shelf,,instance_mask,0.0369921875,1,0.7427510023117065,0.8164929524220986,False,False,True,True,False,True,11.389027439841408,
cb_train-00005-of-00007_0345,CompBench,train,replace,beb693c9/0/00001.png,/mnt/bn/strategy-mllm-train/user/tanyue/datasets/CompBench/data/train-00005-of-00007.parquet,345,replace the boat below with a bridge,the water surface and a bridge,,instance_mask,0.19777587890625,1,0.9681352972984314,0.9789406861527421,False,False,True,False,False,True,10.80716527843125,
cb_train-00005-of-00007_0353,CompBench,train,replace,ced51047/0/00050.png,/mnt/bn/strategy-mllm-train/user/tanyue/datasets/CompBench/data/train-00005-of-00007.parquet,353,replace the cat on the right with a purple-black cushion,the purple-black cushion and the ground,,instance_mask,0.10867919921875,1,0.7105116844177246,0.8563404373353058,False,False,True,True,False,True,11.55088463449152,
cb_train-00005-of-00007_0355,CompBench,train,replace,ced51047/0/00052.png,/mnt/bn/strategy-mllm-train/user/tanyue/datasets/CompBench/data/train-00005-of-00007.parquet,355,replace the cat on the right with a black circle,a black circle and the ground,,instance_mask,0.1076611328125,1,0.6012656092643738,0.82824644012027,False,False,True,True,False,True,11.12002086832981,
cb_train-00005-of-00007_0356,CompBench,train,replace,ced51047/0/00053.png,/mnt/bn/strategy-mllm-train/user/tanyue/datasets/CompBench/data/train-00005-of-00007.parquet,356,replace the black cat on the right with a black cushion,the black cushion and the ground,,instance_mask,0.106494140625,1,0.581427276134491,0.824457921408989,False,False,True,True,False,True,11.04766380186827,
cb_train-00005-of-00007_0357,CompBench,train,replace,ced51047/0/00056.png,/mnt/bn/strategy-mllm-train/user/tanyue/datasets/CompBench/data/train-00005-of-00007.parquet,357,replace the cat on the right with a black rope,the black rope and the ground,,instance_mask,0.10547607421875,1,0.61777663230896,0.8481957693902945,False,False,True,True,False,True,11.198501158931794,
cb_train-00005-of-00007_0360,CompBench,train,replace,d2abc61e/1/00019.png,/mnt/bn/strategy-mllm-train/user/tanyue/datasets/CompBench/data/train-00005-of-00007.parquet,360,replace the dog on the left with a chair,a chair and the ground,,instance_mask,0.0867822265625,1,0.8877810835838318,0.8623367198838897,False,False,True,True,False,True,12.401195244099867,
cb_train-00005-of-00007_0361,CompBench,train,replace,d2abc61e/1/00020.png,/mnt/bn/strategy-mllm-train/user/tanyue/datasets/CompBench/data/train-00005-of-00007.parquet,361,replace the white dog with a black stool,a black stool and the ground,,instance_mask,0.0661279296875,1,0.8345833420753479,0.8075285941798176,False,False,True,False,False,True,10.719637965513797,
cb_train-00005-of-00007_0362,CompBench,train,replace,d869a3cf/0/00052.png,/mnt/bn/strategy-mllm-train/user/tanyue/datasets/CompBench/data/train-00005-of-00007.parquet,362,replace the white sheep in front with a black chair,a black chair and the wall and the floor,,instance_mask,0.3727734375,1,0.9453574419021606,0.8856763864803097,False,False,True,True,False,True,11.719966123190174,
cb_train-00005-of-00007_0367,CompBench,train,replace,dd3f4a07/0/00006.png,/mnt/bn/strategy-mllm-train/user/tanyue/datasets/CompBench/data/train-00005-of-00007.parquet,367,replace the turtle with a black pot,a black pot and a transparent fish tank wall,,instance_mask,0.05814208984375,1,0.8004887700080872,0.8828887945342957,False,False,True,False,False,True,10.502694722258145,
cb_train-00005-of-00007_0368,CompBench,train,replace,dd3f4a07/2/00013.png,/mnt/bn/strategy-mllm-train/user/tanyue/datasets/CompBench/data/train-00005-of-00007.parquet,368,replace the turtle in the middle with a small table,a small table,,instance_mask,0.074609375,1,0.877426266670227,0.9147101696492261,False,False,True,True,False,True,12.366596129608405,
cb_train-00005-of-00007_0369,CompBench,train,replace,dd3f4a07/2/00018.png,/mnt/bn/strategy-mllm-train/user/tanyue/datasets/CompBench/data/train-00005-of-00007.parquet,369,replace the middle turtle with a wooden chair,a chair,,instance_mask,0.0723583984375,1,0.8779414296150208,0.9146540941017993,False,False,True,True,False,True,12.349883724904014,
cb_train-00005-of-00007_0382,CompBench,train,replace,f06632aa/0/00002.png,/mnt/bn/strategy-mllm-train/user/tanyue/datasets/CompBench/data/train-00005-of-00007.parquet,382,replace the leftmost dog with a black pot,the black pot and the ground,,instance_mask,0.0537646484375,1,0.9914718270301819,1.0,False,False,True,True,False,True,12.618254087215362,
cb_train-00005-of-00007_0383,CompBench,train,replace,f06632aa/1/00059.png,/mnt/bn/strategy-mllm-train/user/tanyue/datasets/CompBench/data/train-00005-of-00007.parquet,383,replace the yellow dog with a cardboard box,a cardboard box and the ground,,instance_mask,0.07265380859375,1,0.9827193021774292,1.0,False,False,True,False,False,True,11.371486191313199,
cb_train-00005-of-00007_0384,CompBench,train,replace,f494e9fa/0/00001.png,/mnt/bn/strategy-mllm-train/user/tanyue/datasets/CompBench/data/train-00005-of-00007.parquet,384,replace the dog with a silver-blue four-legged stool,a silver-blue four-legged stool,,instance_mask,0.23685791015625,1,0.9300620555877686,0.9404660241551788,False,False,True,False,False,True,10.542498091381884,
cb_train-00005-of-00007_0386,CompBench,train,replace,f494e9fa/0/00009.png,/mnt/bn/strategy-mllm-train/user/tanyue/datasets/CompBench/data/train-00005-of-00007.parquet,386,replace the greyhound with a bench,a bench,,instance_mask,0.175400390625,1,0.8801933526992798,0.8952377138891113,False,False,True,False,False,True,10.530605961977983,
he_0-frDDoQqUw,HumanEdit,train,add,0-frDDoQqUw,/mnt/bn/strategy-mllm-train/user/tanyue/datasets/HumanEdit/data/train-00015-of-00034-844251aad179124e.parquet,122,Add a top.,A little boy wearing a hat stood in the crowd,"The image depicts a group of people gathered together, with a young boy in the foreground wearing a cap and looking upwards. The background is blurred, but it appears to be an indoor setting, possibly a community center or a public gathering place.

The overall atmosphere of the image suggests that the group is engaged in some kind of activity or event, possibly a meeting or a celebration. The presence of the young boy in the foreground adds a sense of innocence and curiosity to the scene.

The image may have been taken during a significant event or milestone in the community, such as a birthday party or a cultural festival. The blurred background and the focus on the group of people in the foreground create a sense of intimacy and closeness among the individuals.

Overall, the image conveys a sense of community and togetherness, highlighting the importance of human connection and social interaction.",human_brush_alpha,0.054782867431640625,1,0.8034512996673584,0.9647084672214441,False,False,False,True,False,True,11.877676660945948,
he_000000000307,HumanEdit,train,add,000000000307,/mnt/bn/strategy-mllm-train/user/tanyue/datasets/HumanEdit/data/train-00033-of-00034-8404b6591ad0d14c.parquet,143,Place a black dog with the neck is white in the center of the image.,"In the center of the picture, a black dog with a white neck is pacing, and on the right, a brown and white dog is chasing a Frisbee.","The image depicts two dogs, one black and white and the other brown and white, running through a grassy field with a frisbee in the foreground. The scene is set against a backdrop of trees and a car parked in the distance.

* Two dogs running through a grassy field:
	+ The dogs are positioned in the center of the image.
	+ They are both running towards the right side of the frame.
	+ The black and white dog is slightly ahead of the brown and white dog.
* A frisbee in the foreground:
	+ The frisbee is partially visible in the bottom-left corner of the image.
	+ It appears to be made of plastic or rubber.
	+ The frisbee is yellow with a blue rim.
* Trees and a car in the background:
	+ The trees are scattered throughout the field, providing shade and shelter for the dogs.
	+ The car is parked near the edge of the field, partially obscured by the trees.
	+ The car is white or light-colored.

Overall, the image captures a playful moment between the two dogs as they chase after a frisbee in a serene and natural setting.",human_brush_alpha,0.14971446990966797,1,0.7472893595695496,0.947314028923278,False,False,False,True,False,True,12.297735299545446,
he_000000093106,HumanEdit,train,add,000000093106,/mnt/bn/strategy-mllm-train/user/tanyue/datasets/HumanEdit/data/train-00030-of-00034-f0e63a7fd03eaeaf.parquet,72,Add a top hat.,"On the sofa sat a boy in a black top hat, a suit and tie with lots of little things on it","The image depicts a man sitting on a couch, wearing a black shirt, tie, and hat. He has a distinctive tie adorned with small bottles of liquor attached to it. The man is positioned in front of a red curtain, with a lamp and a record player visible in the background. The room's floor is made of light-colored wood, and a brown couch is situated behind the man. The overall atmosphere suggests a relaxed and informal setting, possibly a living room or home office.",human_brush_alpha,0.044646263122558594,1,0.7882699966430664,0.9618756087379992,False,False,False,True,False,True,11.68912360693521,
he_0CgpDVNOKgs,HumanEdit,train,add,0CgpDVNOKgs,/mnt/bn/strategy-mllm-train/user/tanyue/datasets/HumanEdit/data/train-00030-of-00034-f0e63a7fd03eaeaf.parquet,113,Add a hat.,"On the round table lay a little girl in a white hat, short hair, open eyes, and a flowered dress","""Little girl with a big smile and a messy hat, sitting on a wooden stool, looking directly at the camera.""",human_brush_alpha,0.10743427276611328,1,0.9328832030296326,0.981904948499776,False,False,False,False,False,True,11.047967161361484,
he_0E_vhMVqL9g,HumanEdit,train,add,0E_vhMVqL9g,/mnt/bn/strategy-mllm-train/user/tanyue/datasets/HumanEdit/data/train-00015-of-00034-844251aad179124e.parquet,104,Add a hat.,The little girl wearing a hat shakes hands with a robot,"The image depicts a young girl interacting with a robot in a public setting. The girl, dressed in a white shirt with pink flowers and a black baseball cap, is reaching out to touch the robot's hand. The robot, positioned on the right side of the image, has a white body and a screen on its chest, and is adorned with pink flowers around its neck. The background of the image is blurred, but it appears to be a busy street or market, with people and signs visible in the distance.

The overall atmosphere of the image suggests a sense of curiosity and wonder, as the girl explores the world of technology and robotics. The robot's friendly and approachable design adds to the sense of warmth and connection between the two characters.",human_brush_alpha,0.086181640625,1,0.8583182692527771,0.9811461746278094,False,False,False,False,False,True,10.887404968855295,
he_0G9rZGQqGig,HumanEdit,train,add,0G9rZGQqGig,/mnt/bn/strategy-mllm-train/user/tanyue/datasets/HumanEdit/data/train-00015-of-00034-844251aad179124e.parquet,157,Add a straw hat on the head.,A woman holding a little girl wearing a straw hat,"""An indigenous woman and child share a tender moment, their bond and cultural heritage evident in the traditional headpiece and the child's curious expression.""",human_brush_alpha,0.11887836456298828,1,0.9358311295509338,0.986267857996082,False,False,False,False,False,True,10.99630236668358,
he_0eKR4M2uuL8,HumanEdit,train,add,0eKR4M2uuL8,/mnt/bn/strategy-mllm-train/user/tanyue/datasets/HumanEdit/data/train-00015-of-00034-844251aad179124e.parquet,116,Add a pair of sunglasses.,A stylish dog wearing sunglasses caught a lot of attention.,"The image features a dog wearing sunglasses, with the dog's face being the main focus. The dog has a white coat with black and brown spots, and its ears are perked up. It is looking directly at the camera with a neutral expression.

*   **Dog's Face:**
    *   The dog's face is the central element of the image.
    *   It has a white coat with black and brown spots.
    *   Its ears are perked up, indicating alertness or attention.
*   **Sunglasses:**
    *   The dog is wearing sunglasses, which adds a humorous touch to the image.
    *   The sunglasses are dark and cover the dog's eyes, giving it a cool and stylish appearance.
*   **Background:**
    *   The background of the image is blurred, but it appears to be a natural setting, possibly outdoors.
    *   The greenery in the background suggests a park or garden-like environment.
*   **Overall Mood:**
    *   The image conveys a sense of playfulness and humor.
    *   The dog's sunglasses and serious expression create a comical contrast.

The image is a lighthearted and entertaining representation of a dog enjoying the outdoors while looking stylish",human_brush_alpha,0.0924234390258789,1,0.9130299091339111,0.9597179589839405,False,True,True,False,False,True,11.061899061030822,
he_0fOAmzgZ5cA,HumanEdit,train,add,0fOAmzgZ5cA,/mnt/bn/strategy-mllm-train/user/tanyue/datasets/HumanEdit/data/train-00015-of-00034-844251aad179124e.parquet,147,Add water bottle.,The little girl is holding a bottle and receiving water from the spray nozzle,"The image depicts a person's hand holding a blue water gun, with water spraying out of it. The person is wearing a teal shirt and is standing in front of a blurred background that appears to be a pool or other body of water. The overall atmosphere suggests a fun and playful scene, possibly during a summer or outdoor event.",human_brush_alpha,0.0862264633178711,1,0.8916547894477844,0.9840294107115148,False,False,False,False,False,True,11.02051282155128,
he_0jRQ-_fM0gM,HumanEdit,train,add,0jRQ-_fM0gM,/mnt/bn/strategy-mllm-train/user/tanyue/datasets/HumanEdit/data/train-00012-of-00034-858bad23f2c47aa8.parquet,60,Add a white strawberry to the middle of several red strawberries.,There is a white strawberry in the middle of several red strawberries.,"""White strawberry stands out in a sea of red, its green leaves a vibrant contrast to the lush, ripe berries surrounding it.""",human_brush_alpha,0.2831850051879883,1,0.980991005897522,0.9952092401780067,False,True,True,True,False,True,12.034366638897717,
he_0qEmA2h57Pk,HumanEdit,train,add,0qEmA2h57Pk,/mnt/bn/strategy-mllm-train/user/tanyue/datasets/HumanEdit/data/train-00008-of-00034-37561f9e3fac8178.parquet,11,Put a moon in the middle of the sky without any clouds,A bright moon in the middle of the clouds,"The moon, a glowing orb, shines brightly through a veil of dark clouds, its light casting an ethereal glow on the surrounding landscape. The clouds, tinted with hues of pink and purple, appear to be illuminated from within, as if infused with a soft, otherworldly light. The overall effect is one of serene beauty, as if the moon is a beacon of hope and tranquility in the midst of a turbulent sky.",human_brush_alpha,0.07074546813964844,1,0.6013152003288269,0.973769555551023,False,False,False,True,False,True,12.029251098074266,
he_0qqWALcBFnY(1),HumanEdit,train,add,0qqWALcBFnY(1),/mnt/bn/strategy-mllm-train/user/tanyue/datasets/HumanEdit/data/train-00008-of-00034-37561f9e3fac8178.parquet,23,Add a puppy to the right of the person,"In front of the house, in front of a water, there was a boy standing next to a puppy","The image depicts a man standing in a puddle of water, accompanied by his dog. The man is dressed in a dark green jacket, red pants, and black shoes, with his hands casually placed in his pockets. His reflection is visible in the puddle, which is surrounded by palm trees and a white building in the background. The dog, with its brown and white fur, stands to the left of the man, adding to the serene atmosphere of the scene.",human_brush_alpha,0.07305717468261719,1,0.6730540990829468,0.9610103407357179,False,False,False,True,False,True,12.336305485489117,
he_1kdIG_258bU,HumanEdit,train,add,1kdIG_258bU,/mnt/bn/strategy-mllm-train/user/tanyue/datasets/HumanEdit/data/train-00003-of-00034-9b77bb1da8f3e008.parquet,63,"Add a red boat in the lower right corner of the picture, with an orange-red light on the bow","There is a lake below the tower, and there is a boat in the lake","The image depicts a serene and picturesque scene, with a large body of water in the foreground and a majestic temple in the background. The temple's unique architecture, featuring multiple tiers and a distinctive roof, is a striking feature of the image.

* A large body of water in the foreground:
	+ The water is calm and peaceful, reflecting the sky above.
	+ It appears to be a lake or a river, surrounded by lush greenery.
	+ The water's edge is lined with trees and other vegetation.
* A temple in the background:
	+ The temple is a prominent feature of the image, with its multiple tiers and distinctive roof.
	+ It is situated on a small island or peninsula, surrounded by the water.
	+ The temple's architecture is unique and eye-catching.
* A boat with a red sail:
	+ The boat is small and appears to be a traditional fishing boat.
	+ It is sailing on the water, with its red sail billowing in the wind.
	+ The boat adds a pop of color to the otherwise muted palette of the image.

Overall, the image presents a tranquil and idyllic scene, with the temple and boat adding visual interest to the calm waters. The use of muted colors and soft lighting creates a",human_brush_alpha,0.03654766082763672,1,0.6888084411621094,0.887619581595823,False,False,False,True,False,True,11.965654125324214,
he_2OX0bKvL1-I,HumanEdit,train,add,2OX0bKvL1-I,/mnt/bn/strategy-mllm-train/user/tanyue/datasets/HumanEdit/data/train-00008-of-00034-37561f9e3fac8178.parquet,130,Woman holding a spoon,The girl has a spoon in her hand,"The image shows a woman cooking in a kitchen, with the title ""A Woman Cooking in a Kitchen"" not visible. 

* The woman has dark hair and is wearing a white shirt.
	+ She is leaning over a stove, looking down at a pot.
	+ Her right hand is holding a wooden spoon.
* There are two pots on the stove.
	+ One pot is large and silver, with a lid on it.
	+ The other pot is smaller and silver, with a wooden handle.
* The background of the image is a kitchen with white walls and black countertops.
	+ There is a sink and a faucet in the background.
	+ There are also some green plants on the counter.

The image suggests that the woman is preparing a meal, possibly for herself or others. The presence of multiple pots and the woman's focused expression imply that she is a skilled cook.",human_brush_alpha,0.04311656951904297,1,0.7813635468482971,0.9617108930086029,False,False,False,False,False,True,11.039871345383908,
he_2mSzfaseWvg,HumanEdit,train,add,2mSzfaseWvg,/mnt/bn/strategy-mllm-train/user/tanyue/datasets/HumanEdit/data/train-00008-of-00034-37561f9e3fac8178.parquet,109,A butterfly is perched on the top of a dandelion,There is a butterfly perched on top of a dandelion,"The image features a butterfly perched on a dandelion seed head, set against a blurred background that suggests a natural outdoor setting. The butterfly's wings display a striking color pattern, with red, green, and black hues. The dandelion seed head is characterized by its fluffy, white appearance, with delicate strands radiating from its center. The overall scene exudes a sense of serenity and tranquility, evoking a peaceful atmosphere reminiscent of a sunny day in a field or meadow.",human_brush_alpha,0.029787063598632812,1,0.6883715987205505,0.9186842105263158,False,False,False,True,False,True,11.836609368555372,
he_3c1Jv1EXYtc,HumanEdit,train,add,3c1Jv1EXYtc,/mnt/bn/strategy-mllm-train/user/tanyue/datasets/HumanEdit/data/train-00004-of-00034-7fffbdc560482a31.parquet,46,Put a small hat on the woman,A woman wearing a hat in the laboratory with a man next to her,"The image depicts a group of people working in a room filled with various pieces of equipment, including computers and other machinery. The scene appears to be set in an industrial or technical setting, possibly a factory or laboratory.

*   **People:**
    *   There are three individuals visible in the image, all of whom appear to be men.
    *   They are dressed in casual attire, with one of them wearing a hat.
    *   The men are engaged in various activities, such as operating equipment or observing screens.
*   **Equipment:**
    *   The room is equipped with several pieces of machinery, including computers, monitors, and other technical devices.
    *   Some of the equipment appears to be old-fashioned, suggesting that the image may be from an earlier time period.
    *   The machines are arranged in a way that suggests they are being used for some kind of technical or scientific purpose.
*   **Atmosphere:**
    *   The atmosphere in the image is one of concentration and focus, as the men are intently engaged with their work.
    *   The room is well-lit, with natural light streaming in through the windows.
    *   The overall mood of the image is one of productivity and industry.

Overall,",human_brush_alpha,0.10711860656738281,1,0.9286317825317383,0.9860911896379363,False,False,False,False,False,True,11.832898677909087,
he_4Cjn0FDEud8,HumanEdit,train,add,4Cjn0FDEud8,/mnt/bn/strategy-mllm-train/user/tanyue/datasets/HumanEdit/data/train-00030-of-00034-f0e63a7fd03eaeaf.parquet,36,Add a hat.,A kid in a pink hat with an open mouth and a white short-sleeved pink dress,"The image depicts a young girl wearing a pink hat and a pink-and-white dress, with her mouth open in a surprised expression. The background is blurred, but it appears to be an indoor setting, possibly a store or restaurant.

The girl's facial expression suggests that she has just seen something unexpected or shocking, and her wide eyes and open mouth convey a sense of surprise and alarm. The pink hat and dress add a touch of playfulness and femininity to the image, while the blurred background helps to focus attention on the girl's reaction.

Overall, the image captures a moment of surprise and wonder, and the girl's expression is both endearing and engaging.",human_brush_alpha,0.11115264892578125,1,0.9337335228919983,0.9851495959816554,False,False,False,False,False,True,11.029651659573574,
he_4cNByrzzNik,HumanEdit,train,add,4cNByrzzNik,/mnt/bn/strategy-mllm-train/user/tanyue/datasets/HumanEdit/data/train-00030-of-00034-f0e63a7fd03eaeaf.parquet,37,Add a hat.,A girl in a brown hat and glasses with a hand over her mouth,"The image depicts a young woman sitting on a bus, captured from the chest up. She is wearing a brown cap and a dark-colored jacket, with her hand raised to her chin. The background, though out of focus, appears to be a cityscape through the bus window. The overall atmosphere suggests a daytime setting, likely during the morning or early afternoon.",human_brush_alpha,0.09810924530029297,1,0.8842613101005554,0.9846186636353949,False,False,False,False,False,True,10.910023769521786,
he_5Hwt59WvpqM,HumanEdit,train,add,5Hwt59WvpqM,/mnt/bn/strategy-mllm-train/user/tanyue/datasets/HumanEdit/data/train-00017-of-00034-7ba280c9a805ec9a.parquet,107,Add an insect.,A cactus crawling an insect,"The image presents a close-up view of a small, green cactus with numerous spines, set against a blurred background that suggests an outdoor environment. The cactus is centered in the frame, with its spines radiating outward from its rounded body. The background is out of focus, but it appears to be a natural setting, possibly a garden or a desert landscape.

* A small, green cactus with numerous spines:
	+ The cactus is the main subject of the image.
	+ It has a rounded body and numerous spines that are evenly distributed.
	+ The spines are long and thin, giving the cactus a prickly appearance.
* The cactus is centered in the frame:
	+ The cactus is placed directly in the middle of the image.
	+ It is the focal point of the composition.
	+ The surrounding environment is blurred, drawing attention to the cactus.
* The background is out of focus, but it appears to be a natural setting:
	+ The background is blurry and indistinct.
	+ It suggests a natural environment, possibly a garden or a desert landscape.
	+ The colors in the background are muted and earthy, adding to the natural ambiance.

Overall, the image showcases a small",human_brush_alpha,0.013835906982421875,1,0.5567532181739807,0.8991100259903915,True,False,False,False,False,True,10.43077647032526,
he_5Ufu-tY-Txk,HumanEdit,train,add,5Ufu-tY-Txk,/mnt/bn/strategy-mllm-train/user/tanyue/datasets/HumanEdit/data/train-00013-of-00034-383e8c49db6af26e.parquet,70,Add brown tops.,A child in a brown and black coat turned to look to the left.,"Here is a rephrased version of the caption:

This image captures a young boy in a striking brown and white outfit, adorned with a bow tie and a white shirt, exuding a sense of sophistication and charm. The boy's attire is complemented by a pair of dark blue pants, adding a touch of contrast to his overall appearance.

The background of the image is a solid black, which serves to accentuate the boy's features and create a sense of depth. A white balloon is visible in the foreground, adding a playful and celebratory atmosphere to the scene.

Overall, the image presents a captivating and well-composed portrait of a young boy, with a focus on his stylish and youthful appearance.",human_brush_alpha,0.16417694091796875,1,0.9729623198509216,0.989566871996646,False,False,False,False,False,True,10.943501167842461,
he_8VPSh4Wj61Q,HumanEdit,train,add,8VPSh4Wj61Q,/mnt/bn/strategy-mllm-train/user/tanyue/datasets/HumanEdit/data/train-00007-of-00034-cee93102372ec1a7.parquet,8,Add a bee in the center of the flower in the middle of the picture,"Many white flowers are clustered together, and there is a honey on the flower","The image depicts a serene and peaceful scene, with a bee perched on a white flower, surrounded by other flowers of varying colors. The bee's presence adds a touch of life and activity to the otherwise tranquil atmosphere.

* A bee is on a white flower:
	+ The bee is positioned in the center of the image, drawing attention to its delicate features.
	+ The white flower provides a clean and crisp backdrop for the bee's activities.
* The flower has many petals:
	+ The petals are arranged in a circular pattern, creating a sense of symmetry and balance.
	+ The numerous petals add to the overall beauty and complexity of the flower.
* The flower is surrounded by other flowers:
	+ The surrounding flowers are of different colors, adding a pop of color and visual interest to the image.
	+ The arrangement of the flowers creates a sense of depth and dimensionality, drawing the viewer's eye through the image.

Overall, the image presents a captivating and harmonious scene, with the bee and flowers working together to create a sense of serenity and wonder.",human_brush_alpha,0.074432373046875,1,0.8374069929122925,0.9695238095238096,False,False,False,True,False,True,13.00544042287191,
he_8n-3h1WkaQk,HumanEdit,train,add,8n-3h1WkaQk,/mnt/bn/strategy-mllm-train/user/tanyue/datasets/HumanEdit/data/train-00005-of-00034-ba219ad346ef60ce.parquet,139,Add snow.,The mountains are covered with snow and there are blue ice at the foot of the mountains,"A breathtaking, icy landscape unfolds, with a towering glacier in the foreground and a rugged, snow-covered mountain range in the background. The glacier's pale blue hue is striking, while the mountain's dark grey peaks are partially shrouded in clouds. The image exudes a sense of serenity and vastness, inviting the viewer to step into its majestic world.",human_brush_alpha,0.14618778228759766,1,0.9625962376594543,0.9847735339009545,False,False,False,False,False,True,10.974462528436899,
he_8v2Dz6vfN80,HumanEdit,train,add,8v2Dz6vfN80,/mnt/bn/strategy-mllm-train/user/tanyue/datasets/HumanEdit/data/train-00006-of-00034-3753b8775b6033f6.parquet,165,Add a butterfly and stick it on the flower,"There are two red flowers on the grass, and there is a butterfly on the flower","A butterfly perches on a vibrant pink flower, its wings a mesmerizing blend of black and white, with delicate red and yellow accents. The flower's petals are a kaleidoscope of pink hues, while the dark background subtly hints at the lush foliage that surrounds it.",human_brush_alpha,0.07344722747802734,1,0.9049682021141052,0.9802966133855519,False,False,False,False,False,True,11.066996043786347,
he_973wAyYLeL0,HumanEdit,train,add,973wAyYLeL0,/mnt/bn/strategy-mllm-train/user/tanyue/datasets/HumanEdit/data/train-00007-of-00034-cee93102372ec1a7.parquet,50,Add a bee in the center of the picture,There is a bee on the yellow flower,"The image depicts a bee perched on a yellow flower, with the bee positioned in the center of the frame. The bee is facing the right side of the image, and its body is oriented towards the top-right corner. The bee's wings are folded against its back, and its legs are extended outward from its body.

The yellow flower, which appears to be a daffodil, dominates the foreground of the image. Its petals are slightly ruffled, and its center is filled with a cluster of tiny, yellow stamens. The flower's stem is not visible in the image.

In the background, there is a blurred green area that suggests the presence of leaves or foliage. The overall atmosphere of the image is one of warmth and vibrancy, with the bright yellow color of the flower and the bee's shiny exoskeleton creating a sense of energy and life.",human_brush_alpha,0.11406326293945312,1,0.8959152102470398,0.9785691563279589,False,False,False,True,False,True,13.062084506739739,
he_A_HTot3y5XA,HumanEdit,train,add,A_HTot3y5XA,/mnt/bn/strategy-mllm-train/user/tanyue/datasets/HumanEdit/data/train-00007-of-00034-cee93102372ec1a7.parquet,87,Add bees.,"There are many pink flowers growing on the tree, and there is a bee on the pink flowers","The image showcases a stunning cluster of pink cherry blossoms, with delicate petals and a few leaves, set against a blurred background of more blossoms. The blossoms are the main focus, with their soft pink hue and intricate details on full display. A few leaves are scattered throughout the cluster, adding a touch of greenery to the otherwise pink scene.

In the foreground, a few bees are visible, collecting nectar from the blossoms. The bees are small and dark, with their bodies partially obscured by the flowers. The background is blurred, but it appears to be a sunny day, with the blossoms bathed in warm light.

Overall, the image captures the beauty and vibrancy of cherry blossoms in full bloom, with the added bonus of a few busy bees collecting nectar. The soft focus and warm lighting create a dreamy, ethereal atmosphere, inviting the viewer to step into the serene and idyllic world of the blossoms.",human_brush_alpha,0.0826730728149414,1,0.8960820436477661,0.9815469517978788,False,False,False,False,False,True,11.064677692173005,
he_CQwFUfliJyU,HumanEdit,train,add,CQwFUfliJyU,/mnt/bn/strategy-mllm-train/user/tanyue/datasets/HumanEdit/data/train-00030-of-00034-f0e63a7fd03eaeaf.parquet,105,Add a hat.,A boy in a striped hat with a tongue out and a red shirt.,"The image depicts a young boy with a distinctive hat and a red shirt, exuding a playful and carefree atmosphere. The boy's attire is notable, with a dark-colored hat featuring horizontal stripes in various colors, including black, white, and red. His shirt is a vibrant red hue with a blue collar and a logo on the front, although the details of the logo are not discernible.

The boy's facial expression is the most striking aspect of the image, as he sticks out his tongue and winks at the camera, conveying a sense of mischief and playfulness. His dark eyes are framed by thick eyebrows, adding to his endearing and youthful appearance. The background of the image is blurred, but it appears to be an outdoor setting, with a natural light source illuminating the scene.

Overall, the image captures a joyful and lighthearted moment, showcasing the boy's carefree spirit and playful personality.",human_brush_alpha,0.2016000747680664,1,0.9542673826217651,0.9921704704787265,False,False,False,False,False,True,10.739656649921042,
he_CnSIcPtMG7U,HumanEdit,train,add,CnSIcPtMG7U,/mnt/bn/strategy-mllm-train/user/tanyue/datasets/HumanEdit/data/train-00030-of-00034-f0e63a7fd03eaeaf.parquet,103,Add a hat.,"In front of a green wheat field, a long-haired girl in a white dress held her face in her hands and wore a straw hat with a black ribbon on it sat on a chair","The image depicts a young woman sitting on a wooden chair in a field of tall grass, with the wind blowing her long, wavy hair. She is dressed in a white blouse and a straw hat, and her right hand is gently touching her face as she looks directly at the camera. The background of the image is blurred, but it appears to be a serene and peaceful outdoor setting, with the tall grass swaying gently in the breeze. The overall atmosphere of the image is one of tranquility and relaxation, capturing a moment of quiet contemplation in a beautiful natural setting.",human_brush_alpha,0.07198333740234375,1,0.8793018460273743,0.9767421073331188,False,False,False,False,False,True,10.95207412326568,
he_KJE--xk4AWE,HumanEdit,train,add,KJE--xk4AWE,/mnt/bn/strategy-mllm-train/user/tanyue/datasets/HumanEdit/data/train-00030-of-00034-f0e63a7fd03eaeaf.parquet,107,Add a hat.,The man with glasses wearing a white hat with lots of splinters on it smiled in a blue sweater and plopped down on the car,"""Joy in the City: A Woman's Smile Captured in Urban Splendor""

This image captures a woman's radiant smile as she leans out of a car window, set against the vibrant backdrop of a bustling city.",human_brush_alpha,0.08047294616699219,1,0.8618677258491516,0.9710069165192214,False,False,False,False,False,True,10.943915236178597,
he_NfWZ6RB7KAY,HumanEdit,train,add,NfWZ6RB7KAY,/mnt/bn/strategy-mllm-train/user/tanyue/datasets/HumanEdit/data/train-00031-of-00034-cf8f76f6b59658a1.parquet,6,Add a hat.,In front of the big tree a little girl in a pink hat wearing white short sleeves,"The image depicts a young girl with long brown hair, wearing a white tank top and a pink hat with a flower on it. The background is blurry but appears to be a park or outdoor setting with trees and grass. The overall atmosphere suggests a warm and sunny day, with the girl enjoying the outdoors.",human_brush_alpha,0.07340049743652344,1,0.8682793974876404,0.978990633392284,False,False,False,False,False,True,10.920274610981108,
he_OuYESbJjiW0,HumanEdit,train,add,OuYESbJjiW0,/mnt/bn/strategy-mllm-train/user/tanyue/datasets/HumanEdit/data/train-00032-of-00034-fc320d276b19c097.parquet,27,What if the wall is made of pure wood and not painted?,A jeep parked on a desolate gravel lot in the pink evening sunshine,"A lone ice cream truck stands amidst a desolate landscape, its colors starkly contrasting against the barren terrain. The truck's white and blue exterior is a beacon of hope in this harsh environment, where the only signs of life are the scattered rocks and the distant, jagged mountain range. The sky above is a deep, fiery red, casting an otherworldly glow over the entire scene. The image exudes a sense of isolation and desolation, as if the truck has been left to fend for itself in this unforgiving world.",human_brush_alpha,0.1606769561767578,1,0.9122409224510193,0.9831487911943917,False,False,False,False,False,True,11.513335217044578,
he_Vw07IRhemag(1),HumanEdit,train,add,Vw07IRhemag(1),/mnt/bn/strategy-mllm-train/user/tanyue/datasets/HumanEdit/data/train-00033-of-00034-8404b6591ad0d14c.parquet,92,Add a hat.,A little black girl with a pretty hat on her head,"""Smile, it's a beautiful day!""

This image captures a joyful moment of a young girl, likely a child, beaming with happiness as she gazes directly at the camera. Her dark skin and braided hair, styled in a half-up, half-down look, add to her endearing appearance. She wears a vibrant red baseball cap adorned with a yellow button, paired with a teal t-shirt and light blue jeans, which complements her bright smile. The background, though blurred, appears to be an outdoor setting, possibly a park or playground, with a bright sky above. The overall mood of the image is one of carefree delight, as if the girl is savoring a happy memory or enjoying a playful moment.",human_brush_alpha,0.10525226593017578,1,0.9346328377723694,0.9815159944367177,False,False,False,False,False,True,11.068054047406322,
he__-HoZoogPgI,HumanEdit,train,add,_-HoZoogPgI,/mnt/bn/strategy-mllm-train/user/tanyue/datasets/HumanEdit/data/train-00002-of-00034-c7fb3c21a516ec2c.parquet,119,Add glasses.,A girl in black clothes and glasses stands behind gauze,"Here is a possible caption for the image:

""Wrapped in a delicate veil of mystery, this woman stands out against a backdrop of white fabric, her long blonde hair cascading down her back like a golden waterfall. Her gaze is fixed intently on the camera, her expression a subtle blend of curiosity and intrigue. The fabric, draped artfully around her, adds a touch of ethereal beauty to the scene, as if she's about to take flight at any moment. The overall effect is one of understated elegance and quiet confidence, as if she's about to reveal a secret, but not just yet.""",human_brush_alpha,0.012621879577636719,1,0.4255274832248688,0.854541465555068,True,False,False,False,False,True,9.848807976937856,
he__3LvzSuueSM,HumanEdit,train,add,_3LvzSuueSM,/mnt/bn/strategy-mllm-train/user/tanyue/datasets/HumanEdit/data/train-00018-of-00034-97607d160cf642fb.parquet,155,The child holds a milk bottle in his right hand,The child is sitting on the lawn with a bottle in his hand,"The image depicts a young child sitting on the grass, dressed in a gray hoodie with a pointed hood and a white bib. The child is holding a small bottle with a red cap in their right hand, while their left hand is clenched into a fist. The background of the image is blurred, but it appears to be a park or other outdoor setting, with trees and a building visible in the distance.

The overall atmosphere of the image is one of innocence and playfulness, as the child seems to be enjoying the outdoors and the simple pleasure of holding a bottle. The image could be used to illustrate a story or article about childhood, nature, or the joys of simple things in life.",human_brush_alpha,0.03700447082519531,1,0.5367311239242554,0.9107180020811655,False,False,False,True,False,True,11.36546867199978,
he__Jsde7RXd3o,HumanEdit,train,add,_Jsde7RXd3o,/mnt/bn/strategy-mllm-train/user/tanyue/datasets/HumanEdit/data/train-00011-of-00034-15064a8dd2f007e8.parquet,49,Add a fly to the transparent ball of the prototype,There's a bug on the droplets,"The image depicts a small insect, likely a fly or mosquito, suspended in a bubble of air within a larger sphere of water. The insect's iridescent green body and wings are visible as it appears to be trapped inside the bubble, which is surrounded by a dark background that suggests it is underwater.

The overall effect is one of surrealism, as if the insect has been plucked from its natural environment and placed in this unusual, dreamlike setting. The use of muted colors and soft focus adds to the dreamlike quality, creating a sense of mystery and intrigue.",human_brush_alpha,0.14730262756347656,1,0.788169801235199,0.9879991048283322,False,False,False,False,False,True,11.071698936512472,
he__oHRmhtvpWc,HumanEdit,train,add,_oHRmhtvpWc,/mnt/bn/strategy-mllm-train/user/tanyue/datasets/HumanEdit/data/train-00015-of-00034-844251aad179124e.parquet,20,Add dazzling lighting.,Being illuminated by dazzling lights,"The image depicts a person standing on a stage, surrounded by a large screen displaying a vibrant orange and yellow light. The person is silhouetted against the bright lights, making it difficult to discern any features. They appear to be holding a microphone or other object in their hand.

In the foreground, there are several objects that are not clearly visible due to the bright lighting. However, it seems that there are two speakers or other devices on either side of the person, and a small screen or monitor at the bottom of the image.

The background of the image is dominated by the large screen, which displays a mesmerizing pattern of orange and yellow lights. The overall effect is one of energy and excitement, as if the person on stage is about to perform a dynamic and engaging show.",human_brush_alpha,0.0687093734741211,1,0.851401686668396,0.9640248074334018,False,False,False,False,False,True,10.811209491429697,
he__vln5e2nOK0,HumanEdit,train,add,_vln5e2nOK0,/mnt/bn/strategy-mllm-train/user/tanyue/datasets/HumanEdit/data/train-00011-of-00034-15064a8dd2f007e8.parquet,130,Get your child dressed,A child wearing clothes is touching the grass,"A young girl with short hair stands in a field, her arms outstretched as she reaches for something in the distance. She wears a white dress adorned with small flowers, and her gaze is directed towards the horizon. The image is rendered in black and white, with a blurred background that suggests a serene and peaceful atmosphere.",human_brush_alpha,0.1186532974243164,1,0.9289025068283081,0.9859307161045671,False,False,False,False,False,True,10.969454494319045,
he_axoIDVk0ThE,HumanEdit,train,add,axoIDVk0ThE,/mnt/bn/strategy-mllm-train/user/tanyue/datasets/HumanEdit/data/train-00030-of-00034-f0e63a7fd03eaeaf.parquet,85,Add a hat.,The model in the clothing store raised her hand and put a hat on her head,"The image depicts a mannequin with a distinctive short haircut, featuring bangs that frame its face. The mannequin's attire consists of a brown beret, a tan sweater, and a black choker necklace, which adds a touch of elegance to its overall appearance. Its right hand is raised to its chin, as if lost in thought or deep contemplation.

In the background, a blurred storefront or window display is visible, with a dark curtain or wall serving as a subtle backdrop. The overall atmosphere of the image exudes a sense of quiet introspection, inviting the viewer to ponder the mannequin's enigmatic expression and the story behind its pose.",human_brush_alpha,0.08778667449951172,1,0.8802263140678406,0.9744694710996418,False,False,False,False,False,True,10.963598602694292,
he_bgoE05DFF9U,HumanEdit,train,add,bgoE05DFF9U,/mnt/bn/strategy-mllm-train/user/tanyue/datasets/HumanEdit/data/train-00030-of-00034-f0e63a7fd03eaeaf.parquet,96,Put a hat on the girl's head.,In the gap of the trees stood a man with a blue top hat. Girls with curly hair wearing striped tops and suspenders carry backpacks,"The image depicts a young woman standing in a park, wearing a striped shirt, denim overalls, and a hat. She has long, curly brown hair and is carrying a black backpack. The background is blurred, but it appears to be a park or other outdoor setting with trees and grass. The overall atmosphere suggests a casual, relaxed setting, possibly during the daytime.",human_brush_alpha,0.06847667694091797,1,0.7917393445968628,0.9229340112868079,False,False,False,False,False,True,11.369792194955794,
he_nDExp37E9bs,HumanEdit,train,add,nDExp37E9bs,/mnt/bn/strategy-mllm-train/user/tanyue/datasets/HumanEdit/data/train-00030-of-00034-f0e63a7fd03eaeaf.parquet,166,Add a hat.,White hat with a black ribbon on top of it worn by a boy lying on his back above a window dressed in black.,"The image depicts a young boy, dressed in a blue jacket and a white hat with a blue band, gazing out of a window. The boy's hands are clasped together in front of him, conveying a sense of contemplation or deep thought.

**Key Features:**

* The boy is seated in a chair, positioned in front of a window with a white frame.
* The background of the image is blurred, but it appears to be an interior space with white walls and a wooden floor.
* The overall atmosphere of the image suggests that the boy is lost in thought, possibly daydreaming or reflecting on his surroundings.

**Visual Elements:**

* The use of a shallow depth of field creates a sense of intimacy and focus on the boy's face and hands.
* The blue color scheme of the boy's clothing and the window frame adds a touch of calmness to the image.
* The blurred background helps to emphasize the boy's presence and create a sense of isolation.

**Mood and Tone:**

* The image conveys a sense of quiet reflection and introspection.
* The boy's thoughtful expression and clasped hands suggest that he is engaged in deep thought or contemplation.
* The overall mood of the image is one of serenity and calmness",human_brush_alpha,0.20229434967041016,1,0.969585120677948,0.9929481186877557,False,False,False,False,False,True,10.798956177279821,
he_oUoRl1xBRaM,HumanEdit,train,add,oUoRl1xBRaM,/mnt/bn/strategy-mllm-train/user/tanyue/datasets/HumanEdit/data/train-00032-of-00034-fc320d276b19c097.parquet,8,Add a person walking in the center of the road.,A man walks down a path lined with orange-red maple trees,"A man walks down a tree-lined road on a skateboard, surrounded by vibrant fall foliage.",human_brush_alpha,0.2114419937133789,1,0.8181037902832031,0.9679052935854718,False,False,False,True,False,True,12.365614602816185,
he_oV4bR3YoR_s,HumanEdit,train,add,oV4bR3YoR_s,/mnt/bn/strategy-mllm-train/user/tanyue/datasets/HumanEdit/data/train-00032-of-00034-fc320d276b19c097.parquet,37,What if there is a kayak parked by the water?,There is a blue boat docked next to a clear lake,"A serene lake nestled among majestic mountains, with a small blue boat moored on its shore.",human_brush_alpha,0.15610122680664062,1,0.80828458070755,0.8807857729303034,False,False,False,False,False,True,11.115497440451119,
he_ovlpqD8fb4M(1),HumanEdit,train,add,ovlpqD8fb4M(1),/mnt/bn/strategy-mllm-train/user/tanyue/datasets/HumanEdit/data/train-00032-of-00034-fc320d276b19c097.parquet,66,A rainbow appeared in front of the waterfall.,A rainbow passes over a waterfall in the mountains,"A majestic waterfall cascades down a rugged cliffside, its misty veil rising into the air as a vibrant rainbow arcs across the sky, its colors blending seamlessly with the mist, creating a breathtaking display of natural beauty.",human_brush_alpha,0.2732248306274414,1,0.8693660497665405,0.9478167632923123,False,False,False,True,False,True,12.41075570324933,
he_ow87HfF-uG8,HumanEdit,train,add,ow87HfF-uG8,/mnt/bn/strategy-mllm-train/user/tanyue/datasets/HumanEdit/data/train-00032-of-00034-fc320d276b19c097.parquet,92,Add a bee to the flower.,There's a bee standing on a white daisy,A bee on a daisy flower.,human_brush_alpha,0.07370758056640625,1,0.855738639831543,0.9766094655153569,False,False,False,False,False,True,11.672191629608243,
he_000000089503,HumanEdit,train,counting,000000089503,/mnt/bn/strategy-mllm-train/user/tanyue/datasets/HumanEdit/data/train-00030-of-00034-f0e63a7fd03eaeaf.parquet,76,The number of giraffes changes from four to one.,"In the house of the zoo, there is a giraffe standing in the open space outside the door, in front of a ball of grass","The image depicts a giraffe standing in an enclosure, with a pile of food on the ground in front of it. The giraffe is positioned to the left of the image, facing right, and has a long neck and legs. Its coat features a distinctive pattern of brown spots on a light-brown background.

*   **Giraffe:**
    *   Standing in the center of the image
    *   Facing right
    *   Long neck and legs
    *   Brown spots on a light-brown background
*   **Enclosure:**
    *   Made of metal and wood
    *   Has a door on the left side
    *   Floor is covered in dirt or sand
*   **Food:**
    *   A pile of hay or grass
    *   Located in front of the giraffe
    *   May be a source of nutrition for the giraffe

The image provides a glimpse into the life of a giraffe in captivity, highlighting its unique physical characteristics and its interaction with its environment.",human_brush_alpha,0.3651924133300781,1,0.8976619839668274,0.85289529093671,False,False,False,True,True,True,11.542499137395563,
he_5-jtsfuaLBw,HumanEdit,train,counting,5-jtsfuaLBw,/mnt/bn/strategy-mllm-train/user/tanyue/datasets/HumanEdit/data/train-00017-of-00034-7ba280c9a805ec9a.parquet,125,Turn a pile of withered leaves into a single withered leaf.,There is a stone below the waterfall,"A serene waterfall cascades down a rocky cliff, its crystal-clear waters reflecting the vibrant hues of autumn as a fallen leaf floats gently on the surface below.",human_brush_alpha,0.14696788787841797,1,0.9163916110992432,0.990562146517432,False,False,False,True,True,True,12.18557120621635,
he_5jUzLCyOBTk,HumanEdit,train,counting,5jUzLCyOBTk,/mnt/bn/strategy-mllm-train/user/tanyue/datasets/HumanEdit/data/train-00017-of-00034-7ba280c9a805ec9a.parquet,126,Turn many bundles into one bundle.,A bunch of cotton is inserted into a white bottle,"This image showcases a glass bottle with a slender neck, containing a bouquet of cotton flowers. The bouquet features several cotton flowers, each with a delicate brown stem and leaves. The flowers are arranged in a loose cluster, with some stems visible at the base. The cotton flowers are white, with brown edges and a fluffy texture. The clear glass bottle, with a narrow neck, is positioned centrally in the image, with the bouquet occupying the top half. The background is a plain white surface, with a small logo in the bottom-right corner featuring a rainbow of colors.",human_brush_alpha,0.19233989715576172,1,0.9614395499229431,0.9855511535772548,False,False,False,True,True,True,12.19766820322845,
he_875kF6aOmTQ,HumanEdit,train,counting,875kF6aOmTQ,/mnt/bn/strategy-mllm-train/user/tanyue/datasets/HumanEdit/data/train-00007-of-00034-cee93102372ec1a7.parquet,34,Hockey players went from 3 to 2,"There are two players in yellow uniforms and black helmets on the white ice, holding hockey sticks in their hands","The image captures a heartwarming moment of two hockey players celebrating on the ice. The player on the left, wearing a yellow jersey with the number ""14"" on the back, is embracing the player on the right, who is dressed in a matching yellow jersey with the number ""20"" on the back. The player on the right is also equipped with a black helmet and holding a hockey stick in his right hand, while his left hand is placed on the shoulder of the player in front of him.

In the background, the ice rink's white surface features a red circle, likely indicating the penalty box. The overall atmosphere of the image conveys a sense of joy and camaraderie among the players, suggesting that they have just scored a goal or achieved a significant milestone in their game.",human_brush_alpha,0.1612987518310547,1,0.9692223072052002,0.9812510198998565,False,True,True,True,True,True,12.339085372080971,
he_AvczuPZK6C0,HumanEdit,train,counting,AvczuPZK6C0,/mnt/bn/strategy-mllm-train/user/tanyue/datasets/HumanEdit/data/train-00018-of-00034-97607d160cf642fb.parquet,101,Turn two cows into one cow.,There is a cow on the grassland,"A wildebeest stands in a grassy field, its distinctive curved horns prominent.",human_brush_alpha,0.18361949920654297,1,0.9282288551330566,0.9847915922657007,False,True,True,True,True,True,12.09404288341461,
he_CiNHG2xuVlQ,HumanEdit,train,counting,CiNHG2xuVlQ,/mnt/bn/strategy-mllm-train/user/tanyue/datasets/HumanEdit/data/train-00030-of-00034-f0e63a7fd03eaeaf.parquet,98,Nine pictures become two.,A boy in a black hat and black clothes looked at three pieces of paper taped to a white wall,"A man stands in profile, gazing at a wall adorned with papers, his dark attire and beanie contrasting with the bright, sunlit room.",human_brush_alpha,0.21640300750732422,1,0.9440601468086243,0.9886204550253791,False,True,True,True,True,True,12.055266575510887,
he_DWGBY2Wuqeo,HumanEdit,train,counting,DWGBY2Wuqeo,/mnt/bn/strategy-mllm-train/user/tanyue/datasets/HumanEdit/data/train-00018-of-00034-97607d160cf642fb.parquet,102,Reduce the quantity by half.,There are two and a half pomegranates on the table,"The image depicts a pomegranate cut in half, with its seeds exposed and a knife placed on a wooden cutting board. The pomegranate is positioned in the center of the image, with its two halves facing upwards and slightly towards the right. The seeds are scattered throughout the fruit, giving it a vibrant red color.

The knife, which is black with a dark brown handle, lies on the cutting board, which is made of light-colored wood. The background of the image is dark and blurry, but it appears to be a table or countertop. The overall atmosphere of the image suggests that the pomegranate is being prepared for consumption, possibly for a recipe or as a snack.",human_brush_alpha,0.07434558868408203,1,0.8928737640380859,0.9778906685119239,False,False,False,True,True,True,12.4263956062305,
he_GQD3Av_9A88,HumanEdit,train,counting,GQD3Av_9A88,/mnt/bn/strategy-mllm-train/user/tanyue/datasets/HumanEdit/data/train-00026-of-00034-33930c77334abfba.parquet,134,"Of the 3 bonsai, only the red one is left.",There is a potted plant on the table,"The image presents a serene and minimalist scene, featuring a small potted plant as its central focus. The plant, situated at the bottom center of the frame, is nestled in a white pot filled with white rocks. The plant's green, fuzzy leaves are visible above the rocks, adding a touch of natural beauty to the composition.

The background of the image is a clean and crisp white, which serves to accentuate the plant and its surroundings. The overall effect is one of simplicity and elegance, with the plant's delicate features taking center stage. The image exudes a sense of calmness and tranquility, inviting the viewer to appreciate the beauty of the natural world.",human_brush_alpha,0.20157718658447266,2,0.9935239553451538,0.9998669957290851,False,True,True,True,True,True,13.097013842153789,
he_KfUshu6kbS4,HumanEdit,train,counting,KfUshu6kbS4,/mnt/bn/strategy-mllm-train/user/tanyue/datasets/HumanEdit/data/train-00001-of-00034-822313fd65281835.parquet,84,Increase strawberries from one and a half to two.,Two strawberries on the table,"Two ripe strawberries sit atop a wooden surface, their vibrant red color and delicate green stems adding a pop of color to the dark background. The strawberries are positioned in the center of the image, with their stems facing to the right, creating a sense of depth and dimensionality. The wooden surface beneath them adds a warm, natural texture to the image, while the dark background helps to focus attention on the strawberries themselves. Overall, the image is a simple yet effective still life that showcases the beauty and appeal of these delicious fruits.",human_brush_alpha,0.31058597564697266,1,0.9868084192276001,0.9999579480321782,False,True,True,True,True,True,12.799999409618515,
he_MvxMvPO3S1M,HumanEdit,train,counting,MvxMvPO3S1M,/mnt/bn/strategy-mllm-train/user/tanyue/datasets/HumanEdit/data/train-00002-of-00034-c7fb3c21a516ec2c.parquet,55,"The number of people decreases from 3 to 1, leaving only the person in the middle",Standing alone on the mountaintop at sunrise,"The image depicts a serene and contemplative scene, with a person standing on a rocky outcropping, gazing out at a breathtaking sunset. The person is silhouetted against the vibrant orange and yellow hues of the sky, which gradate to a soft blue towards the horizon. The landscape stretches out before them, with rolling hills and mountains visible in the distance. The overall atmosphere is one of peace and tranquility, inviting the viewer to step into the stillness of the moment.",human_brush_alpha,0.0641946792602539,2,0.8028066158294678,0.9259816110564969,False,True,True,True,True,True,12.774565147935155,
he_a0HEdfec_C0,HumanEdit,train,counting,a0HEdfec_C0,/mnt/bn/strategy-mllm-train/user/tanyue/datasets/HumanEdit/data/train-00007-of-00034-cee93102372ec1a7.parquet,107,Change the light bulb from one to three.,Three light bulbs are placed in front of the table with many yellow lines behind them,"The image features three light bulbs, each with a distinct silver base and a gray, rounded body, arranged in a row from left to right. The bulbs are positioned in front of a backdrop of orange streaks, which appear to be moving rapidly across the dark background. The overall effect is one of dynamic energy and creativity, as if the light bulbs are harnessing the power of the streaks to illuminate the surrounding space. The image suggests a sense of innovation and progress, as if the light bulbs are pushing the boundaries of what is possible.",human_brush_alpha,0.39269351959228516,2,0.9558017253875732,0.9843945325350352,False,True,True,True,True,True,12.529084077172802,
he_cNTHQtQq4YU,HumanEdit,train,counting,cNTHQtQq4YU,/mnt/bn/strategy-mllm-train/user/tanyue/datasets/HumanEdit/data/train-00001-of-00034-822313fd65281835.parquet,63,Transform one sunflower in the vase into three.,Three identical sunflower flowers,"The image is a close-up photograph of three sunflowers, with their faces turned towards the camera. The flowers are positioned in the center of the frame, with their petals a vibrant yellow and their centers a deep brown. The background is blurred, but it appears to be a dark room or studio setting, with a blue-green light source casting a subtle glow on the flowers. The overall effect is one of warmth and coziness, as if the sunflowers are radiating a gentle, comforting energy.",human_brush_alpha,0.30781078338623047,1,0.9512556791305542,0.9942920847268674,False,True,True,True,True,True,12.66338796308438,
he_fdmPdHatM5E,HumanEdit,train,counting,fdmPdHatM5E,/mnt/bn/strategy-mllm-train/user/tanyue/datasets/HumanEdit/data/train-00018-of-00034-97607d160cf642fb.parquet,27,Show the billboard only in Chinese.,A pink fluorescent billboard has a Chinese introduction,"The image depicts a sign with Chinese characters, illuminated by a neon pink light. The sign is mounted on a wall, surrounded by a blue glow, and features a plant in the background. The overall atmosphere suggests a nighttime setting, possibly in an Asian-inspired restaurant or bar.",human_brush_alpha,0.06209278106689453,1,0.8701581358909607,0.9336603156637112,False,False,False,True,True,True,13.022867895920989,
he_gYqrSOyJu9I,HumanEdit,train,counting,gYqrSOyJu9I,/mnt/bn/strategy-mllm-train/user/tanyue/datasets/HumanEdit/data/train-00026-of-00034-33930c77334abfba.parquet,140,"Of the four firefighters, only the one furthest from the door stayed..",There was a boy in the empty house,"A man stands in the center of a room, wearing a hard hat and holding a small device, amidst a backdrop of peeling yellow walls and a concrete floor. The room appears to be in a state of disrepair, with visible signs of decay and neglect. The man's attire suggests that he may be a construction worker or someone involved in a project related to the building's renovation or demolition. The overall atmosphere of the image is one of abandonment and neglect, with the man's presence adding a sense of human activity to an otherwise desolate scene.",human_brush_alpha,0.3855438232421875,1,0.986492395401001,0.9959345586412285,False,False,False,True,True,True,12.663112387574733,
he_k4SiuG9YzdE,HumanEdit,train,counting,k4SiuG9YzdE,/mnt/bn/strategy-mllm-train/user/tanyue/datasets/HumanEdit/data/train-00000-of-00034-d4bc386d6caf62fb.parquet,111,"There are 3 blueberries outside the plate, which becomes 1.",A blueberry scattered on the table,"The image depicts a hand carefully placing a single blueberry into a white bowl, which is filled to the brim with the same fruit. The bowl sits atop a wooden cutting board, which has a few scattered blueberries on its surface. The background of the image is a clean and crisp white, suggesting that the photo was taken in a studio or against a plain wall.

The overall atmosphere of the image is one of simplicity and elegance, with the focus on the blueberries and the hand that is placing them into the bowl. The use of a plain background and the careful composition of the image create a sense of calmness and serenity, inviting the viewer to appreciate the beauty of the fruit.",human_brush_alpha,0.03180885314941406,1,0.8015105128288269,0.947983242102688,False,True,True,True,True,True,12.330377132559326,
he_kcJr7qBdhKY,HumanEdit,train,counting,kcJr7qBdhKY,/mnt/bn/strategy-mllm-train/user/tanyue/datasets/HumanEdit/data/train-00000-of-00034-d4bc386d6caf62fb.parquet,161,The three birds became just the biggest one left.,A bird stands in a field of flowers,"The image depicts a serene and idyllic scene of a white bird with orange accents standing in a lush field of wildflowers. The bird, positioned centrally in the frame, is the main focus of the image, while the surrounding flowers and grass add depth and context to the scene.

* A white bird with orange accents:
	+ The bird's plumage is predominantly white, with vibrant orange accents on its head, neck, and tail.
	+ Its beak is long and slender, with a bright orange tip.
	+ The bird's eyes are yellow, adding a touch of warmth to its otherwise pale features.
* The bird is standing in a field of wildflowers:
	+ The field is teeming with a variety of wildflowers, including daisies, clover, and other colorful blooms.
	+ The flowers are scattered throughout the field, creating a sense of movement and energy.
	+ The grass beneath the flowers is a soft, green hue, adding texture and depth to the scene.
* The background is blurred, with a warm glow:
	+ The background of the image is intentionally blurred, drawing attention to the bird and its surroundings.
	+ A warm glow emanates from the top-right corner of the image, casting a gentle light on",human_brush_alpha,0.10136699676513672,2,0.8933179378509521,0.9788226457154626,False,True,True,True,True,True,13.125742620605479,
he_p6Cavyt_-WA,HumanEdit,train,counting,p6Cavyt_-WA,/mnt/bn/strategy-mllm-train/user/tanyue/datasets/HumanEdit/data/train-00026-of-00034-33930c77334abfba.parquet,166,Only one woman was left out of the four people in the room.,The girl is holding a red rose in her hand,"A woman's hands, adorned with a tattoo on her right wrist, gently hold a red rose. Her fingernails are painted a vibrant red, matching the color of the flower. The rose's stem is yellow, and its petals are a deep red hue. The woman's black sweater sleeves are visible, and the background is a soft, muted pinkish-gray color, with subtle shadows and highlights that add depth to the image.",human_brush_alpha,0.3066215515136719,1,0.9328919053077698,0.9912660673483251,False,False,False,True,True,True,12.59230235246212,
he_ubA4MSQh9Po,HumanEdit,train,counting,ubA4MSQh9Po,/mnt/bn/strategy-mllm-train/user/tanyue/datasets/HumanEdit/data/train-00029-of-00034-d4529d3619a2a30d.parquet,52,Removing the horse without a lowered head makes the number of horses go from 2 to 1.,A horse in the grass.,"A brown horse stands in a field, its head lowered as it grazes on the lush green grass. The horse's coat glistens in the sunlight, and its mane flows behind it like a golden waterfall. In the background, a blurred landscape of rolling hills and trees stretches out, creating a serene and peaceful atmosphere.",human_brush_alpha,0.2946338653564453,1,0.97493577003479,0.9944753442030487,False,True,True,True,True,True,12.784999261739342,
he_04iFOldrYig,HumanEdit,train,remove,04iFOldrYig,/mnt/bn/strategy-mllm-train/user/tanyue/datasets/HumanEdit/data/train-00019-of-00034-1a356b75467e13d3.parquet,163,Remove all the cattle.,Under the blue sky is a green grassland,The image depicts a serene grassy hillside set against a brilliant blue sky dotted with white clouds.,human_brush_alpha,0.018590927124023438,3,0.46057915687561035,0.9019327667895014,True,False,False,False,False,True,10.230770428823265,
he_0gQ8Fh1f54k,HumanEdit,train,remove,0gQ8Fh1f54k,/mnt/bn/strategy-mllm-train/user/tanyue/datasets/HumanEdit/data/train-00012-of-00034-858bad23f2c47aa8.parquet,50,Remove the lime from the noodles.,"A bowl of noodles with eggs, shrimps and scallions.","The image showcases a delectable plate of pancit palabok, a traditional Filipino noodle dish. The dish is served in a white bowl, featuring a bed of rice noodles topped with a savory sauce, garnished with boiled eggs, shrimp, and chopped green onions. The noodles are nestled in the bowl, creating a visually appealing composition. The image is set against a clean white background, allowing the vibrant colors of the dish to take center stage.",human_brush_alpha,0.007557868957519531,1,0.5549892783164978,0.8620164483703929,True,False,False,False,False,True,10.84549772218203,
he_0wtaJS_nxBQ,HumanEdit,train,remove,0wtaJS_nxBQ,/mnt/bn/strategy-mllm-train/user/tanyue/datasets/HumanEdit/data/train-00008-of-00034-37561f9e3fac8178.parquet,87,Remove the girl wearing the black top from the picture,Only one boy jumped up above the ground,"""Leaping into the sky with reckless abandon, this shirtless man defies gravity with a daring jump, his dark hair flowing behind him as he soars above the desert landscape, his bare feet leaving the ground in a moment of unbridled freedom and joy.""",human_brush_alpha,0.06976795196533203,1,0.8793500065803528,0.9659739395092258,False,False,False,True,False,True,13.132324505927743,
he_10ca-K3e6Ko,HumanEdit,train,remove,10ca-K3e6Ko,/mnt/bn/strategy-mllm-train/user/tanyue/datasets/HumanEdit/data/train-00014-of-00034-f5a022605600a199.parquet,97,Remove the white pattern from the black T-shirt.,"A boy was wearing a black unpatterned short sleeve and black pants, his head down.","The image depicts a man standing in front of a concrete wall, with his head bowed and his face obscured by his hair. He is dressed in a black t-shirt layered over a gray shirt, paired with black pants featuring a distinctive red stripe down the side. The man's attire is complemented by a pair of glasses perched on his nose.

In the background, a concrete wall serves as the backdrop, with the man's shadow cast upon it. The overall atmosphere of the image exudes a sense of introspection and contemplation, as if the man is lost in thought or reflecting on his surroundings.",human_brush_alpha,0.019351959228515625,1,0.6402382850646973,0.8573057358358183,True,False,False,False,False,True,10.974563740025504,
he_11tmJit0vQk,HumanEdit,train,remove,11tmJit0vQk,/mnt/bn/strategy-mllm-train/user/tanyue/datasets/HumanEdit/data/train-00014-of-00034-f5a022605600a199.parquet,99,Remove the building in the lower right corner.,There was only one row of street lights under the sky.,"The image depicts a serene nighttime scene, with three streetlights standing tall against a dark blue sky. The lights are positioned at varying heights, with the two shorter ones on the left and the taller one in the center. The lights themselves are circular and feature a warm, golden glow, which is reflected on the surrounding surfaces.

The background of the image is a deep, dark blue, with a subtle gradient that gives the impression of a twilight sky. The overall atmosphere is one of peacefulness, with the soft lighting and gentle colors creating a sense of calmness. The image appears to be a photograph taken during the evening or early night hours, capturing the quiet beauty of the urban landscape.",human_brush_alpha,0.009024620056152344,1,0.5061386823654175,0.9837255883825738,True,False,False,True,False,True,11.360949384113614,
he_1Lw1ZSRPm7o,HumanEdit,train,remove,1Lw1ZSRPm7o,/mnt/bn/strategy-mllm-train/user/tanyue/datasets/HumanEdit/data/train-00012-of-00034-858bad23f2c47aa8.parquet,74,Remove camels on the left in the desert.,There was a man and a camel in the desert.,"A man in a green robe leads a camel through the desert, its back laden with a brown sack secured by green ropes. The camel's head is turned away from the camera, and its tail is visible. The man, dressed in a long green robe and a black turban, stands in the foreground, with the camel following closely behind. The desert landscape stretches out behind them, with sand dunes and sparse vegetation visible in the distance. The sky above is a clear blue, with no clouds in sight.",human_brush_alpha,0.06875801086425781,1,0.9358156323432922,0.9693943349637482,False,False,False,True,False,True,12.549069565857412,
he_1RTvJnAiFtI,HumanEdit,train,remove,1RTvJnAiFtI,/mnt/bn/strategy-mllm-train/user/tanyue/datasets/HumanEdit/data/train-00016-of-00034-142cd7f7f5846d6d.parquet,14,Remove the leaves on the left side of the branch.,Healthy and nutritious lush leaves,"This image presents a captivating close-up of a plant with striking green and brown leaves, set against a crisp white background. The plant's slender brown stem supports large, dark green leaves with pointed tips and a glossy finish. Notably, some leaves display a vibrant brown coloration on their edges and tips, adding a pop of contrast to the overall composition.

The plain white background allows the viewer's focus to remain on the plant, creating a sense of simplicity and elegance. The image appears to be a product photo, likely intended for use in an online catalog or advertisement, showcasing the plant's unique features and beauty.",human_brush_alpha,0.17039203643798828,1,0.9770491123199463,0.9914424613745338,False,False,False,True,False,True,12.336348438996074,
he_1SQsg_2eGdo,HumanEdit,train,remove,1SQsg_2eGdo,/mnt/bn/strategy-mllm-train/user/tanyue/datasets/HumanEdit/data/train-00016-of-00034-142cd7f7f5846d6d.parquet,45,Remove the camera.,A lady squatting by the flower bushes,"Here is a rephrased version of the caption:

The image features a serene and idyllic scene, with a woman sitting in front of a lush hedge of white roses. She is dressed in a crisp white dress with long sleeves and a round neckline, which complements the natural beauty surrounding her.

The woman's short black hair adds a touch of sophistication to her overall appearance. Her right hand is raised to her chin, and her head is turned slightly to the left, creating a sense of gentle contemplation.

In the background, a dark wooden gazebo or pergola is partially visible, surrounded by trees and bushes that add depth and texture to the scene. The sky above is a soft, pale blue, with the sun casting a warm glow over the entire setting.

The overall atmosphere of the image is one of peace and tranquility, inviting the viewer to step into the serene world depicted.",human_brush_alpha,0.013833999633789062,1,0.45181888341903687,0.9013623264343725,True,False,False,False,False,True,10.01121042347647,
he_2OalKAckLvU,HumanEdit,train,remove,2OalKAckLvU,/mnt/bn/strategy-mllm-train/user/tanyue/datasets/HumanEdit/data/train-00008-of-00034-37561f9e3fac8178.parquet,122,What happens if there is no one on the zebra crossing?,There is a white zebra crossing in the middle of the empty road,"The image depicts a crosswalk on a road, with white lines indicating where pedestrians should cross. The crosswalk is situated on a dark gray asphalt surface, which provides a striking contrast to the bright white lines. The lines are painted in a diagonal pattern, creating a sense of movement and energy. The overall effect is one of safety and orderliness, as the crosswalk serves as a designated area for pedestrians to cross the road.",human_brush_alpha,0.11260223388671875,2,0.7483450174331665,0.9584929837564855,False,False,False,True,False,True,12.479968859996285,
he_2Pm3LPrKvE4,HumanEdit,train,remove,2Pm3LPrKvE4,/mnt/bn/strategy-mllm-train/user/tanyue/datasets/HumanEdit/data/train-00008-of-00034-37561f9e3fac8178.parquet,139,Remove the larger snowflake at the back,A snowflake hangs from a shelf,"The image depicts a white snowflake ornament suspended from a ceiling fixture, set against a beige wall background. The snowflake is intricately designed with six points and a central circle, featuring a series of interconnected lines and shapes that evoke a sense of winter wonder.

**Key Features:**

* **Snowflake Ornament:** A delicate, white snowflake ornament hangs from a ceiling fixture, showcasing its intricate design.
* **Ceiling Fixture:** A light-colored ceiling fixture, possibly made of wood or metal, supports the snowflake ornament.
* **Beige Wall:** The background of the image features a beige wall, which provides a neutral and calming backdrop for the snowflake ornament.
* **Overall Atmosphere:** The image exudes a sense of serenity and tranquility, evoking feelings of winter wonder and festive cheer.",human_brush_alpha,0.19251060485839844,1,0.8769431114196777,0.9789369246283465,False,False,False,True,False,True,12.659288688569955,
he_3IUTxfKJl34,HumanEdit,train,remove,3IUTxfKJl34,/mnt/bn/strategy-mllm-train/user/tanyue/datasets/HumanEdit/data/train-00005-of-00034-ba219ad346ef60ce.parquet,20,Remove the middle giraffe,A giraffe is eating grass with a blue rope hanging on the grass,"The giraffe is eating from a blue and gray pole with a bundle of hay attached to it. The giraffe is standing in front of a body of water, with a grassy area behind it. In the background, there are trees and bushes. The overall atmosphere suggests a sunny day at a zoo or wildlife sanctuary, where the giraffe is being fed by its caretakers.",human_brush_alpha,0.13904953002929688,1,0.9252157807350159,0.9819403681963714,False,False,False,True,False,True,12.255644959495946,
he_3N4Z-OM1u78,HumanEdit,train,remove,3N4Z-OM1u78,/mnt/bn/strategy-mllm-train/user/tanyue/datasets/HumanEdit/data/train-00013-of-00034-383e8c49db6af26e.parquet,19,Remove the boy on the right.,A child was playing on the bank of the river.,"""Boy in red shorts standing on a rock by the water, with a boat in the foreground and a mountain in the background.""",human_brush_alpha,0.025424957275390625,1,0.8134276270866394,0.9429246728235654,False,False,False,True,False,True,12.237709399964311,
he_3O25t7H2xmE,HumanEdit,train,remove,3O25t7H2xmE,/mnt/bn/strategy-mllm-train/user/tanyue/datasets/HumanEdit/data/train-00012-of-00034-858bad23f2c47aa8.parquet,154,Remove people.,"At the bottom is the ground, in the middle is the sea, and above it is the sky.","The image captures a serene sunset scene, with the sky transitioning from a soft pink to a gentle purple hue, creating a breathtaking gradient effect. The calm water reflects the colors of the sky, while the dark shoreline in the foreground adds depth to the composition. In the distance, a small boat is visible on the water, adding a sense of tranquility to the scene. The overall atmosphere of the image exudes peace and serenity, inviting the viewer to step into the tranquil world depicted.",human_brush_alpha,0.01494598388671875,1,0.6957089900970459,0.9033232628398792,True,False,False,False,False,True,11.034693572682055,
he_3XUijzqLOV8,HumanEdit,train,remove,3XUijzqLOV8,/mnt/bn/strategy-mllm-train/user/tanyue/datasets/HumanEdit/data/train-00012-of-00034-858bad23f2c47aa8.parquet,99,Remove a coconut tree on the left.,A coconut tree.,"The image features a majestic palm tree standing tall against a serene blue sky with white clouds. The tree's slender trunk rises vertically, adorned with a lush crown of green fronds that gradually fade to a golden hue towards the top. The fronds are long and narrow, with a delicate texture that catches the light, while the trunk exhibits a subtle sheen, indicating a slight sheen from the sun's rays. The overall atmosphere is one of tranquility and beauty, evoking a sense of a warm and sunny day.",human_brush_alpha,0.08381462097167969,1,0.9146443009376526,0.9483741015134584,False,False,False,True,False,True,12.53027351000005,
he_3gvrzToFyXI,HumanEdit,train,remove,3gvrzToFyXI,/mnt/bn/strategy-mllm-train/user/tanyue/datasets/HumanEdit/data/train-00004-of-00034-7fffbdc560482a31.parquet,150,Remove light.,Many stones placed together,"""Rugged landscape of large rocks set against a vast, cloudless sky, evoking a sense of timeless, natural beauty and the power of the earth.""",human_brush_alpha,0.019306182861328125,1,0.49041420221328735,0.9012983068863412,True,False,False,False,False,True,10.37405182973407,
he_3suAHB4_Smo,HumanEdit,train,remove,3suAHB4_Smo,/mnt/bn/strategy-mllm-train/user/tanyue/datasets/HumanEdit/data/train-00012-of-00034-858bad23f2c47aa8.parquet,159,Remove the middle tree.,There are many stars in the night sky.,"The image depicts a starry night sky, with numerous small, white dots scattered throughout the dark background. The dots are likely stars, and the image is likely a photograph of the night sky.

*   The image is a photograph of the night sky.
    *   The sky is dark, with a few bright stars visible.
    *   The stars are small and white, and they are scattered randomly throughout the sky.
    *   The image is likely taken at night, when the stars are most visible.
*   The stars are small and white.
    *   They are scattered throughout the sky, with some being closer together than others.
    *   The stars are not aligned in any particular pattern.
    *   The stars are likely distant from each other, given their small size and the vastness of the sky.
*   The sky is dark.
    *   It is a deep shade of black, with no visible clouds or other obstructions.
    *   The darkness of the sky is likely due to the time of day (night) and the lack of light pollution.
    *   The darkness of the sky makes the stars stand out more clearly.

Overall, the image is a beautiful representation of the night sky, with its many stars shining brightly against",human_brush_alpha,0.08020210266113281,1,0.8780840039253235,0.9742323314378554,False,False,False,True,False,True,12.411091047899667,
he_4A1pj4_vClA,HumanEdit,train,remove,4A1pj4_vClA,/mnt/bn/strategy-mllm-train/user/tanyue/datasets/HumanEdit/data/train-00020-of-00034-be289e16c52e443a.parquet,8,Remove the teapot.,A girl with curly hair working on a computer,"The image depicts a young girl with long, wavy brown hair sitting at a wooden table, intently focused on a laptop computer. The laptop itself is silver and features a black sticker on its back, although the text is not legible. The girl is dressed in a dark grey hoodie and has her hands positioned on the keyboard and touchpad, respectively.

In the background, a large bookshelf dominates the scene, filled with an assortment of books in various colors and sizes. A white lamp sits atop the bookshelf, adding a touch of warmth to the otherwise studious atmosphere. The overall ambiance suggests that the girl is engaged in some form of educational or creative activity, possibly working on a project or studying for a test. The image conveys a sense of concentration and dedication, as the girl is fully absorbed in her task.",human_brush_alpha,0.0164642333984375,1,0.5520070791244507,0.9054034265631864,True,False,False,False,False,True,10.520114351945532,
he_4BuNQT3IS_Y,HumanEdit,train,remove,4BuNQT3IS_Y,/mnt/bn/strategy-mllm-train/user/tanyue/datasets/HumanEdit/data/train-00020-of-00034-be289e16c52e443a.parquet,98,Remove the bottom of the toy.,A pony toy is placed on a blanket,"The image depicts a small, white toy horse with gold accents, standing on a beige surface. The horse is positioned facing left, with its head turned towards the camera. It has a distinctive white mane and tail, and its body is adorned with gold stripes and a gold saddle. The horse's legs are slightly bent, giving it a sense of movement and energy.

The background of the image is blurred, but it appears to be a room with beige walls and a light-colored floor. The overall atmosphere of the image is one of simplicity and elegance, with the toy horse being the main focus. The use of muted colors and soft lighting creates a calming and serene mood, inviting the viewer to appreciate the beauty of the toy horse.",human_brush_alpha,0.18523406982421875,1,0.9544247984886169,0.9900662004522827,False,False,False,True,False,True,12.193784183233872,
he_4J_1bwE8-BY,HumanEdit,train,remove,4J_1bwE8-BY,/mnt/bn/strategy-mllm-train/user/tanyue/datasets/HumanEdit/data/train-00009-of-00034-af31fd800f9abf74.parquet,24,Remove the top bird from the two,There was a bird standing by the sea,"The image depicts a black and white bird with an orange beak, standing on a beach. The bird is facing to the left, with its head turned slightly towards the camera. It has a distinctive black and white plumage, with a long, orange beak and legs. The background of the image is blurred, but it appears to be a beach or coastal area, with waves crashing in the distance. The overall atmosphere of the image is one of serenity and tranquility, with the bird seemingly at ease in its natural habitat.",human_brush_alpha,0.2578716278076172,1,0.9697162508964539,0.9917512495783631,False,True,True,True,False,True,12.848269341726542,
he_4LnCTXNJit4,HumanEdit,train,remove,4LnCTXNJit4,/mnt/bn/strategy-mllm-train/user/tanyue/datasets/HumanEdit/data/train-00009-of-00034-af31fd800f9abf74.parquet,49,Remove the stone in the lower right corner of the screen,"The white spray flowed to the front, and there were several stones","A breathtaking aerial view of a vast, snow-covered landscape, with towering mountains and a frozen lake in the distance, shrouded in a thick layer of clouds, evoking a sense of serenity and natural beauty.",human_brush_alpha,0.25301551818847656,2,0.9798219799995422,0.9997629150800524,False,False,False,True,False,True,12.900114439151668,
he_4O3-PT_1eMY,HumanEdit,train,remove,4O3-PT_1eMY,/mnt/bn/strategy-mllm-train/user/tanyue/datasets/HumanEdit/data/train-00009-of-00034-af31fd800f9abf74.parquet,74,Remove the medicine bottle in the lower right corner of the image,There was a bottle of medicine on the table,"The image shows a bottle of fish oil capsules, with the lid off and the capsules spilling out onto a pink surface. The purpose of the image is to showcase the product and its packaging.

* A bottle of fish oil capsules:
	+ The bottle is made of dark glass or plastic.
	+ It has a white cap and a label with text that is not legible.
	+ The bottle is lying on its side, with the cap removed.
* The bottle is lying on its side:
	+ The bottle is positioned at an angle, with the cap facing upwards.
	+ The label on the bottle is partially visible.
	+ The bottle appears to be empty, with no capsules inside.
* There are capsules in a small dish:
	+ The dish is small and white.
	+ It contains several capsules.
	+ The capsules are clear and have a yellowish tint.

The image suggests that the product is a fish oil supplement, and the capsules are being used to promote the product's benefits. The use of a pink surface and a green leaf in the background adds a touch of naturalness and freshness to the image.",human_brush_alpha,0.13528919219970703,1,0.9719371199607849,0.9998907103825136,False,False,False,True,False,True,13.259776793941946,
he_4mu1thNgK24,HumanEdit,train,remove,4mu1thNgK24,/mnt/bn/strategy-mllm-train/user/tanyue/datasets/HumanEdit/data/train-00009-of-00034-af31fd800f9abf74.parquet,61,Remove the ball.,The puppy was in the grass with his head down,"The image depicts a dog standing in a grassy area, with its head slightly bowed and its ears perked up. The dog's fur is predominantly black, with some brown and white patches visible on its face and legs. Its eyes are dark and expressive, and its nose is black.

The dog appears to be walking through the grass, with its front paws visible in the foreground. The background of the image is blurred, but it appears to be a sunny day with greenery and trees in the distance. The overall atmosphere of the image is one of serenity and tranquility, with the dog seemingly enjoying its surroundings.",human_brush_alpha,0.016038894653320312,1,0.5869477391242981,0.9241433283023087,True,False,False,False,False,True,10.64379618476773,
he_51adhgg5KkE,HumanEdit,train,remove,51adhgg5KkE,/mnt/bn/strategy-mllm-train/user/tanyue/datasets/HumanEdit/data/train-00021-of-00034-c460dea8f591a811.parquet,162,Remove the water glass.,A man is sitting on the big bed in the house,"A serene winter scene unfolds within a cozy wooden cabin, where a woman sits on a plush bed, cradling a steaming mug in her hands. The room's warm, natural wood tones and large window offer a breathtaking view of the snow-covered forest outside, creating a sense of tranquility and seclusion.",human_brush_alpha,0.019777297973632812,1,0.45280465483665466,0.8940092165898618,True,False,False,False,False,True,10.238041723149594,
he_5D3SQkXKNhk,HumanEdit,train,remove,5D3SQkXKNhk,/mnt/bn/strategy-mllm-train/user/tanyue/datasets/HumanEdit/data/train-00017-of-00034-7ba280c9a805ec9a.parquet,40,Remove glasses.,A male doctor is gesturing with his hands,"The image depicts a man in a white lab coat, with a stethoscope draped around his neck and a thumbs-up gesture. He has dark hair and a beard, and is wearing a dark-colored shirt underneath his lab coat. The background of the image is a plain white wall.

The overall atmosphere of the image suggests that the man is a medical professional, possibly a doctor or nurse, who is confident and enthusiastic about his work. The thumbs-up gesture implies that he is pleased with something, possibly a patient's recovery or a successful treatment. The plain white background helps to focus attention on the man and his attire, emphasizing his professional identity.",human_brush_alpha,0.018418312072753906,1,0.6265717148780823,0.8627076784912439,True,False,False,False,False,True,10.888868661776161,
he_5H4p2FEBmf4,HumanEdit,train,remove,5H4p2FEBmf4,/mnt/bn/strategy-mllm-train/user/tanyue/datasets/HumanEdit/data/train-00017-of-00034-7ba280c9a805ec9a.parquet,99,Remove the shoes.,A little girl wearing a skirt barefoot,"""Standing confidently in front of a wooden railing, this young girl exudes a sense of poise and innocence. Her dark hair is styled neatly, and her dress features a delicate pattern of light blue and grey flowers. With her hands resting on the railing, she seems to be taking a moment to appreciate the beauty around her. The railing's intricate design and the subtle background add to the overall sense of serenity and charm.""",human_brush_alpha,0.019895553588867188,1,0.4400293827056885,0.8880693791538337,True,False,False,False,False,True,10.190974807354056,
he_5NJHUpmzD20,HumanEdit,train,remove,5NJHUpmzD20,/mnt/bn/strategy-mllm-train/user/tanyue/datasets/HumanEdit/data/train-00013-of-00034-383e8c49db6af26e.parquet,121,Remove white stripes from black shorts.,A man in a blue short-sleeved shirt and plain black shorts sat on a hanging chair looking at his phone.,"The image shows a man sitting on a swing, looking at his phone. The image is likely intended to be humorous or ironic, as the man appears to be enjoying himself while simultaneously being distracted by his phone.

* A man is sitting on a swing:
	+ The man is sitting on a black rope swing with a wooden seat.
	+ He is facing to the left, with his body angled towards the camera.
	+ His legs are bent at the knees, and his feet are not visible.
* The man is looking at his phone:
	+ The man's right hand is holding the phone, and his left hand is resting on his leg.
	+ The phone is held vertically, with the screen facing the man.
	+ The man's face is blurred, but his eyes are focused intently on the phone.
* The man has short brown hair:
	+ The man's hair is cut short, with a slight fade at the sides.
	+ His hair is dark brown, almost black.
	+ A few strands of hair are visible on his forehead and temples.
* The man is wearing a black t-shirt:
	+ The t-shirt is short-sleeved and has a crew neck.
	+ The fabric appears to be cotton or a cotton",human_brush_alpha,0.015585899353027344,3,0.4913816452026367,0.8222924276828907,True,False,False,False,False,True,10.24415035012956,
he_5Qx4QBht_N4,HumanEdit,train,remove,5Qx4QBht_N4,/mnt/bn/strategy-mllm-train/user/tanyue/datasets/HumanEdit/data/train-00013-of-00034-383e8c49db6af26e.parquet,154,Remove the brown on the feet of the blue and white bear doll.,A little girl was holding a blue-and-white bear doll.,"The image shows a young girl holding a stuffed animal, with the title ""A Little Girl and Her Best Friend"".",human_brush_alpha,0.008291244506835938,2,0.5797725319862366,0.8761432926829268,True,False,False,False,False,True,11.003074405967922,
he_5SoGp8vJO00,HumanEdit,train,remove,5SoGp8vJO00,/mnt/bn/strategy-mllm-train/user/tanyue/datasets/HumanEdit/data/train-00013-of-00034-383e8c49db6af26e.parquet,103,Remove the top three lights.,There are many irons in one window.,"This image features a dark grey gate or door with vertical slats, situated in front of a white wall. The gate is composed of numerous vertical slats, with two small white lights positioned above it, one on either side. The surrounding wall is painted white, and a small portion of a black object is visible on the right side of the image.",human_brush_alpha,0.07480621337890625,1,0.9080199599266052,0.9812954329682164,False,True,True,True,False,True,12.490508395400006,
he_5V_pMmsv7wk,HumanEdit,train,remove,5V_pMmsv7wk,/mnt/bn/strategy-mllm-train/user/tanyue/datasets/HumanEdit/data/train-00013-of-00034-383e8c49db6af26e.parquet,86,Remove the grass on the left.,"Below is the pink house, and above it is a handful of balloons.","""Colorful balloons soar against a brilliant blue sky, set against a backdrop of a vibrant pink building and a crisp white fence, creating a joyful and playful atmosphere.""",human_brush_alpha,0.07608795166015625,1,0.8854988813400269,0.9549383427451884,False,False,False,True,False,True,12.410895707089447,
he_5glUYvzsWGY,HumanEdit,train,remove,5glUYvzsWGY,/mnt/bn/strategy-mllm-train/user/tanyue/datasets/HumanEdit/data/train-00017-of-00034-7ba280c9a805ec9a.parquet,92,Remove the hat.,A girl wearing a denim jacket and shorts is sitting on the stairs,"The image depicts a young woman sitting on a staircase, leaning against the railing. She is dressed in a black tank top, light-washed denim jacket and shorts, white socks with red and blue stripes, and white sneakers. Her legs are crossed, and she has shoulder-length brown hair. The staircase is made of metal and has wooden steps, with a brick wall in the background. The overall atmosphere suggests a relaxed and casual setting, possibly during the daytime.",human_brush_alpha,0.015044212341308594,1,0.5514686107635498,0.9007616318528014,True,False,False,False,False,True,10.462212671167839,
he_5htXZu3V3oM,HumanEdit,train,remove,5htXZu3V3oM,/mnt/bn/strategy-mllm-train/user/tanyue/datasets/HumanEdit/data/train-00017-of-00034-7ba280c9a805ec9a.parquet,104,Remove people from the beach.,The setting sun scattered on the receding beach,"The image captures a serene sunset over a vast body of water, with the sun's warm glow casting a golden light on the clouds and the dark, rocky shoreline.

In the foreground, the dark, rocky shoreline stretches across the bottom half of the image, with the water's edge visible in the distance. The sky above is a kaleidoscope of colors, transitioning from blue to orange to pink, with dark clouds scattered throughout. The sun is setting behind a cluster of clouds on the horizon, its reflection visible on the water's surface.

The overall atmosphere of the image is one of peace and tranquility, evoking a sense of calm and serenity.",human_brush_alpha,0.013843536376953125,1,0.4488639235496521,0.8713168971737824,True,False,False,False,False,True,9.99990132649324,
he_5iX4W5tIjYM,HumanEdit,train,remove,5iX4W5tIjYM,/mnt/bn/strategy-mllm-train/user/tanyue/datasets/HumanEdit/data/train-00017-of-00034-7ba280c9a805ec9a.parquet,118,Remove ladybugs.,"Golden mature wheat ears, densely arranged like a golden ocean","The image depicts a close-up view of wheat stalks, with the focus on the central stalk. The stalk is positioned in the foreground, with its head facing the camera. The wheat is a light beige color, and the background is blurred, suggesting that it is a field of wheat.

The overall atmosphere of the image is one of serenity and simplicity, evoking a sense of a peaceful rural landscape. The soft, natural lighting and the gentle curves of the wheat stalks create a calming effect, inviting the viewer to appreciate the beauty of the natural world.",human_brush_alpha,0.013834953308105469,1,0.5174567699432373,0.8923648369789517,True,False,False,False,False,True,10.273867323986815,
he_5mTOegXTMUM,HumanEdit,train,remove,5mTOegXTMUM,/mnt/bn/strategy-mllm-train/user/tanyue/datasets/HumanEdit/data/train-00013-of-00034-383e8c49db6af26e.parquet,111,Remove white patterns from clothing.,A long-haired girl in a pure black tank top and orange shorts sat at the edge of the net.,"The image depicts a young woman sitting on a tennis court, surrounded by tennis balls and a tennis racket. She is dressed in a black sports bra and orange shorts, with long brown hair. The woman is sitting on the ground with her legs crossed, looking directly at the camera with a slight smile.

*   The background of the image shows a tennis court with a net and a few tennis balls scattered around.
*   The overall atmosphere of the image suggests that the woman is enjoying a break during a tennis game or practice session.

The image captures a moment of relaxation and leisure, with the woman's casual pose and smile conveying a sense of happiness and contentment.",human_brush_alpha,0.017488479614257812,1,0.7239143252372742,0.9074461183594031,True,False,False,False,False,True,11.245540146240794,
he_5mmngbWIflg,HumanEdit,train,remove,5mmngbWIflg,/mnt/bn/strategy-mllm-train/user/tanyue/datasets/HumanEdit/data/train-00013-of-00034-383e8c49db6af26e.parquet,45,Remove wood from the water.,There is a calm lake near by and mountains in the distance.,The serene lake and majestic mountains create a breathtaking scene.,human_brush_alpha,0.017038345336914062,3,0.5434671640396118,0.8748695569680296,True,False,False,False,False,True,10.507778100336678,
he_5sh24a7m0BU,HumanEdit,train,remove,5sh24a7m0BU,/mnt/bn/strategy-mllm-train/user/tanyue/datasets/HumanEdit/data/train-00013-of-00034-383e8c49db6af26e.parquet,80,Remove the words 'There is' in the top row of the board.,One hand held up a board that said NO Plant B.,"The image depicts a person holding a sign that reads ""NO Planet B"" in front of a blurred background. The sign is white with black and red letters, and the person is only partially visible, with their hand and arm holding the sign. The background is out of focus, but it appears to be an outdoor setting with a building or structure in the distance.

The overall atmosphere of the image suggests a protest or demonstration, with the person holding the sign as a form of expression or advocacy. The use of the phrase ""NO Planet B"" implies a strong message about environmentalism and the need for action to protect the planet.",human_brush_alpha,0.0852813720703125,1,0.8761765360832214,0.9515683506230433,False,False,False,True,False,True,13.165402760988426,
he_6-Grz7txpe8,HumanEdit,train,remove,6-Grz7txpe8,/mnt/bn/strategy-mllm-train/user/tanyue/datasets/HumanEdit/data/train-00009-of-00034-af31fd800f9abf74.parquet,103,Remove the pyramid behind the Sphinx,There is a human face in the desert,"The image depicts the Great Sphinx of Giza, a colossal limestone statue with the body of a lion and the head of a human, situated in the Giza Plateau, Egypt. The statue is believed to have been built during the Old Kingdom period, around 2500 BC, and is considered one of the most iconic and mysterious monuments in the world.

The image shows the Sphinx in its natural desert surroundings, with the pyramids of Giza visible in the background. The Sphinx is depicted in a state of disrepair, with erosion and damage evident on its surface. Despite this, the statue remains an awe-inspiring sight, and its enigmatic presence continues to captivate visitors from around the world.

The image provides a glimpse into the rich history and culture of ancient Egypt, and serves as a reminder of the enduring power of art and architecture to inspire and fascinate us.",human_brush_alpha,0.14331817626953125,1,0.8442357778549194,0.815660833251861,False,False,False,True,False,True,12.713018790194837,
he_6g-b4Ewoho0,HumanEdit,train,remove,6g-b4Ewoho0,/mnt/bn/strategy-mllm-train/user/tanyue/datasets/HumanEdit/data/train-00009-of-00034-af31fd800f9abf74.parquet,126,Remove the red ball.,The child stands in front of the shelf,"The image depicts a young boy standing in a bowling alley, with his hands on the railing and his attention focused on the bowling lanes. The boy has blonde hair and is dressed in a white shirt, khaki shorts, and black sandals. He appears to be waiting for his turn to bowl or observing the game.

In the background, the bowling alley's interior is visible, featuring a red wall adorned with large bowling pins. The floor is made of light-colored wood, and several bowling lanes are lined up along the left side of the image. The overall atmosphere suggests a fun and casual setting, likely a family-friendly bowling alley or recreational center.",human_brush_alpha,0.016119956970214844,1,0.5708729028701782,0.9237089201877934,True,False,False,False,False,True,10.582557587076876,
he_7XHbr-V62IM,HumanEdit,train,remove,7XHbr-V62IM,/mnt/bn/strategy-mllm-train/user/tanyue/datasets/HumanEdit/data/train-00010-of-00034-620a6743355afecb.parquet,52,Remove the person farthest from the basket in the frame,Someone is playing under the basketball hoop,"The image depicts two shirtless men engaged in a game of basketball on an outdoor court, with one player attempting to score a basket. The court is situated near a body of water, with a tree and a bridge visible in the background. The scene is set against a clear blue sky, suggesting a sunny day.",human_brush_alpha,0.2363138198852539,1,0.9778766632080078,0.9922537252155432,False,False,False,True,False,True,12.934627248468704,
he_7tyW8-6rb_4,HumanEdit,train,remove,7tyW8-6rb_4,/mnt/bn/strategy-mllm-train/user/tanyue/datasets/HumanEdit/data/train-00010-of-00034-620a6743355afecb.parquet,31,Remove the bottom fruit,There are two purple fruits hanging from the branches,"A close-up photograph of two dark blue olives on a branch, with a blurred background of olive leaves.",human_brush_alpha,0.05844879150390625,1,0.8787334561347961,0.9763304855948814,False,False,False,True,False,True,13.018875919399381,
he_7wIg5ENOSCw,HumanEdit,train,remove,7wIg5ENOSCw,/mnt/bn/strategy-mllm-train/user/tanyue/datasets/HumanEdit/data/train-00010-of-00034-620a6743355afecb.parquet,45,Remove the parasol behind the boy,Small children playing in the sand on a stool,"The image depicts a young child sitting in a yellow beach chair, wearing a straw hat and sunglasses, with sand flying through the air as they throw it. The child is dressed in a white t-shirt and blue shorts, and their legs are bare. They are positioned on a sandy beach, with a blue sky and white clouds visible in the background. In the distance, there are trees and buildings, adding to the serene atmosphere of the scene. The overall mood of the image is one of carefree joy, capturing the simple pleasures of childhood.",human_brush_alpha,0.093658447265625,2,0.8719362020492554,0.9773926539058458,False,False,False,True,False,True,12.289854099999522,
he_8VmiMhameng,HumanEdit,train,remove,8VmiMhameng,/mnt/bn/strategy-mllm-train/user/tanyue/datasets/HumanEdit/data/train-00007-of-00034-cee93102372ec1a7.parquet,4,Remove all the people behind the man in the center of the picture,"A man stands on the playground, wearing a red short-sleeved shirt and a red hat, raising his hands above his head","The image depicts a man standing on a baseball field, with his arms raised above his head. He is wearing a maroon t-shirt and a maroon baseball cap, which is turned backwards. The man has short blonde hair and a beard, and he is looking to his left.

* The man is standing on a baseball field, with a dirt infield and a green grass outfield.
	+ The field is surrounded by a yellow fence.
	+ In the background, there are trees and bushes.
* The man is wearing a maroon t-shirt and a maroon baseball cap.
	+ The t-shirt has white text on it, but it is not legible.
	+ The cap is turned backwards, and the man's hair is visible underneath.
* The man has short blonde hair and a beard.
	+ His hair is cut close to his head, and his beard is neatly trimmed.
	+ He has a serious expression on his face.
* The man is looking to his left.
	+ He is focused on something or someone outside the frame.
	+ His gaze is intense and concentrated.

Overall, the image suggests that the man is engaged in a sport or activity related to baseball, and he is fully focused on the task at hand.",human_brush_alpha,0.12713146209716797,3,0.930953323841095,0.9879764407941357,False,False,False,True,False,True,13.135009606010192,
he_8bSV4ulfbzo,HumanEdit,train,remove,8bSV4ulfbzo,/mnt/bn/strategy-mllm-train/user/tanyue/datasets/HumanEdit/data/train-00010-of-00034-620a6743355afecb.parquet,122,Remove the moon.,There was a mass in the middle of the dark sky that had not yet turned black,"The image is a blurry, dark photograph of a blue and yellow object, possibly a nebula or a planet, set against a black background. The object is centered in the frame and appears to be a large, spherical body with a bright blue and yellow hue. The colors are muted and difficult to discern due to the low resolution of the image.

The background of the image is completely black, which makes the object stand out even more. There are no other objects or features visible in the image, suggesting that it may have been taken in space or in a location with minimal atmospheric interference.

Overall, the image is a striking representation of the vastness and beauty of the universe, and it invites the viewer to contemplate the mysteries of the cosmos.",human_brush_alpha,0.013831138610839844,1,0.6495848298072815,0.8243929208396213,True,False,False,False,False,True,10.801754138076666,
he_8pc5B4rnw_I,HumanEdit,train,remove,8pc5B4rnw_I,/mnt/bn/strategy-mllm-train/user/tanyue/datasets/HumanEdit/data/train-00006-of-00034-3753b8775b6033f6.parquet,23,Remove the woman in the middle of the road,There are many cars driving on the road between high-rise buildings,"The image depicts a city street at dusk, with a prominent center pole and several buildings lining the road. The street is bustling with traffic, and the buildings are adorned with festive lights, creating a lively atmosphere.

*   **Center Pole:**
    *   A tall, dark pole stands in the middle of the street, likely a streetlight or a sign supporting structure.
*   **Buildings:**
    *   Several buildings line the street, varying in height and architectural style.
    *   Some buildings have signs or advertisements on their facades.
    *   The buildings appear to be a mix of office spaces and retail establishments.
*   **Street Scene:**
    *   The street is filled with cars, trucks, and possibly taxis, moving in both directions.
    *   The vehicles are illuminated by their headlights, adding to the overall brightness of the scene.
    *   The street is lined with trees or lamp posts, which are decorated with lights, contributing to the festive ambiance.
*   **Atmosphere:**
    *   The image captures a moment during the evening or early night, as the sky above is darkening.
    *   The presence of festive lights suggests that the scene may be set during the holiday season or a special event",human_brush_alpha,0.16510677337646484,1,0.8944084048271179,0.9692490981897607,False,False,False,True,False,True,12.825370300033995,
he_8s0x8fqTGXE,HumanEdit,train,remove,8s0x8fqTGXE,/mnt/bn/strategy-mllm-train/user/tanyue/datasets/HumanEdit/data/train-00006-of-00034-3753b8775b6033f6.parquet,92,Remove cars and people.,"There is a path between the two buildings, covered with leaves","The image depicts a narrow, urban alleyway, characterized by tall buildings and a paved surface. The scene is set in a city or town, with the alleyway serving as a passageway between buildings. The overall atmosphere is one of urban grittiness, with the alleyway's narrowness and the presence of buildings on either side creating a sense of confinement. The image captures a moment of quietness, with the alleyway devoid of people or vehicles, emphasizing the urban landscape's often-overlooked aspects.",human_brush_alpha,0.017754554748535156,1,0.4436042904853821,0.849137739947688,True,False,False,False,False,True,10.134220694666935,
he_8tN3flDTQBU,HumanEdit,train,remove,8tN3flDTQBU,/mnt/bn/strategy-mllm-train/user/tanyue/datasets/HumanEdit/data/train-00006-of-00034-3753b8775b6033f6.parquet,135,Remove people standing in the middle of the road.,There are lawns on both sides of the road and a mountain in front of it,"The image depicts a serene and picturesque landscape, with a two-lane road stretching out into the distance, flanked by rolling hills and mountains on either side. The road is paved and has a white line down the center, indicating that it is a well-maintained highway. The surrounding landscape is characterized by lush green grass and sparse vegetation, suggesting that the area is rural or countryside.

In the background, the mountains rise up, their rugged peaks and slopes creating a dramatic backdrop for the scene. The sky above is overcast, with clouds drifting lazily across the horizon. The overall atmosphere of the image is one of tranquility and natural beauty, inviting the viewer to imagine themselves driving along this scenic route, surrounded by the sights and sounds of the great outdoors.",human_brush_alpha,0.14095687866210938,1,0.8971124291419983,0.9186999727623382,False,False,False,True,False,True,12.935153039856933,
he_9TdomzK-2d0,HumanEdit,train,remove,9TdomzK-2d0,/mnt/bn/strategy-mllm-train/user/tanyue/datasets/HumanEdit/data/train-00013-of-00034-383e8c49db6af26e.parquet,158,Remove people from the desert.,An empty desert.,"The image depicts a vast expanse of sand dunes, with a single set of footprints leading through the center. The dunes are characterized by their light orange hue and undulating texture, while the sky above is a brilliant blue with a few wispy clouds. The overall atmosphere of the image suggests a serene and peaceful environment, with the footprints serving as a subtle reminder of human presence in this otherwise untouched landscape.",human_brush_alpha,0.011984825134277344,1,0.6013424396514893,0.8833819241982507,True,False,False,False,False,True,10.519418131575152,
he_9UNuCjJnQbA,HumanEdit,train,remove,9UNuCjJnQbA,/mnt/bn/strategy-mllm-train/user/tanyue/datasets/HumanEdit/data/train-00014-of-00034-f5a022605600a199.parquet,55,Remove the phone from the quilt.,There is a laptop and blue clothes on the quilt.,"The image shows a laptop sitting on a bed, with a blanket or comforter visible in the background. The laptop is open and facing the camera, with its screen facing upwards. It appears to be a silver MacBook, but the screen is black, so it's difficult to tell for sure.

The laptop is placed on a rumpled gray comforter or duvet, which fills the foreground of the image. In the background, there is a blue and white striped blanket or pillowcase that adds a pop of color to the scene. The overall atmosphere of the image suggests a cozy and intimate setting, perhaps a bedroom or a home office. The lighting is soft and warm, with a slight glow emanating from the laptop's screen, which adds to the sense of comfort and relaxation.",human_brush_alpha,0.012578964233398438,1,0.5991573929786682,0.8555236000676705,True,False,False,False,False,True,10.54081505000517,
he_9V2d3RoUEdk,HumanEdit,train,remove,9V2d3RoUEdk,/mnt/bn/strategy-mllm-train/user/tanyue/datasets/HumanEdit/data/train-00014-of-00034-f5a022605600a199.parquet,32,Remove the leaves on the right.,A white peacock was walking on an empty road.,"A white peacock stands on a dirt path, its long neck and tail feathers prominent as it gazes directly at the camera. The bird's plumage is a brilliant white, with a subtle sheen that catches the light. Its eyes are dark and piercing, and its beak is small and delicate. A small yellow band adorns the bird's leg, suggesting that it may be part of a conservation program or research study. The background of the image is blurred, but it appears to be a natural setting, possibly a park or wildlife reserve. Overall, the image conveys a sense of elegance and poise, as the peacock struts confidently across the path.",human_brush_alpha,0.10151481628417969,1,0.9255689978599548,0.9973739994305059,False,False,False,True,False,True,12.45375845068611,
he_9Vq-VuI7woY,HumanEdit,train,remove,9Vq-VuI7woY,/mnt/bn/strategy-mllm-train/user/tanyue/datasets/HumanEdit/data/train-00014-of-00034-f5a022605600a199.parquet,72,Remove the monk sculpture on the far right.,There are six monk ornaments on the table.,"The image depicts two small, white Buddha statues sitting on a wooden shelf or table, with a blurred background. The statue on the left is wearing a dark grey robe and has its right hand raised in a gesture of blessing or protection. The statue on the right is also wearing a dark grey robe and is sitting cross-legged in a meditative pose.

In the background, there are several other Buddha statues visible, but they are out of focus. The overall atmosphere of the image suggests a peaceful and serene setting, possibly a Buddhist temple or a home altar.",human_brush_alpha,0.08725261688232422,1,0.9228146076202393,0.9833902683389061,False,False,False,True,False,True,12.537890639259409,
he_9iR21DGebEs,HumanEdit,train,remove,9iR21DGebEs,/mnt/bn/strategy-mllm-train/user/tanyue/datasets/HumanEdit/data/train-00011-of-00034-15064a8dd2f007e8.parquet,27,Remove the woman at the back of the two women,There was a girl standing on the sand,"The image depicts a woman standing in a desert landscape, dressed in a striking black lace dress with a plunging neckline and long sleeves. Her dark hair is styled in a ponytail, adorned with feathers that add a touch of whimsy to her overall appearance. The woman's face is painted with a bold, black stripe running down the center, complemented by dark eye makeup and red lips that add a pop of color to her features.

In the background, the desert landscape stretches out, characterized by sandy dunes and sparse vegetation. The sky above is a brilliant blue, dotted with white clouds that add texture and depth to the scene. The overall atmosphere of the image is one of drama and elegance, with the woman's striking appearance and the desert landscape combining to create a sense of intrigue and mystery.",human_brush_alpha,0.19567108154296875,1,0.9033697247505188,0.9581160740748872,False,True,True,True,False,True,12.75470456354302,
he_9swU_dZxwGg,HumanEdit,train,remove,9swU_dZxwGg,/mnt/bn/strategy-mllm-train/user/tanyue/datasets/HumanEdit/data/train-00014-of-00034-f5a022605600a199.parquet,71,Remove the leaves in the lower left corner.,"Leaves on the top left, pink sky behind.","A serene tropical scene, with palm fronds set against a gradient sky that transitions from pink to purple, evoking a sense of peacefulness and tranquility.",human_brush_alpha,0.07370376586914062,1,0.880393385887146,0.880932669004862,False,False,False,True,False,True,12.37058482360087,
he_AxnzedBAdxo,HumanEdit,train,remove,AxnzedBAdxo,/mnt/bn/strategy-mllm-train/user/tanyue/datasets/HumanEdit/data/train-00022-of-00034-96acae3507199147.parquet,134,Remove the sunglasses.,Girl standing sideways on the road,"The image depicts a woman with long, wavy brown hair and a black-and-white checkered shirt, posing in front of a blurred background that appears to be a city street or park. The overall atmosphere suggests a casual, daytime setting, possibly during the spring or summer season.",human_brush_alpha,0.01789379119873047,1,0.4591299295425415,0.8774021095217455,True,False,False,False,False,True,10.200748362763532,
he_N92PmuFjVOI,HumanEdit,train,remove,N92PmuFjVOI,/mnt/bn/strategy-mllm-train/user/tanyue/datasets/HumanEdit/data/train-00030-of-00034-f0e63a7fd03eaeaf.parquet,17,Remove the right girl.,On the endless beach sat a girl in a pink dress with long hair,"The image depicts a serene scene of a woman sitting on the beach, gazing out at the ocean. The woman, with her back to the viewer, has long, wavy red hair and is dressed in a pink hoodie, blue jeans, and black sneakers. She sits on the sand, with her legs crossed, and her right foot tucked under her left leg.

The background of the image is blurred, but it appears to be a daytime setting, with the sun shining down on the woman. The overall atmosphere of the image is one of peace and tranquility, as the woman seems to be lost in thought, taking in the beauty of the ocean.",human_brush_alpha,0.12458419799804688,1,0.9358484148979187,0.9868881693181285,False,False,False,True,False,True,12.36672187054818,
he_OdjhBf4Ar4I,HumanEdit,train,remove,OdjhBf4Ar4I,/mnt/bn/strategy-mllm-train/user/tanyue/datasets/HumanEdit/data/train-00024-of-00034-b960059c08b82921.parquet,3,Only the cup filled with blue liquid is left,A glass of colored water.,"A small glass of blue liquid, possibly water or a flavored drink, sits on a white surface with a subtle shadow cast beneath it.",human_brush_alpha,0.24243545532226562,2,0.9814502596855164,0.9882562931464419,False,False,False,True,False,True,12.93361341694158,
he__M4SLgyL3Ps,HumanEdit,train,remove,_M4SLgyL3Ps,/mnt/bn/strategy-mllm-train/user/tanyue/datasets/HumanEdit/data/train-00011-of-00034-15064a8dd2f007e8.parquet,80,Remove the items on the left wall.,There is nothing on the wall to the left of the high collar,"The image depicts a building with a striking yellow roof and a gray facade, set against a clear blue sky. The building's design is characterized by its angular lines and rectangular shape, with a prominent corner that juts out from the rest of the structure.

**Key Features:**

* **Yellow Roof:** The roof is a vibrant yellow color, adding a pop of color to the otherwise monochromatic building.
* **Gray Facade:** The facade of the building is a light gray color, providing a subtle contrast to the yellow roof.
* **Angular Lines:** The building's design features angular lines, giving it a modern and sleek appearance.
* **Rectangular Shape:** The building's shape is rectangular, with clean lines and sharp edges.
* **Clear Blue Sky:** The sky above the building is a brilliant blue, providing a sense of depth and context to the image.

**Overall Impression:**

The image presents a visually striking building with a unique design, set against a beautiful blue sky. The contrast between the yellow roof and gray facade creates a visually appealing effect, while the angular lines and rectangular shape add to the building's modern aesthetic.",human_brush_alpha,0.2194957733154297,1,0.9759657382965088,0.993287146817384,False,False,False,True,False,True,12.173745492117925,
he__RnbxS6vUb8,HumanEdit,train,remove,_RnbxS6vUb8,/mnt/bn/strategy-mllm-train/user/tanyue/datasets/HumanEdit/data/train-00012-of-00034-858bad23f2c47aa8.parquet,31,Remove the little fox on the left.,A fox is standing on the right side of the wood. On the left is a big tree.,"The image depicts a serene scene of a red fox standing in a forest clearing, its eyes closed as if it is sleeping or resting. The fox's fur is a vibrant orange-red color, with a white-tipped tail and white markings on its face. Its ears are perked up, and its nose is black.

In the background, the forest is lush and green, with trees and bushes visible through the soft focus. The overall atmosphere of the image is one of tranquility and peacefulness, with the fox appearing content and at ease in its natural habitat.",human_brush_alpha,0.08162689208984375,1,0.8156288862228394,0.9831178586960819,False,False,False,True,False,True,12.950665697828688,
he__Wt5CgwWk1k,HumanEdit,train,remove,_Wt5CgwWk1k,/mnt/bn/strategy-mllm-train/user/tanyue/datasets/HumanEdit/data/train-00002-of-00034-c7fb3c21a516ec2c.parquet,139,Remove pattern in the top of the girl.,A girl wearing black clothes and jeans,"The image depicts a woman with long brown hair, wearing a black shirt and light-washed jeans, posing in front of a blurred background. The overall atmosphere suggests a professional photo shoot, likely for a modeling or advertising purpose.

*   The woman's long brown hair cascades down her back, framing her face and adding a touch of elegance to the image.
    *   Her hair is styled in loose waves, with a few strands framing her face and accentuating her features.
*   The black shirt she wears is a simple yet stylish top that complements her overall look.
    *   The shirt has a V-neckline and short sleeves, giving it a casual yet sophisticated appearance.
*   Her light-washed jeans are a popular choice for everyday wear, but in this context, they add a relaxed and approachable vibe to the image.
    *   The light wash gives the jeans a soft, faded look that adds texture and interest to the overall composition.
*   The blurred background suggests a studio or indoor setting, which helps to focus attention on the subject.
    *   The background is out of focus, but it appears to be a neutral-colored wall or backdrop that provides a clean and minimalist setting for the photo.
*   The overall atmosphere of the image is",human_brush_alpha,0.12075138092041016,1,0.9093531966209412,0.9756134735558604,False,False,False,True,False,True,12.280543402922989,
he__g30Vjnlhkk,HumanEdit,train,remove,_g30Vjnlhkk,/mnt/bn/strategy-mllm-train/user/tanyue/datasets/HumanEdit/data/train-00002-of-00034-c7fb3c21a516ec2c.parquet,82,Remove a dog collar.,A dog stands in a forest full of fallen leaves,"The image depicts a dog standing on a rock in the woods, with the dog being the central focus. The dog is a medium-sized breed with a short coat that is predominantly white, but also has patches of black and brown. It has a distinctive appearance, with a black nose and floppy ears. The dog's mouth is open, and its tongue is hanging out, giving it a friendly and relaxed expression.

The background of the image is blurred, but it appears to be a wooded area with trees and fallen leaves. The overall atmosphere of the image is one of serenity and tranquility, with the dog appearing to be enjoying itself in its natural surroundings. The image suggests that the dog is a happy and contented animal, and the peaceful environment only adds to its sense of well-being.",human_brush_alpha,0.012006759643554688,1,0.42621269822120667,0.912780254141441,True,False,False,False,False,True,10.619726741701447,
he__hpk_92Crhs,HumanEdit,train,remove,_hpk_92Crhs,/mnt/bn/strategy-mllm-train/user/tanyue/datasets/HumanEdit/data/train-00002-of-00034-c7fb3c21a516ec2c.parquet,120,Remove clouds between mountains,Mountains filled with smoke,"The image presents a breathtaking aerial view of majestic mountains, with their peaks and valleys shrouded in a thick layer of fog. The misty atmosphere creates an ethereal quality, as if the mountains are suspended in a dreamlike state.

In the foreground, the dark blue peaks rise dramatically, their rugged contours softened by the veil of fog. The valleys below are equally impressive, with the mist swirling around them like a gentle dance. The overall effect is one of awe-inspiring beauty, as if the viewer is gazing upon a sacred and mystical place.

The image's color palette is characterized by deep blues and grays, punctuated by occasional flashes of white and green. The fog adds a sense of mystery and otherworldliness to the scene, inviting the viewer to step into the mystical world of the mountains.",human_brush_alpha,0.2856273651123047,3,0.9591195583343506,0.9922346374877288,False,False,False,True,False,True,12.74136035642263,
he__w0XkDuLj88,HumanEdit,train,remove,_w0XkDuLj88,/mnt/bn/strategy-mllm-train/user/tanyue/datasets/HumanEdit/data/train-00011-of-00034-15064a8dd2f007e8.parquet,136,Remove things from the blanket.,A girl who is exercising has nothing on her blanket,"The image depicts a man in a yoga pose, with his back facing the camera. He is standing on a black yoga mat, which is placed on a beige carpeted floor. The man has curly brown hair and is wearing a black shirt with white text that reads ""CITY OF ROSES"" and a red rose logo. His arms are bent at the elbows, and his hands are flat on the mat.

In the background, there is a white wall with a window and a bed with a white comforter. To the right of the man, there is a gray couch and a small table with a plant on it. The overall atmosphere of the image suggests a peaceful and serene setting, possibly a home yoga practice or a yoga studio.",human_brush_alpha,0.01870441436767578,1,0.4029276669025421,0.8457373394203206,True,False,False,False,False,True,10.003652720661368,
he_-3E9wA9VWCY,HumanEdit,train,replace,-3E9wA9VWCY,/mnt/bn/strategy-mllm-train/user/tanyue/datasets/HumanEdit/data/train-00004-of-00034-7fffbdc560482a31.parquet,94,Change white top to black top.,"Girl wearing black top and white pants, standing near the wall","The image depicts a woman standing in front of a white brick wall, turned to her left and gazing directly at the camera. She has fair skin and dark hair styled in a low bun. Her attire consists of a black sleeveless top and a long, light-colored skirt that appears to be made of a lightweight material, possibly silk or cotton.

The woman's posture is relaxed, with her right arm hanging loosely by her side. A ring adorns her right hand, adding a touch of elegance to her overall appearance. The white brick wall behind her provides a clean and minimalist backdrop, allowing the viewer's focus to remain on the subject.

The image exudes a sense of confidence and poise, as if the woman is posing for a photo shoot or simply enjoying a moment of self-expression. The overall mood of the image is one of calmness and serenity, inviting the viewer to appreciate the beauty in the everyday.",human_brush_alpha,0.08903121948242188,1,0.8733133673667908,0.9494660997695629,False,False,False,True,False,True,12.327300530890707,
he_-3Mbr-3-e2s,HumanEdit,train,replace,-3Mbr-3-e2s,/mnt/bn/strategy-mllm-train/user/tanyue/datasets/HumanEdit/data/train-00005-of-00034-ba219ad346ef60ce.parquet,101,Replace the black hat of the big doll in the middle with a Santa hat,"Many dolls are placed on the table, the doll in the middle is wearing a red hat","The image is a photograph of a collection of Christmas figurines, including Santa Claus and snowmen, arranged on a table or shelf.

*   The figurines are made of ceramic or plastic and feature bright colors.
    *   Santa Claus is depicted wearing a red hat and coat, with a white beard and a jolly expression.
    *   The snowmen are dressed in red hats and scarves, with carrot noses and smiling faces.
*   In the background, other Christmas decorations can be seen, such as lights and ornaments.
    *   The overall atmosphere of the image is festive and joyful, capturing the spirit of the holiday season.

The image showcases a delightful collection of Christmas figurines, adding to the festive ambiance of the holiday season.",human_brush_alpha,0.0379180908203125,1,0.8434531092643738,0.966151832460733,False,False,False,True,False,True,12.607713616554882,
he_0HPhEPT3FmE,HumanEdit,train,replace,0HPhEPT3FmE,/mnt/bn/strategy-mllm-train/user/tanyue/datasets/HumanEdit/data/train-00012-of-00034-858bad23f2c47aa8.parquet,58,Replace the red flower on the left with a white flower.,A bunch of white flowers.,"""Close-up of a bouquet of roses in various shades of white and pink, set against a plain white background.""",human_brush_alpha,0.17504119873046875,1,0.9886959791183472,0.9927909429558817,False,False,False,True,False,True,12.365454073744367,
he_0Ut0pNrTdQo,HumanEdit,train,replace,0Ut0pNrTdQo,/mnt/bn/strategy-mllm-train/user/tanyue/datasets/HumanEdit/data/train-00008-of-00034-37561f9e3fac8178.parquet,70,Replace the Statue of Liberty with a lighthouse.,There is only one lighthouse on the sea,"The image depicts a lighthouse standing tall against a vibrant sunset sky, its warm and inviting light casting a gentle glow. The lighthouse's silhouette is set against a backdrop of orange and pink hues, with the sky transitioning from a deep orange at the bottom to a lighter shade towards the top. The lighthouse itself appears to be made of stone or brick, with a distinctive shape that tapers as it rises. A small light shines from the top, illuminating the surrounding area.

The overall atmosphere of the image is one of serenity and tranquility, evoking feelings of peace and calmness. The warm colors of the sunset and the soft light of the lighthouse create a sense of warmth and comfort, making the viewer feel like they are experiencing a peaceful evening. The image is likely intended to evoke a sense of relaxation and contemplation, inviting the viewer to step back and appreciate the beauty of the natural world.",human_brush_alpha,0.07790279388427734,1,0.9234959483146667,0.9729097271998988,False,False,False,False,False,True,11.977676090168096,
he_0hwoPb13zuQ,HumanEdit,train,replace,0hwoPb13zuQ,/mnt/bn/strategy-mllm-train/user/tanyue/datasets/HumanEdit/data/train-00012-of-00034-858bad23f2c47aa8.parquet,64,Replace a woman's gold necklace with a brown and black one.,A woman was wearing a brown and black necklace and a colorful dress.,"The image depicts a young woman with dark hair and a vibrant, multicolored top, set against a serene blue sky backdrop.",human_brush_alpha,0.008872032165527344,1,0.5058759450912476,0.845061533606816,True,False,False,False,False,True,9.949887695997592,
he_0l_PZ1mO_ZA,HumanEdit,train,replace,0l_PZ1mO_ZA,/mnt/bn/strategy-mllm-train/user/tanyue/datasets/HumanEdit/data/train-00018-of-00034-97607d160cf642fb.parquet,68,Replace the color of the clothes.,A person is wearing red clothes and looking down.,"The image depicts a person standing on a rocky outcropping, gazing out at a vast cliff face. The cliff face is a light gray color with darker gray and brown striations, and it stretches upwards into the distance. The person is dressed in a bright pink jacket, black pants, and brown boots, and they are carrying a red backpack. They stand on a large, flat rock that juts out from the cliff face, with their back to the camera. The atmosphere suggests a sense of adventure and exploration, as the person takes in the breathtaking view from the edge of the cliff. The image conveys a sense of awe and wonder at the natural beauty of the landscape.",human_brush_alpha,0.013849258422851562,1,0.4458215832710266,0.8480158189008591,True,False,False,False,False,True,9.987968912645336,
he_0pSsWN8uqAE,HumanEdit,train,replace,0pSsWN8uqAE,/mnt/bn/strategy-mllm-train/user/tanyue/datasets/HumanEdit/data/train-00019-of-00034-1a356b75467e13d3.parquet,51,Change the number6 in the shirt to 8.,The middle child has the number 8 written on his clothes,"The image depicts a group of young men, likely soccer players, standing together with their arms around each other's shoulders. The group consists of seven individuals, all wearing red or black uniforms with numbers on the back. The players are positioned with their backs to the camera, facing away from the viewer.

The image conveys a sense of unity and camaraderie among the team members, as they stand together in a show of solidarity and support for one another. The blurred background suggests that the photo was taken outdoors, possibly on a soccer field or in a park-like setting. Overall, the image captures a moment of teamwork and friendship among the young athletes.",human_brush_alpha,0.016472816467285156,1,0.47879526019096375,0.8902411368962129,True,False,False,False,False,True,11.028262346561862,
he_1GxT-yz-PGQ,HumanEdit,train,replace,1GxT-yz-PGQ,/mnt/bn/strategy-mllm-train/user/tanyue/datasets/HumanEdit/data/train-00003-of-00034-9b77bb1da8f3e008.parquet,128,Change black hat to white hat.,A man wearing a black shirt and a white hat stands on the grassland,"A man in a white hat and black jacket stands at the edge of a vast, arid landscape, gazing out at the breathtaking scenery before him. In the distance, majestic mountains rise up, their rugged peaks and valleys stretching out as far as the eye can see. The sky above is a brilliant blue, dotted with puffy white clouds that add to the sense of drama and wonder. The man's back is turned to the camera, his attention fixed on the stunning view ahead, as if he is taking in the beauty of the landscape for the first time. The overall atmosphere of the image is one of awe and tranquility, inviting the viewer to step into the serene and majestic world depicted.",human_brush_alpha,0.013834953308105469,1,0.4655180871486664,0.8656780881082637,True,False,False,False,False,True,10.065614388424349,
he_1KTNlv11tDc,HumanEdit,train,replace,1KTNlv11tDc,/mnt/bn/strategy-mllm-train/user/tanyue/datasets/HumanEdit/data/train-00029-of-00034-d4529d3619a2a30d.parquet,57,Replace the pink flower in the left shoe with blue.,There are many blue flowers in the brown shoes on the left.,"A brown boot, once worn and now repurposed, has been transformed into a charming planter. The boot's interior is filled with rich soil, and a delicate blue flower with green leaves has taken root, its petals gently swaying in the breeze. The surrounding environment is lush and green, with trees and bushes providing a picturesque backdrop. The overall atmosphere is one of serenity and tranquility, as if the boot has been placed in a secret garden, where nature's beauty is on full display.",human_brush_alpha,0.04213142395019531,1,0.8527263402938843,0.9408946479992056,False,False,False,True,False,True,11.910339513510817,
he_1dwyU46p7eE,HumanEdit,train,replace,1dwyU46p7eE,/mnt/bn/strategy-mllm-train/user/tanyue/datasets/HumanEdit/data/train-00003-of-00034-9b77bb1da8f3e008.parquet,54,Turn white top into blue.,A woman in a blue top is looking at the computer,"The image depicts a woman sitting at a desk, engaged in a presentation on her laptop. She is dressed in a professional attire, consisting of a blue blazer over a white shirt with a blue collar, and has long dark hair. Her right hand is poised to take notes, holding a pen above a spiral-bound notebook. The laptop, which appears to be a Dell model, displays a blue screen with a presentation slide featuring a bar graph and a logo.

In the background, the room is well-lit, with a wooden wall and a white ceiling visible. A flat-screen TV is mounted on the wall behind the woman, although it is not in use. The overall atmosphere suggests a professional setting, possibly a conference room or office space, where the woman is participating in a meeting or presentation.",human_brush_alpha,0.1985311508178711,1,0.9831808805465698,0.9929703469696567,False,False,False,True,False,True,12.265294680612902,
he_1fb6ubsKS0w,HumanEdit,train,replace,1fb6ubsKS0w,/mnt/bn/strategy-mllm-train/user/tanyue/datasets/HumanEdit/data/train-00003-of-00034-9b77bb1da8f3e008.parquet,88,Change another yellow skirt to black.,A curly-haired lady wearing a black dress,"The image depicts a young woman with curly brown hair, wearing a black strapless top, posing for the camera. Her right hand is raised to her face, and her eyes are closed, conveying a sense of relaxation or contemplation.

The background of the image is blurred, but it appears to be an outdoor setting, possibly a city street or plaza, with a large building featuring many windows visible behind the woman. The overall atmosphere of the image suggests a warm and sunny day, with the woman enjoying the moment and taking a break from her daily activities.",human_brush_alpha,0.1259326934814453,1,0.9287191033363342,0.9882597562968747,False,False,False,True,False,True,12.331517377170972,
he_1fdh8ho4jiM,HumanEdit,train,replace,1fdh8ho4jiM,/mnt/bn/strategy-mllm-train/user/tanyue/datasets/HumanEdit/data/train-00003-of-00034-9b77bb1da8f3e008.parquet,91,Change blue top to white.,A little girl wearing a white top,"The image depicts a young girl with dark hair, styled in a ponytail and adorned with a bow, gazing to her left. She is dressed in a dark blue shirt with white cuffs, set against a blurred background that suggests a natural setting, possibly a park or garden. The overall atmosphere of the image is one of serenity and innocence, capturing a moment of quiet contemplation.",human_brush_alpha,0.1749591827392578,1,0.9542223811149597,0.9961789810616164,False,False,False,True,False,True,12.228383292292527,
he_28ztKXfneYk,HumanEdit,train,replace,28ztKXfneYk,/mnt/bn/strategy-mllm-train/user/tanyue/datasets/HumanEdit/data/train-00014-of-00034-f5a022605600a199.parquet,100,Replace the grass in the lower left corner and the clod in the lower right corner with grass.,"Near is a large green grass, in the distance is a green mountain.","The image depicts a serene and picturesque landscape, with a vast expanse of tall grass in the foreground, stretching out towards the viewer. The grass is a vibrant green, with some areas appearing more lush and healthy than others, and is dotted with small wildflowers that add pops of color to the scene.

In the background, a dense forest of trees rises up, with the tallest trees forming a dark green canopy that stretches across the horizon. The sky above is a soft, hazy gray, suggesting that the image was taken on an overcast day.

Beyond the forest, the silhouette of distant mountains can be seen, their rugged peaks and valleys creating a dramatic backdrop for the tranquil scene below. The overall effect is one of peacefulness and natural beauty, inviting the viewer to step into the idyllic world depicted in the image.",human_brush_alpha,0.2089834213256836,1,0.9173265695571899,0.9962799223635972,False,False,False,True,False,True,11.969721621658277,
he_29h2n639YDA,HumanEdit,train,replace,29h2n639YDA,/mnt/bn/strategy-mllm-train/user/tanyue/datasets/HumanEdit/data/train-00014-of-00034-f5a022605600a199.parquet,136,Replace the fruit in the lower right corner with an apple.,In the lower right corner is an apple.,"The image shows a white marble countertop with various food scraps and an apple on it. The purpose of the image is to depict a messy kitchen or dining area.

* A white marble countertop:
	+ The countertop is made of white marble.
	+ It has a smooth, glossy finish.
	+ There are some stains and marks on the surface.
* Various food scraps:
	+ There are several pieces of food scattered around the countertop.
	+ Some of the scraps appear to be fruit or vegetable peels.
	+ Others look like crumbs or bits of bread.
* An apple:
	+ The apple is placed in the center of the countertop.
	+ It is a yellow-green color with some brown spots.
	+ The apple appears to be slightly bruised or damaged.

Overall, the image suggests that someone has been preparing or eating food in this area, and there are some leftovers or scraps that need to be cleaned up.",human_brush_alpha,0.09854984283447266,1,0.9158726334571838,0.9784358826912019,False,False,False,True,False,True,12.433551944553875,
he_2rIs8OH5ng0,HumanEdit,train,replace,2rIs8OH5ng0,/mnt/bn/strategy-mllm-train/user/tanyue/datasets/HumanEdit/data/train-00008-of-00034-37561f9e3fac8178.parquet,157,Change the black top to a white lace top,The girl in white stood on her side,"The image presents a serene and introspective portrait of a woman, captured in a side profile that accentuates her contemplative expression. The photograph is characterized by its simplicity, with a stark black background that serves to focus attention on the subject.

The woman's long, dark hair cascades down her back, framing her face and adding a touch of elegance to the overall composition. Her white, off-the-shoulder lace top is partially visible, with one shoulder exposed, creating a sense of vulnerability and intimacy.

The image exudes a sense of calmness and quiet reflection, as if the woman is lost in thought, her gaze directed upwards towards the sky or a distant horizon. The overall effect is one of understated beauty and introspection, inviting the viewer to pause and reflect on their own thoughts and emotions.",human_brush_alpha,0.28408241271972656,1,0.9847926497459412,0.990726561729815,False,False,False,True,False,True,12.847202307582252,
he_30AOxN5emxs,HumanEdit,train,replace,30AOxN5emxs,/mnt/bn/strategy-mllm-train/user/tanyue/datasets/HumanEdit/data/train-00014-of-00034-f5a022605600a199.parquet,123,Swap black pants for blue pants.,A woman was wearing blue pants.,"A woman with a backpack and camera in hand, walks along the beach with the Golden Gate Bridge in the background.",human_brush_alpha,0.013840675354003906,1,0.6012104153633118,0.9061880899662044,True,False,False,False,False,True,10.608953802664688,
he_3KawHcKmfAw,HumanEdit,train,replace,3KawHcKmfAw,/mnt/bn/strategy-mllm-train/user/tanyue/datasets/HumanEdit/data/train-00005-of-00034-ba219ad346ef60ce.parquet,55,Change the white top to a black top.,A little girl is wearing a black top and a man is driving a red car behind her,"The image depicts a young girl with blonde hair and blue eyes, dressed in a black dress with a white belt, standing in front of a red vintage car. The car is parked on the side of the road, with a group of people gathered behind it, although they are out of focus. The background is blurred, but it appears to be a park or other outdoor setting, with trees and greenery visible. The overall atmosphere suggests a warm and sunny day, with the girl's smile and the car's vibrant color adding to the sense of joy and excitement.",human_brush_alpha,0.24627017974853516,1,0.9869152903556824,1.0,False,False,False,True,False,True,12.145699652108824,
he_3OG8ywzgjJY,HumanEdit,train,replace,3OG8ywzgjJY,/mnt/bn/strategy-mllm-train/user/tanyue/datasets/HumanEdit/data/train-00013-of-00034-383e8c49db6af26e.parquet,20,Replace yellow hair with black.,A dark-haired man wearing dark glasses and black clothes was standing in the middle of the road.,"The image depicts a man standing on a city street, dressed in all black attire, with his jacket slung over his shoulder. He is positioned in the center of the frame, facing to the right, and appears to be gazing at something in the distance.

**Key Features:**

* The man's dark hair is visible, and he is wearing a black leather jacket over his shoulder.
* The street is lined with cars parked along the sides, and trees with pink blossoms are visible in the background.
* The atmosphere suggests a daytime setting, with the sky appearing bright and sunny.

**Overall Impression:**

The image conveys a sense of confidence and style, with the man's all-black outfit and the vibrant pink blossoms creating a striking contrast. The city street setting adds a touch of urbanity to the scene, while the man's gaze into the distance suggests a sense of contemplation or introspection.",human_brush_alpha,0.008746147155761719,1,0.4822162985801697,0.8291373344469634,True,False,False,False,False,True,9.846328428684037,
he_3OQejbTxeTY,HumanEdit,train,replace,3OQejbTxeTY,/mnt/bn/strategy-mllm-train/user/tanyue/datasets/HumanEdit/data/train-00013-of-00034-383e8c49db6af26e.parquet,17,Replace the powder in front of the bottle with a small white cup.,A white bottle has a pink-white cup in front of it.,"The image depicts a white plastic bottle with a screw-top lid, accompanied by a small white scoop with a pink interior. The bottle is positioned on the left side of the image, while the scoop is placed to its right. The background of the image is a light beige color, with a subtle shadow cast by the bottle and scoop on the left side.",human_brush_alpha,0.07385444641113281,1,0.9205358624458313,0.9789435588675582,False,False,False,True,False,True,12.53234640891288,
he_3QDsA0uUd4k,HumanEdit,train,replace,3QDsA0uUd4k,/mnt/bn/strategy-mllm-train/user/tanyue/datasets/HumanEdit/data/train-00013-of-00034-383e8c49db6af26e.parquet,2,Replace the front greenery with a prickly cactus.,"Four green plants, the front is cactus.","Here is a rephrased version of the caption:

This image features three small potted plants on a white surface, with the front pot taking center stage. The front pot is a terracotta-colored cup with a ribbed texture, containing a small cactus with a long, brown, curved leaf protruding from its top. The middle pot is a white cup with a patterned design, while the back pot is a white cup with a black rim.

The background of the image is out of focus, but it appears to be a room with a white floor. The overall atmosphere suggests that this image may have been taken in a home or office setting, possibly as part of a product or interior design photo shoot.",human_brush_alpha,0.1416759490966797,1,0.9519001245498657,0.9884814398200225,False,False,False,True,False,True,12.350940409456593,
he_3Qi0PkM_Wes,HumanEdit,train,replace,3Qi0PkM_Wes,/mnt/bn/strategy-mllm-train/user/tanyue/datasets/HumanEdit/data/train-00012-of-00034-858bad23f2c47aa8.parquet,118,Replace a child's curly hair with hair only on the top of the head.,A woman held in her arms a child with only hair on the top of her head.,"The image shows a woman holding a baby, with the woman's face blurred out. The image is likely intended to be a portrait or a family photo.

* The woman:
	+ Has dark skin and curly hair
	+ Is wearing a red top with a floral pattern
	+ Is smiling and looking at the camera
	+ Has a warm and loving expression on her face
* The baby:
	+ Is small and has dark skin
	+ Is wearing a white dress with lace details
	+ Is looking at the camera with a neutral expression
	+ Is being held by the woman and appears to be comfortable in her arms

The image suggests that the woman is a mother or caregiver, and the baby is her child or ward. The warm and loving expression on the woman's face suggests a strong bond between her and the baby.",human_brush_alpha,0.08542156219482422,1,0.7557044625282288,0.8597055009124193,False,False,False,True,False,True,11.88188376636893,
he_3SwQ_pDAitQ,HumanEdit,train,replace,3SwQ_pDAitQ,/mnt/bn/strategy-mllm-train/user/tanyue/datasets/HumanEdit/data/train-00012-of-00034-858bad23f2c47aa8.parquet,160,Change the bug's eyes to yellow.,A bug's eyes are yellow.,"A close-up of a fly with a large orange eye, its body and legs in sharp focus, set against a blurred background.",human_brush_alpha,0.015951156616210938,2,0.5914424657821655,0.8967114404817045,True,False,False,False,False,True,10.658069015962186,
he_3d853e9ZjPM,HumanEdit,train,replace,3d853e9ZjPM,/mnt/bn/strategy-mllm-train/user/tanyue/datasets/HumanEdit/data/train-00004-of-00034-7fffbdc560482a31.parquet,70,White hat with black chin strap replaced with black hat with white chin strap,A long-haired lady wearing a black hat and white clothes carries a black backpack,"The image shows a woman standing on a beach, facing away from the camera. She is wearing a white shirt and a black hat, and has long dark hair. The background is out of focus, but it appears to be a body of water with a rocky shoreline.

*   The woman is standing on a beach, facing away from the camera.
    *   She is wearing a white shirt and a black hat.
    *   She has long dark hair.
*   The background is out of focus, but it appears to be a body of water with a rocky shoreline.
    *   The sky is bright and sunny.
    *   There are no other people or objects visible in the background.",human_brush_alpha,0.09903144836425781,1,0.9567036032676697,0.9785353535353535,False,False,False,False,False,True,11.994364016640187,
he_3ifyMZdTDUY,HumanEdit,train,replace,3ifyMZdTDUY,/mnt/bn/strategy-mllm-train/user/tanyue/datasets/HumanEdit/data/train-00005-of-00034-ba219ad346ef60ce.parquet,7,Change eye color to yellow.,A green lizard with yellow eyes crawls on the ground,"The image depicts a close-up of an iguana's head, showcasing its distinctive features. The iguana's head is positioned in the center of the frame, with its face turned to the right. Its scales are a vibrant green and brown color, with a textured pattern that adds depth to the image. The iguana's eyes are large and expressive, with a golden-brown color that seems to hold a hint of intelligence. Its snout is long and pointed, with a small, pinkish-red patch on the tip. The iguana's mouth is slightly open, revealing a few sharp teeth.

The background of the image is blurred, but it appears to be a natural setting, possibly a forest or jungle. The ground is covered in dry leaves and twigs, with a few rocks scattered about. The overall atmosphere of the image is one of serenity and tranquility, as if the iguana is basking in the warmth of the sun on a peaceful day. The image exudes a sense of calmness and connection with nature, inviting the viewer to step into the serene world of the iguana.",human_brush_alpha,0.013833045959472656,1,0.42607900500297546,0.9185606060606061,True,False,False,False,False,True,9.907658643081513,
he_3khMcS5CLN0,HumanEdit,train,replace,3khMcS5CLN0,/mnt/bn/strategy-mllm-train/user/tanyue/datasets/HumanEdit/data/train-00005-of-00034-ba219ad346ef60ce.parquet,65,Change the white top to a black top.,"A girl wearing a black top, holding a leaf in her hand, standing around the leaves","Here is a possible caption for the image: ""A serene moment of connection with nature, as a woman holds a leaf to her face, her gaze lost in thought amidst the lush greenery.""

This caption captures the peaceful and contemplative atmosphere of the image, highlighting the woman's gentle interaction with the natural world. The use of descriptive language like ""serene"" and ""lush greenery"" evokes a sense of calm and tranquility, while the phrase ""her gaze lost in thought"" adds a touch of introspection to the scene.",human_brush_alpha,0.058966636657714844,1,0.8181326389312744,0.9763575914296269,False,False,False,True,False,True,11.98264363561146,
he_3qoJo9hp2Ak,HumanEdit,train,replace,3qoJo9hp2Ak,/mnt/bn/strategy-mllm-train/user/tanyue/datasets/HumanEdit/data/train-00012-of-00034-858bad23f2c47aa8.parquet,150,Replace the pomegranate on the right with an onion.,On the far left is a pomegranate and onion.,"A large pomegranate and a small pomegranate, with the larger one reflecting off the surface below.",human_brush_alpha,0.058808326721191406,1,0.8456001281738281,0.9741729135432284,False,False,False,True,False,True,12.890381046858174,
he_3sBnJqI8LXo,HumanEdit,train,replace,3sBnJqI8LXo,/mnt/bn/strategy-mllm-train/user/tanyue/datasets/HumanEdit/data/train-00013-of-00034-383e8c49db6af26e.parquet,4,Replace the trees on the right with white mist.,"Trees on the left, white mist on the right.","This image presents a serene and majestic landscape, characterized by a dense forest of dark green trees that stretches from the bottom to the top of the frame. The trees are densely packed, with some scattered throughout the image, creating a sense of depth and texture.

In the foreground, the trees are the primary focus, with their dark green foliage and varied shapes adding visual interest. The misty atmosphere creates a sense of mystery and intrigue, with the trees shrouded in a soft, white fog that adds to the image's ethereal quality.

The background of the image is dominated by the misty atmosphere, which creates a sense of distance and depth. The mist is so thick that it obscures the view beyond the trees, creating a sense of isolation and seclusion. The overall effect is one of tranquility and peacefulness, inviting the viewer to step into the serene world of the image.

The image's color palette is muted, with the dominant colors being shades of green and white, which creates a sense of calmness and serenity. The use of black and white tones adds to the image's moody and atmospheric quality, creating a sense of drama and tension.

Overall, this image is a masterful portrayal of the natural world, capturing the beauty and majesty of",human_brush_alpha,0.2247486114501953,1,0.9631728529930115,0.989891395154553,False,False,False,True,False,True,12.107965383747105,
he_3t6rfsCaWiQ,HumanEdit,train,replace,3t6rfsCaWiQ,/mnt/bn/strategy-mllm-train/user/tanyue/datasets/HumanEdit/data/train-00012-of-00034-858bad23f2c47aa8.parquet,106,Replace a woman's brown bag with a plaid bag.,"A woman was wearing a white blouse, yellow skirt and carrying a plaid bag in her hand.","""Embracing the sunshine in style, this woman shines bright in a vibrant yellow and white gingham skirt, paired with a crisp white blouse and a pop of pink on her heels. Her accessories, including a checkered purse and statement earrings, add a playful touch to her outfit. The rugged cliffside backdrop provides a striking contrast to her elegant ensemble, as she confidently struts her stuff on the dirt road. A true fashionista, she exudes a sense of effortless cool, making this image a stunning capture of modern style and sophistication.""",human_brush_alpha,0.019287109375,1,0.6795345544815063,0.9426051500243762,True,False,False,False,False,True,11.129310816677371,
he_3tvnHnUXjDU,HumanEdit,train,replace,3tvnHnUXjDU,/mnt/bn/strategy-mllm-train/user/tanyue/datasets/HumanEdit/data/train-00029-of-00034-d4529d3619a2a30d.parquet,67,Replace the three yellow flowers in the middle with three white flowers.,There are three white flowers among the dark green leaves.,"The image presents a close-up view of a cluster of white flowers, with the central flower in sharp focus and the surrounding blooms gradually becoming blurred as they recede into the background. The flowers are adorned with delicate orange markings at their centers, adding a touch of warmth to the otherwise cool-toned scene.

The dark, muted background features subtle hints of brown and orange, which are softly blurred, creating a sense of depth and atmosphere. The overall effect is one of intimacy and closeness, as if the viewer is being invited to step into the quiet, serene world of the flowers.

The image exudes a sense of calmness and serenity, evoking feelings of peace and tranquility. The soft, muted colors and gentle focus create a soothing atmosphere, making the viewer feel like they are experiencing a moment of stillness and contemplation.",human_brush_alpha,0.08372116088867188,1,0.9461987614631653,0.9818514607532559,False,True,True,True,False,True,12.657021548977799,
he_46juD4zY1XA,HumanEdit,train,replace,46juD4zY1XA,/mnt/bn/strategy-mllm-train/user/tanyue/datasets/HumanEdit/data/train-00014-of-00034-f5a022605600a199.parquet,90,Change the paint on the far right to pink.,"Four lines of paint, pink on the far right.","The image depicts a wall with four vertical stripes of paint, each in a different color, with a paint roller positioned at the bottom of each stripe. The colors are lime green, red, orange, and pink, from left to right. The paint rollers are blue and have a long handle with a curved end. The background is a plain white wall. The overall atmosphere suggests that the image is intended to showcase the different colors of paint and the tools used to apply them.",human_brush_alpha,0.08633995056152344,1,0.9216934442520142,0.984179850124896,False,False,False,True,False,True,12.539265929736946,
he_50uhRqRVJM8,HumanEdit,train,replace,50uhRqRVJM8,/mnt/bn/strategy-mllm-train/user/tanyue/datasets/HumanEdit/data/train-00030-of-00034-f0e63a7fd03eaeaf.parquet,49,Wear a red halter dress with a pink dress behind it.,"A girl with short curly hair in a red halter-neck dress behind a pink dress stood between the pink and blue walls, one hand touching her head and the other hand sideways","The image features a young woman with curly hair, dressed in a white dress with a striking red sequined sash running down the side. The dress boasts thin straps and a low neckline, while the woman's left arm is raised, with her hand resting on her head. Her makeup is subtle, with a focus on her eyes, which are accentuated by glittery eyeshadow. The background of the image is a soft blend of peach and blue hues, creating a visually appealing contrast.",human_brush_alpha,0.22286128997802734,1,0.9796530604362488,0.9898623620696377,False,False,False,True,False,True,12.179079995193874,
he_5r7YLkOwwQg,HumanEdit,train,replace,5r7YLkOwwQg,/mnt/bn/strategy-mllm-train/user/tanyue/datasets/HumanEdit/data/train-00013-of-00034-383e8c49db6af26e.parquet,88,Swap black hair for blonde hair.,A blonde girl in a blue dress is playing with binoculars.,"The image shows a woman standing on a bridge, looking through a coin-operated binocular viewer. 

The woman is wearing a white dress and black shoes. She has blonde hair and is standing on a wooden platform, with a metal railing behind her. The binocular viewer is blue and has a sign on it that reads ""Viewing Binoculars"" in white letters. 

In the background, there are several boats docked in the water, as well as a tall tower or lighthouse. The sky is clear and blue, suggesting a sunny day. Overall, the image appears to be a scenic view of a harbor or marina, with the woman taking in the sights through the binocular viewer.",human_brush_alpha,0.007871627807617188,1,0.5379039645195007,0.8711983983220517,True,False,False,False,False,True,10.003271857021339,
he_6hkjCMStvQ0,HumanEdit,train,replace,6hkjCMStvQ0,/mnt/bn/strategy-mllm-train/user/tanyue/datasets/HumanEdit/data/train-00009-of-00034-af31fd800f9abf74.parquet,134,Switch to a black cup.,Girl holding black cup in her hand,"The image depicts a woman sitting on a couch, holding a black coffee mug in her right hand. She is dressed in a gray sweatsuit and has dark hair. The woman is positioned in the center of the image, with the couch and a window visible behind her. The window has white curtains and a white wall serves as the background. A small box is placed on the couch in front of the woman, although its contents are not discernible.

The overall atmosphere of the image suggests that the woman is relaxing at home, enjoying a warm beverage on a comfortable couch. The presence of the box on the couch implies that she may be engaged in a leisurely activity, such as reading or playing a game. The image conveys a sense of calmness and tranquility, inviting the viewer to join the woman in her cozy living space.",human_brush_alpha,0.01965808868408203,1,0.8465558886528015,0.9375122046475298,True,False,False,False,False,True,11.809968589401967,
he_6zKEK46iVIc,HumanEdit,train,replace,6zKEK46iVIc,/mnt/bn/strategy-mllm-train/user/tanyue/datasets/HumanEdit/data/train-00017-of-00034-7ba280c9a805ec9a.parquet,153,Turn water droplets into small snails.,A little snail is lying on a leaf,"A small snail traverses a curved blade of grass, its yellow body and antennae standing out against the lush green background. The snail's slimy trail glistens in the sunlight, as it makes its way across the grass, leaving behind a trail of tiny droplets.",human_brush_alpha,0.013944625854492188,1,0.5970534086227417,0.894082791539791,True,False,False,False,False,True,10.597374943494755,
he_7zfQ6sbWVyE,HumanEdit,train,replace,7zfQ6sbWVyE,/mnt/bn/strategy-mllm-train/user/tanyue/datasets/HumanEdit/data/train-00010-of-00034-620a6743355afecb.parquet,70,Turn the small tomato in the upper right corner of the picture into a big tomato,There is a delicious food on the table and a large tomato in front,"The image depicts a bowl of pasta, with the pasta itself being the main focus. The pasta is a light-colored, flat shape, and it has been cooked to a perfect al dente texture. It is served in a brown ceramic bowl, which adds a warm and earthy touch to the overall presentation.

The pasta is tossed in a light sauce, which appears to be a combination of olive oil and tomato sauce. The sauce is not overpowering, allowing the natural flavors of the pasta to shine through. Fresh basil leaves are scattered on top of the pasta, adding a pop of color and freshness to the dish.

In the background, there are some blurred objects that appear to be a plate or a bowl, as well as some tomatoes. These elements suggest that the image may be part of a larger scene or setting, but they do not detract from the main focus of the pasta.

Overall, the image presents a simple yet appetizing dish that is sure to appeal to anyone who loves pasta. The use of fresh basil and a light sauce adds a touch of elegance to the presentation, making it a great choice for a casual dinner or a special occasion.",human_brush_alpha,0.07853507995605469,1,0.8641163110733032,0.9823845554543174,False,False,False,True,False,True,13.145338551384116,
he_805S0qauwKQ,HumanEdit,train,replace,805S0qauwKQ,/mnt/bn/strategy-mllm-train/user/tanyue/datasets/HumanEdit/data/train-00007-of-00034-cee93102372ec1a7.parquet,28,Replace your black top with a white summer top,"A lady with long hair, standing in front of a brown wall, wearing white short sleeves and leopard print skirt","The image depicts a young woman posing in a stylish outfit, showcasing her fashion sense.

In the foreground, the woman is prominently featured, wearing a white tank top with thin straps and a long, leopard-print skirt that falls just above her ankles, revealing a portion of her left leg. Her long, brown hair cascades down her back, framing her face. Her left hand is raised, with her palm facing inward, while her right hand is relaxed by her side.

The background of the image is a solid, light-brown color, providing a clean and neutral setting for the subject.

Overall, the image exudes a sense of confidence and poise, capturing the essence of the woman's personality.",human_brush_alpha,0.06299018859863281,1,0.8960853219032288,0.968808416293527,False,False,False,True,False,True,13.135250577935533,
he_87InWldRhgs,HumanEdit,train,replace,87InWldRhgs,/mnt/bn/strategy-mllm-train/user/tanyue/datasets/HumanEdit/data/train-00010-of-00034-620a6743355afecb.parquet,94,Replace the cucumber slices on your eyes with a piece of chrysanthemum,The lying girl has a flower blocking her eyes,"The image depicts a serene scene of a woman reclining on a soft, light blue towel, with a delicate white flower resting on her face and a plate of colorful flowers nearby. The woman's fair skin and closed eyes convey a sense of relaxation, while the towel's texture suggests a spa or wellness setting. The overall atmosphere is one of tranquility and rejuvenation, evoking feelings of calmness and serenity.",human_brush_alpha,0.10401344299316406,1,0.9398154616355896,0.9872224884203802,False,False,False,False,False,True,11.89609654461069,
he_8TgvLWnhlbQ,HumanEdit,train,replace,8TgvLWnhlbQ,/mnt/bn/strategy-mllm-train/user/tanyue/datasets/HumanEdit/data/train-00006-of-00034-3753b8775b6033f6.parquet,128,Turn the phone from the back to the front,A hand wearing a watch holds a white mobile phone,"The image shows a hand holding a white smartphone with a black screen, set against a dark background. The hand is wearing a black watch on its wrist, and the phone's screen is blank, suggesting that it is turned off or in an idle state.

* A hand holding a white smartphone with a black screen:
	+ The hand is positioned in the center of the image.
	+ The smartphone is held vertically, with the screen facing the viewer.
	+ The phone's screen is black, indicating that it is either turned off or in an idle state.
* The hand is wearing a black watch on its wrist:
	+ The watch is visible on the wrist, just below the hand that is holding the smartphone.
	+ The watch appears to be a simple, analog timepiece.
* The background is dark and blurry:
	+ The background is out of focus, making it difficult to discern any specific objects or features.
	+ The darkness of the background suggests that the image was taken in a low-light environment or that the photographer intentionally used a dark filter to create a moody atmosphere.

Overall, the image presents a straightforward depiction of a hand holding a smartphone, with a focus on the device itself rather than the surrounding environment. The dark background and the fact that",human_brush_alpha,0.13623714447021484,1,0.9588453769683838,0.9846433136357742,False,False,False,True,False,True,13.203489558308055,
he_8VxLn3IgokM,HumanEdit,train,replace,8VxLn3IgokM,/mnt/bn/strategy-mllm-train/user/tanyue/datasets/HumanEdit/data/train-00007-of-00034-cee93102372ec1a7.parquet,14,Change the black top to white.,A long-haired lady wearing a white top holds a green branch in her hand,"Here is a possible caption for the image:

""Embracing Nature's Beauty: A Serene Portrait""

[Image: A woman with long brown hair and a white top, gently holding a palm frond against her chest, set against a clean white background.]",human_brush_alpha,0.22753429412841797,1,0.9839287996292114,0.981008454494423,False,False,False,True,False,True,12.983200830155662,
he_8a3LPB-Z9Ag,HumanEdit,train,replace,8a3LPB-Z9Ag,/mnt/bn/strategy-mllm-train/user/tanyue/datasets/HumanEdit/data/train-00010-of-00034-620a6743355afecb.parquet,104,Change the skirt to a white top and pink skirt,Girl in pink dress standing in the grass,"The image depicts a young woman standing in a field of tall, green plants, with her arms raised above her head. She is dressed in a white crop top and a light pink skirt with a tulle overlay, and her dark hair is pulled back into a ponytail. The background features a blue sky with fluffy white clouds, and a line of trees can be seen in the distance. The overall atmosphere suggests a warm and sunny day, with the woman appearing relaxed and carefree as she poses in the field.",human_brush_alpha,0.13251686096191406,1,0.8578996062278748,0.9539904775373592,False,False,False,True,False,True,12.01641852737007,
he_8vn4KvfU640,HumanEdit,train,replace,8vn4KvfU640,/mnt/bn/strategy-mllm-train/user/tanyue/datasets/HumanEdit/data/train-00007-of-00034-cee93102372ec1a7.parquet,5,Change the green top to black.,A blonde woman wears a gray VR in a black top,"A woman wearing an Oculus VR headset, with a blurred background suggesting a room or indoor setting. The image is likely from a promotional or product review context.",human_brush_alpha,0.18460845947265625,1,0.9322047829627991,0.928077427159996,False,False,False,True,False,True,12.106746276248664,
he_9T-ECH-1Tj0,HumanEdit,train,replace,9T-ECH-1Tj0,/mnt/bn/strategy-mllm-train/user/tanyue/datasets/HumanEdit/data/train-00013-of-00034-383e8c49db6af26e.parquet,163,Replace the round moon with a meniscus.,There was a meniscus in the blue sky.,"The image depicts a crescent moon set against a dark blue sky, with a small rainbow-colored logo in the bottom-right corner. The moon is positioned in the center of the image, with its curved edge facing towards the left side. The sky surrounding the moon is a deep, rich shade of blue, providing a striking contrast to the moon's pale, white hue.

The overall effect of the image is one of serenity and tranquility, evoking feelings of peacefulness and calmness. The simplicity of the composition, combined with the striking colors, creates a sense of clarity and focus. The image appears to be a photograph, likely taken during the daytime or early evening when the moon is visible in the sky. The use of a dark blue sky and a pale moon creates a sense of depth and dimensionality, drawing the viewer's eye towards the moon and creating a sense of wonder and awe.",human_brush_alpha,0.07110595703125,1,0.9595694541931152,0.980483639801177,False,False,False,False,False,True,12.06499047636588,
he_9sZ_aSCZ0W8,HumanEdit,train,replace,9sZ_aSCZ0W8,/mnt/bn/strategy-mllm-train/user/tanyue/datasets/HumanEdit/data/train-00013-of-00034-383e8c49db6af26e.parquet,160,Replace the black phone on the left with a mouse.,"On the turquoise table, there is a black notebook in the lower left corner and a laptop in the upper right corner.","The image shows a top-down view of a laptop, mouse, and notebook on a green surface. The image is likely intended to showcase the items in a clean and organized manner.

* Laptop:
	+ The laptop is positioned in the upper-right corner of the image.
	+ It has a silver body with a black keyboard and a black trackpad.
	+ The keyboard has a row of function keys at the top, followed by a row of navigation keys (arrow keys, page up/down, etc.), and then a row of number keys.
	+ The laptop's screen is not visible in the image.
* Mouse:
	+ The mouse is placed to the left of the laptop.
	+ It is white with a black scroll wheel and a black cord.
	+ The mouse has a sleek and modern design.
* Notebook:
	+ The notebook is positioned below the laptop.
	+ It is black with a smooth, matte finish.
	+ The notebook appears to be closed, with no pages visible.

Overall, the image presents a tidy and organized workspace, with the laptop, mouse, and notebook arranged in a neat and functional manner. The use of a green background adds a touch of warmth and coziness to the scene.",human_brush_alpha,0.1619882583618164,1,0.9792227149009705,0.9801549205976975,False,False,False,True,False,True,13.176950600075276,
he_9t1l8iKx1xA,HumanEdit,train,replace,9t1l8iKx1xA,/mnt/bn/strategy-mllm-train/user/tanyue/datasets/HumanEdit/data/train-00014-of-00034-f5a022605600a199.parquet,19,Turn the rabbit's pink ears into white ears.,A rabbit with white ears is holding a carrot.,"The image depicts a whimsical Easter-themed scene, featuring a white ceramic bunny figurine adorned with colorful sprinkles and holding a carrot in its mouth. The bunny is nestled in a bed of brown paper shreds, surrounded by other small toys and decorations, including a yellow chick figurine in the bottom left corner and a green and pink object in the bottom right corner. The background of the image is blurred, but appears to be a light-colored surface with additional Easter-themed items scattered about. Overall, the image exudes a playful and festive atmosphere, perfect for the Easter season.",human_brush_alpha,0.011662483215332031,2,0.4668169319629669,0.873438202247191,True,False,False,False,False,True,9.964666351645457,
he_9u2GMRE8MdE,HumanEdit,train,replace,9u2GMRE8MdE,/mnt/bn/strategy-mllm-train/user/tanyue/datasets/HumanEdit/data/train-00014-of-00034-f5a022605600a199.parquet,28,Replace the picture on the left with a rabbit.,There are two pictures on the wall. The one on the left is a rabbit.,"A black-framed picture of a city street with a white building and a black-and-white photo of a rabbit sitting on a table, hung alongside a black-and-white photo of a city street with a tall building and a black-and-white photo of a city street with a tall building.",human_brush_alpha,0.02732372283935547,1,0.7932369709014893,0.9262501430369607,False,False,False,True,False,True,12.201789170014807,
he_9uUy6Rf7iPw,HumanEdit,train,replace,9uUy6Rf7iPw,/mnt/bn/strategy-mllm-train/user/tanyue/datasets/HumanEdit/data/train-00014-of-00034-f5a022605600a199.parquet,44,Replace the orange feathers in the middle of the bird with pink.,On the green branch stood a colorful bird.,"The image features a vibrant rainbow lorikeet perched on a slender branch, its plumage a kaleidoscope of colors including blue, red, yellow, and green. The bird's head is turned to the right, while its body faces the camera, showcasing its distinctive red beak and black legs.

In the foreground, the blurred leaves of a nearby plant are visible, while the background is a soft, out-of-focus expanse of greenery and sky. The overall effect is one of serenity and natural beauty, with the rainbow lorikeet serving as a striking focal point amidst the lush surroundings.",human_brush_alpha,0.01594066619873047,1,0.4386630654335022,0.8060354864248126,True,False,False,True,False,True,11.446652378359381,
he_9vHPCKymSh0,HumanEdit,train,replace,9vHPCKymSh0,/mnt/bn/strategy-mllm-train/user/tanyue/datasets/HumanEdit/data/train-00014-of-00034-f5a022605600a199.parquet,34,Swap a woman's black belt for a white skirt.,"A couple embrace, and the woman on the right is wearing a white top and skirt.","The image depicts a tender moment between a man and woman, embracing each other with their arms wrapped around each other's backs. The man, standing on the left, wears a white shirt and has short dark hair, while the woman, positioned on the right, also sports a white shirt and has long brown hair. The background of the image is a soft, cloudy sky, which adds to the romantic ambiance of the scene. The overall atmosphere of the image conveys a sense of love and affection between the two individuals, as they share a warm and intimate embrace.",human_brush_alpha,0.0147552490234375,1,0.7801021933555603,0.8683022357613012,True,False,False,False,False,True,12.164744644658427,
he_A_f5ucMXRH4,HumanEdit,train,replace,A_f5ucMXRH4,/mnt/bn/strategy-mllm-train/user/tanyue/datasets/HumanEdit/data/train-00007-of-00034-cee93102372ec1a7.parquet,83,Change glasses to sunglasses.,A woman wearing sunglasses and a white dress stands next to a white building with black clothes in her hands,"The image depicts a woman standing outdoors, holding up a black jacket in her right hand. She has dark skin and short, curly hair, and is dressed in a white collared shirt with a high neckline and a matching white skirt or pants. Her outfit is completed by large hoop earrings and sunglasses. The background of the image features a blue sky with white clouds, suggesting a daytime setting. The overall atmosphere of the image conveys a sense of confidence and poise, as the woman stands tall and unapologetically herself.",human_brush_alpha,0.008954048156738281,1,0.4819314777851105,0.8463779374635851,True,False,False,False,False,True,9.85962627815317,
he_Vdkm_nd237s,HumanEdit,train,replace,Vdkm_nd237s,/mnt/bn/strategy-mllm-train/user/tanyue/datasets/HumanEdit/data/train-00029-of-00034-d4529d3619a2a30d.parquet,20,Replace the white light ball on the right with red.,"On the left is a glass bottle with a cork in it, and on the right is a red bulb.","This image features a small glass jar with a cork lid, containing silver glitter, placed alongside a vibrant red Christmas ornament on a sprig of pine branches. The ornament boasts a reflective, shiny finish and a silver cap at its top.

The jar and ornament are set against a white background, with a subtle gradient effect in the top half of the image, transitioning from white to grey. A small multicolored square watermark is visible in the bottom right corner.

The overall atmosphere of the image exudes a festive and joyful holiday spirit, evoking the feeling of Christmas.",human_brush_alpha,0.17358016967773438,1,0.9777880311012268,0.9914584680164538,False,False,False,True,False,True,13.127940047763477,
he__RfbgayXWOk,HumanEdit,train,replace,_RfbgayXWOk,/mnt/bn/strategy-mllm-train/user/tanyue/datasets/HumanEdit/data/train-00012-of-00034-858bad23f2c47aa8.parquet,39,Turn the two pine cones on the left side of the table into red apples on a wooden plate.,"On the left of the table was a red apple on a wooden plate, and on the right was a white candle in a fine box.","The image features a white wooden lantern with a glass door and a metal handle, adorned with a white metal filigree pattern on its top. The lantern is situated on a dark wooden table, accompanied by a small wooden bowl containing a red apple, and surrounded by pine branches and red berries. The background of the image is a gray wall with a mottled texture, evoking a cozy and festive atmosphere reminiscent of Christmas or winter.",human_brush_alpha,0.05929088592529297,1,0.7979604005813599,0.961895835689931,False,True,True,True,False,True,11.904708107696223,
he__Rh_zxIUWXA,HumanEdit,train,replace,_Rh_zxIUWXA,/mnt/bn/strategy-mllm-train/user/tanyue/datasets/HumanEdit/data/train-00012-of-00034-858bad23f2c47aa8.parquet,35,Replace the blue mask on a woman's face with a silver one.,A woman with short hair wore a silver-white mask.,"The image depicts a woman wearing a white face mask, gazing to her left. The woman has dark hair and is dressed in a black tank top. The background of the image is a solid black color.

*   The woman's face is partially obscured by the mask, which covers her nose and mouth.
    *   The mask appears to be made of a thin, breathable material.
    *   The woman's eyes are visible, and she seems to be looking off into the distance.
*   The background of the image is a solid black color, which helps to focus attention on the woman and her mask.
    *   The black background also creates a sense of contrast with the white mask, making it stand out more prominently.
    *   The overall effect of the image is one of mystery and intrigue, as the woman's face is partially hidden behind the mask.

In summary, the image features a woman wearing a white face mask, gazing to her left against a solid black background. The mask is made of a thin, breathable material, and the woman's eyes are visible. The overall effect of the image is one of mystery and intrigue, as the woman's face is partially hidden behind the mask.",human_brush_alpha,0.1168069839477539,1,0.9551535248756409,0.9892885744794447,False,False,False,False,False,True,11.884563305939473,
he__SMGQ74kB3c,HumanEdit,train,replace,_SMGQ74kB3c,/mnt/bn/strategy-mllm-train/user/tanyue/datasets/HumanEdit/data/train-00012-of-00034-858bad23f2c47aa8.parquet,7,Replace the plain black pants of a woman in the desert with pants printed with many large flowers.,A woman in the desert wore a black blouse and trousers with many large flowers on them.,"The image depicts a woman walking through a vast desert landscape, with a backdrop of towering sand dunes stretching out before her. The woman, dressed in a black outfit and carrying a backpack, walks away from the camera, her footsteps visible in the sand as she navigates the arid terrain. The sky above is a brilliant blue, devoid of clouds, and the sun casts a warm glow over the scene, highlighting the intricate patterns of the sand dunes. The overall atmosphere is one of serenity and adventure, as the woman appears to be on a journey of discovery through this breathtaking natural wonder.",human_brush_alpha,0.013370513916015625,1,0.5198303461074829,0.8720752593069068,True,False,False,False,False,True,10.261958306634522,
he__XQflc16W0I,HumanEdit,train,replace,_XQflc16W0I,/mnt/bn/strategy-mllm-train/user/tanyue/datasets/HumanEdit/data/train-00002-of-00034-c7fb3c21a516ec2c.parquet,166,Replace the donut-shaped nose with a normal nose,White statue with a white lampshade,"The image features a white lamp with a unique, sculptural base shaped like a human head, adorned with a bow at the neck. The head is positioned facing left, with its chin slightly raised. The lamp's shade is a large, rectangular white piece, likely made of fabric or paper, attached to the top of the head. The background is a textured, off-white wall with a rough surface, featuring a pattern of lines and shapes that resemble a stone or concrete structure. The overall atmosphere of the image suggests a modern, artistic setting, possibly a home decor or design studio.",human_brush_alpha,0.013835906982421875,1,0.5557416677474976,0.8583287216380742,True,False,False,False,False,True,11.226933411761946,
he__rWF1DVWkUs,HumanEdit,train,replace,_rWF1DVWkUs,/mnt/bn/strategy-mllm-train/user/tanyue/datasets/HumanEdit/data/train-00012-of-00034-858bad23f2c47aa8.parquet,9,Replace the black skirt worn by the woman in the middle with black shorts.,A woman in a black top and black shorts stood in front of a white wall flanked by green plants to the left and right.,"Here is a possible caption for the image:

""Exuding elegance and poise, this woman stands confidently against a crisp white wall, her long brown hair cascading down her back in loose waves. She wears a sleek black dress with a daring cut-out at the waist, paired with a matching black top featuring delicate straps and a charming bow on the shoulder. Her left arm is elegantly bent at the elbow, her hand gently resting against her head as she gazes off to the side, lost in thought. The subtle shadows of a nearby plant add a touch of whimsy to the scene, while the overall atmosphere exudes a sense of quiet contemplation and effortless style.""",human_brush_alpha,0.14117908477783203,1,0.9181433916091919,0.9845656855707107,False,False,False,True,False,True,12.21781566724467,
he__urKfD3fUK8,HumanEdit,train,replace,_urKfD3fUK8,/mnt/bn/strategy-mllm-train/user/tanyue/datasets/HumanEdit/data/train-00011-of-00034-15064a8dd2f007e8.parquet,116,Change the pencil color to red.,The child is writing with a red pen,"A young child sits at a wooden desk, intently focused on a piece of lined paper as they write with a red pencil. The child's attention is drawn to a list of state names, including Washington, Wisconsin, South Dakota, North Dakota, North Carolina, Texas, South Carolina, and Kentucky. The child's left arm features a small tattoo on the forearm, while their right hand grasps the pencil. The overall atmosphere suggests a classroom or educational setting, where the child is engaged in a learning activity.",human_brush_alpha,0.01763916015625,1,0.5511424541473389,0.9073875420153042,True,False,False,False,False,True,10.560170237690908,
he__v1ipqy_fd4,HumanEdit,train,replace,_v1ipqy_fd4,/mnt/bn/strategy-mllm-train/user/tanyue/datasets/HumanEdit/data/train-00011-of-00034-15064a8dd2f007e8.parquet,119,Change the ice block in the hand to  a chrysanthemum.,Holding a white flower in his hand,"A hand clad in a black glove, cradling a delicate white flower with a vibrant yellow center, set against a blurred, dark background that suggests a serene and peaceful atmosphere.",human_brush_alpha,0.07941532135009766,1,0.9407058954238892,0.9826355598167679,False,False,False,False,False,True,12.058616423859913,
he__zd5Lqg6qwc,HumanEdit,train,replace,_zd5Lqg6qwc,/mnt/bn/strategy-mllm-train/user/tanyue/datasets/HumanEdit/data/train-00003-of-00034-9b77bb1da8f3e008.parquet,29,Change blue and white plaid top to black top.,A woman wearing a black top and blue jeans sits on a stone,"The image depicts a young woman posing for a photograph in a park-like setting. She is dressed in a black crop top, blue jeans with holes in the knees, and a brown belt. Her right arm is raised above her head, with her hand resting on her forehead, while her left arm hangs relaxed by her side. The woman has short brown hair and is seated on a large rock or boulder.

In the background, trees and bushes are visible, with sunlight filtering through the foliage. The overall atmosphere suggests a warm and sunny day, with the woman appearing relaxed and confident in her pose.",human_brush_alpha,0.11989307403564453,1,0.8717718124389648,0.9348401401902582,False,False,False,True,False,True,12.134973460546826,
he_fbAnIjhrOL4,HumanEdit,train,replace,fbAnIjhrOL4,/mnt/bn/strategy-mllm-train/user/tanyue/datasets/HumanEdit/data/train-00002-of-00034-c7fb3c21a516ec2c.parquet,34,Replace the cactus with a red rose.,There is a red rose growing in the flowerpot,"A single red rose in a small orange pot, set against a soft pink background.",human_brush_alpha,0.1013021469116211,1,0.958894670009613,0.9758555460017196,False,False,False,False,False,True,11.988986127401251,
he_kC28celkE_0,HumanEdit,train,replace,kC28celkE_0,/mnt/bn/strategy-mllm-train/user/tanyue/datasets/HumanEdit/data/train-00000-of-00034-d4bc386d6caf62fb.parquet,160,Change to tan leather shoes and lean on the railing with your left foot on tiptoe.,A man puts one foot on the railing,"The image depicts a person's legs, clad in black leggings and brown boots, standing on a bridge or overpass, with a cityscape visible in the background. The person is positioned in the center of the frame, with their feet shoulder-width apart and their weight shifted onto their right foot. The left foot is raised, with the toes pointed towards the ground.

The scene is bathed in warm sunlight, which casts a golden glow over the entire image. The background, though out of focus, appears to be a cityscape, with buildings and trees visible in the distance. A metal railing runs along the side of the bridge or overpass, adding depth to the composition.

The overall atmosphere of the image is one of contemplation and introspection, as the person stands alone on the bridge, lost in thought. The warm lighting and peaceful surroundings evoke a sense of serenity, inviting the viewer to step into the tranquil world of the image.",human_brush_alpha,0.17315292358398438,1,0.9217544198036194,0.9847507684889398,False,False,False,True,False,True,12.904647623501486,
he_ouDjrbw-fs0,HumanEdit,train,replace,ouDjrbw-fs0,/mnt/bn/strategy-mllm-train/user/tanyue/datasets/HumanEdit/data/train-00031-of-00034-cf8f76f6b59658a1.parquet,162,Pink lipstick turns into red lipstick.,A girl in a black dress wearing red lipstick,"Here is a rephrased version of the caption:

[Caption: A close-up image of a woman with a subtle, enigmatic smile, set against a plain white background, exuding an air of quiet confidence and understated elegance.]",human_brush_alpha,0.01903820037841797,1,0.5382552742958069,0.9075342465753424,True,False,False,False,False,True,10.556616897955463,
rs_000101_1,ReShapeBench,multi_object,multi_object,000101_1,/mnt/bn/strategy-mllm-train/user/tanyue/datasets/ReShapeBench/multi_object/metadata.jsonl,0,Change the classic street lamp into a modern solar-powered light pole,modern solar-powered light pole,"A vintage steam locomotive, numbered 99 787, is stationed on railway tracks at a quaint small station. A modern solar-powered light pole can be seen standing beside the train platform. In the background, there are buildings with red and dark roofs, lush green trees, and a few people near the train, all under a bright sky. The atmosphere is nostalgic and lively, evoking a sense of historic travel.",released_box_mask_needs_sam2,0.22210311889648438,1,,,False,False,True,True,False,True,5.2626410394139,needs_sam2_mask_refinement|no_gt_image
rs_000101_2,ReShapeBench,multi_object,multi_object,000101_2,/mnt/bn/strategy-mllm-train/user/tanyue/datasets/ReShapeBench/multi_object/metadata.jsonl,1,Change the classic street lamp into an ornate cast-iron clock post,ornate cast-iron clock post,"A vintage steam locomotive, numbered 99 787, is stationed on railway tracks at a quaint small station. An ornate cast-iron clock post can be seen standing beside the train platform. In the background, there are buildings with red and dark roofs, lush green trees, and a few people near the train, all under a bright sky. The atmosphere is nostalgic and lively, evoking a sense of historic travel.",released_box_mask_needs_sam2,0.22210311889648438,1,,,False,False,True,True,False,True,5.262545198665072,needs_sam2_mask_refinement|no_gt_image
rs_000102_1,ReShapeBench,multi_object,multi_object,000102_1,/mnt/bn/strategy-mllm-train/user/tanyue/datasets/ReShapeBench/multi_object/metadata.jsonl,2,Change the flock of sheep into a small herd of goats,small herd of goats,"A peaceful rural landscape is shown at sunset, with golden light bathing the scene. A small herd of goats can be seen grazing on the lush green field, watched over by a shepherd in traditional attire with a red scarf. Rolling hills and distant mountains stretch across the background, illuminated by the warm glow of the setting sun. The atmosphere is tranquil and idyllic, evoking a sense of calm and harmony with nature.",released_box_mask_needs_sam2,0.171722412109375,5,,,False,False,True,True,False,False,-1.077031707190867,needs_sam2_mask_refinement|no_gt_image|too_many_mask_components
rs_000102_2,ReShapeBench,multi_object,multi_object,000102_2,/mnt/bn/strategy-mllm-train/user/tanyue/datasets/ReShapeBench/multi_object/metadata.jsonl,3,Change the flock of sheep into a group of grazing alpacas,group of grazing alpacas,"A peaceful rural landscape is shown at sunset, with golden light bathing the scene. A group of can be seen grazing alpacas on the lush green field, watched over by a shepherd in traditional attire with a red scarf. Rolling hills and distant mountains stretch across the background, illuminated by the warm glow of the setting sun. The atmosphere is tranquil and idyllic, evoking a sense of calm and harmony with nature.",released_box_mask_needs_sam2,0.171722412109375,5,,,False,False,True,True,False,False,-1.076565563811502,needs_sam2_mask_refinement|no_gt_image|too_many_mask_components
rs_000103_1,ReShapeBench,multi_object,multi_object,000103_1,/mnt/bn/strategy-mllm-train/user/tanyue/datasets/ReShapeBench/multi_object/metadata.jsonl,4,Change the cat-face pillow into a round striped cushion,round striped cushion,"A light gray tufted sofa sits in front of a bright, sunlit window in a calm living room. A round pillow with bold black-and-white stripes can be seen resting on the sofa beside the teal throw pillow. Behind it, a tabby-and-white cat perches on the windowsill while the bright window softly lights the cozy interior. The scene feels peaceful, warm, and domestic.",released_box_mask_needs_sam2,0.5589065551757812,1,,,False,False,True,True,False,False,-1.8140203167963729,mask_area_above_limit|needs_sam2_mask_refinement|no_gt_image
rs_000104_2,ReShapeBench,multi_object,multi_object,000104_2,/mnt/bn/strategy-mllm-train/user/tanyue/datasets/ReShapeBench/multi_object/metadata.jsonl,7,Change the metal sugar bowl into a glass honey dispenser with a metal lid,glass honey dispenser with a metal lid,"A close-up view shows a wooden table set for a meal. A glass honey dispenser with a metal lid, can be seen placed near a partially eaten toasted sandwich on parchment paper. Other important objects include a fork and knife cutting into the sandwich, a white saucer with a coffee cup, a small plate with a utensil, and two hands visible at the table. The atmosphere is casual and inviting, suggesting a relaxed dining moment.",released_box_mask_needs_sam2,0.9089508056640625,1,,,False,False,True,True,False,False,-2.1182754181553776,mask_area_above_limit|needs_sam2_mask_refinement|no_gt_image
rs_000105_1,ReShapeBench,multi_object,multi_object,000105_1,/mnt/bn/strategy-mllm-train/user/tanyue/datasets/ReShapeBench/multi_object/metadata.jsonl,8,Change the wooden chair into a white wicker bench,white wicker bench,"A baby girl sits on a small white wicker bench in the middle of a lush green field. A white wicker bench supporting the child, who still wears a light-green tutu and a pastel flower crown. The background remains a vibrant, slightly blurred expanse of grass that highlights the subject. The atmosphere is serene and filled with innocence and wonder.",released_box_mask_needs_sam2,0.33423614501953125,1,,,False,False,True,True,False,True,5.0069512544833845,needs_sam2_mask_refinement|no_gt_image
rs_000105_2,ReShapeBench,multi_object,multi_object,000105_2,/mnt/bn/strategy-mllm-train/user/tanyue/datasets/ReShapeBench/multi_object/metadata.jsonl,9,Change the wooden chair into a rustic tree stump,rustic tree stump,"A baby girl sits on a rustic tree stump in the middle of a lush green field. A rustic tree stump supporting the child, who still wears a light-green tutu and a pastel flower crown. The background remains a vibrant, slightly blurred expanse of grass that highlights the subject. The atmosphere is serene and filled with innocence and wonder.",released_box_mask_needs_sam2,0.33423614501953125,1,,,False,False,True,True,False,True,5.006431990296725,needs_sam2_mask_refinement|no_gt_image
rs_000106_1,ReShapeBench,multi_object,multi_object,000106_1,/mnt/bn/strategy-mllm-train/user/tanyue/datasets/ReShapeBench/multi_object/metadata.jsonl,10,"Change the shepherd into a woman in a bright red dress and sun hat, carrying a basket","woman in a bright red dress and sun hat, carrying a basket","A shepherd stands in a lush, sunlit meadow, holding a wooden staff. A woman in a bright red dress and sun hat, can be seen carrying a basket over her shoulder. Around her, a flock of sheep grazes on the green grass while a small black dog stands nearby, with rolling hills and trees in the background. The atmosphere is peaceful and rural, bathed in warm sunlight.",released_box_mask_needs_sam2,0.23321533203125,3,,,False,False,True,True,False,False,-1.2685239124958183,needs_sam2_mask_refinement|no_gt_image|too_many_mask_components
rs_000106_2,ReShapeBench,multi_object,multi_object,000106_2,/mnt/bn/strategy-mllm-train/user/tanyue/datasets/ReShapeBench/multi_object/metadata.jsonl,11,"Change the shepherd into a young boy in overalls and a straw hat, holding a wooden flute","young boy in overalls and a straw hat, holding a wooden flute","A shepherd stands in a lush, sunlit meadow, holding a wooden staff. A young boy in overalls and a straw hat, can be seen holding a wooden flute. Around him, a flock of sheep grazes on the green grass while a small black dog stands nearby, with rolling hills and trees in the background. The atmosphere is peaceful and rural, bathed in warm sunlight.",released_box_mask_needs_sam2,0.23321533203125,3,,,False,False,True,True,False,False,-1.2683972914184936,needs_sam2_mask_refinement|no_gt_image|too_many_mask_components
rs_000107_1,ReShapeBench,multi_object,multi_object,000107_1,/mnt/bn/strategy-mllm-train/user/tanyue/datasets/ReShapeBench/multi_object/metadata.jsonl,12,Change the ice-cream cone into a red balloon,red balloon,"A young child stands just outside an open doorway, holding a bright red balloon in his hand. The red balloon, which he holds instead of the ice-cream cone. In the background, a sunlit street with palm trees, parked cars, stone buildings, and a sandwich board sign by the entrance can be seen. The atmosphere is bright and cheerful, evoking a sense of a warm day out.",released_box_mask_needs_sam2,0.1930694580078125,2,,,False,False,True,True,False,True,5.349584191952605,needs_sam2_mask_refinement|no_gt_image
rs_000107_2,ReShapeBench,multi_object,multi_object,000107_2,/mnt/bn/strategy-mllm-train/user/tanyue/datasets/ReShapeBench/multi_object/metadata.jsonl,13,Change the ice-cream cone into a toy airplane,toy airplane,"A young child stands just outside an open doorway, holding a small toy airplane in his hand. The toy airplane, which he holds instead of the ice-cream cone. In the background, a sunlit street with palm trees, parked cars, stone buildings, and a sandwich board sign by the entrance can be seen. The atmosphere is bright and cheerful, evoking a sense of a warm day out.",released_box_mask_needs_sam2,0.1930694580078125,2,,,False,False,True,True,False,True,5.349891827573213,needs_sam2_mask_refinement|no_gt_image
rs_000108_1,ReShapeBench,multi_object,multi_object,000108_1,/mnt/bn/strategy-mllm-train/user/tanyue/datasets/ReShapeBench/multi_object/metadata.jsonl,14,Change the yellow bicycle with a basket into a classic black scooter,classic black scooter,"This is a lively evening street scene outside a cozy eatery. A classic black scooter can be seen parked beside the wooden-framed glass doors. Above, warm-lit round orange and white lanterns hang, while menu boards line the sidewalk and pedestrians stroll in the softly illuminated city background. The atmosphere is inviting, vibrant, and full of urban charm.",released_box_mask_needs_sam2,0.15555191040039062,4,,,False,False,True,True,False,False,-1.0155467062921675,needs_sam2_mask_refinement|no_gt_image|too_many_mask_components
rs_000108_2,ReShapeBench,multi_object,multi_object,000108_2,/mnt/bn/strategy-mllm-train/user/tanyue/datasets/ReShapeBench/multi_object/metadata.jsonl,15,Change the yellow bicycle with a basket into a vintage wooden cart with metal wheels,vintage wooden cart with metal wheels,"This is a lively evening street scene outside a cozy eatery. A vintage wooden cart with metal wheels can be seen parked beside the wooden-framed glass doors. Above, warm-lit round orange and white lanterns hang, while menu boards line the sidewalk and pedestrians stroll in the softly illuminated city background. The atmosphere is inviting, vibrant, and full of urban charm.",released_box_mask_needs_sam2,0.15555191040039062,4,,,False,False,True,True,False,False,-1.015142770699691,needs_sam2_mask_refinement|no_gt_image|too_many_mask_components
rs_000109_2,ReShapeBench,multi_object,multi_object,000109_2,/mnt/bn/strategy-mllm-train/user/tanyue/datasets/ReShapeBench/multi_object/metadata.jsonl,17,Change the glass of orange spritz into a glass of iced matcha latte,glass of iced matcha latte,"A refreshing outdoor table scene is set on a sunny patio. A tall glass of iced matcha latte, can be seen topped with a layer of creamy foam and served with a gold straw. Nearby, a clear glass bowl of crispy potato chips and a terracotta pot overflowing with lavender blooms complete the tabletop, while the softly blurred background reveals a distant landscape. The mood is relaxed and summery, evoking a sense of leisure and warmth.",released_box_mask_needs_sam2,0.9270706176757812,1,,,False,False,True,True,False,False,-2.1304682242057433,mask_area_above_limit|needs_sam2_mask_refinement|no_gt_image
rs_000110_2,ReShapeBench,multi_object,multi_object,000110_2,/mnt/bn/strategy-mllm-train/user/tanyue/datasets/ReShapeBench/multi_object/metadata.jsonl,19,Change the plastic-wrapped buns into green apples,green apples,"Two people sit at a wooden table, each holding a white ceramic mug filled with a warm beverage, as they clink their mugs together. Two green apples can be seen resting on the white plates on the table. The rest of the scene includes the wooden table, two white plates, and a plain white wall in the background. The atmosphere is simple, cozy, and inviting.",released_box_mask_needs_sam2,0.7421875,1,,,False,False,True,True,False,False,-1.9918009471135163,mask_area_above_limit|needs_sam2_mask_refinement|no_gt_image
rs_000111_1,ReShapeBench,multi_object,multi_object,000111_1,/mnt/bn/strategy-mllm-train/user/tanyue/datasets/ReShapeBench/multi_object/metadata.jsonl,20,Change the white umbrella into a white folding chair,white folding chair,"A man dressed entirely in white stands on a grassy lakeshore beneath a pale blue sky. He is now holding a white folding chair in one hand, positioned next to him. Nearby, a tall, leafless tree rises beside him, while the background features a wide lake bordered by rolling green hills. The atmosphere is tranquil, open, and serene.",released_box_mask_needs_sam2,0.1086273193359375,1,,,False,False,True,True,False,True,5.709547411587227,needs_sam2_mask_refinement|no_gt_image
rs_000111_2,ReShapeBench,multi_object,multi_object,000111_2,/mnt/bn/strategy-mllm-train/user/tanyue/datasets/ReShapeBench/multi_object/metadata.jsonl,21,Change the white umbrella into a large bouquet of white flowers,large bouquet of white flowers,"A man dressed entirely in white stands on a grassy lakeshore beneath a pale blue sky. He is now holding a large bouquet of white flowers in one hand, positioned next to him. Nearby, a tall, leafless tree rises beside him, while the background features a wide lake bordered by rolling green hills. The atmosphere is tranquil, open, and serene.",released_box_mask_needs_sam2,0.1086273193359375,1,,,False,False,True,True,False,True,5.7095769627059045,needs_sam2_mask_refinement|no_gt_image
rs_000112_1,ReShapeBench,multi_object,multi_object,000112_1,/mnt/bn/strategy-mllm-train/user/tanyue/datasets/ReShapeBench/multi_object/metadata.jsonl,22,Change the pink drink in the glass into a green smoothie in the glass,green smoothie in the glass,"A vibrant green smoothie fills a crystal-cut glass, which sits on a gray stone coaster atop a light-colored surface. A green smoothie in the glass, can be seen topped with a sprig of mint. To the right, there are sliced honeydew melon pieces, three raspberries, and scattered mint leaves, with a bright blue wall and palm fronds in the background. The atmosphere is tropical, fresh, and inviting.",released_box_mask_needs_sam2,0.86419677734375,1,,,False,False,True,True,False,False,-2.087014002848594,mask_area_above_limit|needs_sam2_mask_refinement|no_gt_image
rs_000113_1,ReShapeBench,multi_object,multi_object,000113_1,/mnt/bn/strategy-mllm-train/user/tanyue/datasets/ReShapeBench/multi_object/metadata.jsonl,24,Change the row of colorful bottles into a row of small potted succulents,row of small potted succulents,"A sleek white espresso machine sits on a tiled counter in a cozy café. In front of the espresso machine can be seen, a row of small potted succulents in assorted pots now lines the surface, adding fresh, green charm to the scene. The background features a tiled wall with faint, stylish lettering and some hanging greenery, enhancing the inviting coffee shop setting. The overall atmosphere is warm, lively, and welcoming.",released_box_mask_needs_sam2,0.0807647705078125,3,,,False,False,True,True,False,False,-0.6053659780498399,needs_sam2_mask_refinement|no_gt_image|too_many_mask_components
rs_000113_2,ReShapeBench,multi_object,multi_object,000113_2,/mnt/bn/strategy-mllm-train/user/tanyue/datasets/ReShapeBench/multi_object/metadata.jsonl,25,Change the row of colorful bottles into a row of neatly stacked vintage books,row of neatly stacked vintage books,"A sleek white espresso machine sits on a tiled counter in a cozy café. In front of the espresso machine can be seen, a row of neatly stacked vintage books now lines the surface, introducing a touch of literary charm to the scene. The background features a tiled wall with faint, stylish lettering and some hanging greenery, enhancing the inviting coffee shop setting. The overall atmosphere is warm, lively, and welcoming.",released_box_mask_needs_sam2,0.0807647705078125,3,,,False,False,True,True,False,False,-0.6057197150261909,needs_sam2_mask_refinement|no_gt_image|too_many_mask_components
rs_000114_1,ReShapeBench,multi_object,multi_object,000114_1,/mnt/bn/strategy-mllm-train/user/tanyue/datasets/ReShapeBench/multi_object/metadata.jsonl,26,Change the white ceramic spoon into a pair of wooden chopsticks,pair of wooden chopsticks,"A white bowl filled with yellow-hued wonton soup sits on a table. A pair of wooden chopsticks can be seen resting in the bowl. Beside the bowl is a head of fresh napa cabbage, and in the background, a light-colored cloth and a pair of chopsticks complete the cozy dining setup. The scene feels inviting and homey, perfect for a comforting meal.",released_box_mask_needs_sam2,0.8662223815917969,2,,,False,False,True,True,False,False,-2.0880556366905685,mask_area_above_limit|needs_sam2_mask_refinement|no_gt_image
rs_000115_1,ReShapeBench,multi_object,multi_object,000115_1,/mnt/bn/strategy-mllm-train/user/tanyue/datasets/ReShapeBench/multi_object/metadata.jsonl,28,Change the woven pendant light into a modern metal sphere light,modern metal sphere light,"A minimalist bedroom contains a low bed with white linens and pillows that are slightly tousled. A modern metal sphere light hanging from the ceiling above the bed can be seen. The room also features a framed abstract artwork on a beige wall and a small window with a wooden shutter letting in soft light. The atmosphere is calm, neutral-toned, and serene.",released_box_mask_needs_sam2,0.3642425537109375,1,,,False,False,True,True,False,True,4.95316990089945,needs_sam2_mask_refinement|no_gt_image
rs_000115_2,ReShapeBench,multi_object,multi_object,000115_2,/mnt/bn/strategy-mllm-train/user/tanyue/datasets/ReShapeBench/multi_object/metadata.jsonl,29,Change the woven pendant light into a large white paper lantern,large white paper lantern,"A minimalist bedroom contains a low bed with white linens and pillows that are slightly tousled. A large white paper lantern hanging from the ceiling above the bed can be seen. The room also features a framed abstract artwork on a beige wall and a small window with a wooden shutter letting in soft light. The atmosphere is calm, neutral-toned, and serene.",released_box_mask_needs_sam2,0.3642425537109375,1,,,False,False,True,True,False,True,4.953136277944464,needs_sam2_mask_refinement|no_gt_image
rs_000116_1,ReShapeBench,multi_object,multi_object,000116_1,/mnt/bn/strategy-mllm-train/user/tanyue/datasets/ReShapeBench/multi_object/metadata.jsonl,30,Change the bunches of dried peppers and chilies into bunches of white garlic bulbs,bunches of white garlic bulbs,"Strings of colorful dried peppers and chilies have been replaced by bunches of white garlic bulbs hanging prominently above a bustling market stall. The rustic clusters of garlic suspended in the air can be seen. Below, woven baskets overflow with spices, produce, and blurred fruits and vegetables in the background. The lively scene exudes a rustic farmers' market vibe with earthy textures and warm, inviting tones.",released_box_mask_needs_sam2,0.4169960021972656,1,,,False,False,True,True,False,False,-1.6317393072383028,mask_area_above_limit|needs_sam2_mask_refinement|no_gt_image
rs_000117_2,ReShapeBench,multi_object,multi_object,000117_2,/mnt/bn/strategy-mllm-train/user/tanyue/datasets/ReShapeBench/multi_object/metadata.jsonl,33,Change the ornate birdcage into a grandfather clock,grandfather clock,"A cozy, vintage-styled dining room is arranged with a round table draped in a white cloth. A tall grandfather clock can be seen standing against the wall near the table. The background features two oval portraits, a smaller framed picture, dark wooden chairs, and patterned wallpaper, with the table set with a cake stand, wafers, fruits, and nuts. The atmosphere is classic, nostalgic, and warmly inviting.",released_box_mask_needs_sam2,0.5563011169433594,2,,,False,False,True,True,False,False,-1.8115191236308386,mask_area_above_limit|needs_sam2_mask_refinement|no_gt_image
rs_000118_1,ReShapeBench,multi_object,multi_object,000118_1,/mnt/bn/strategy-mllm-train/user/tanyue/datasets/ReShapeBench/multi_object/metadata.jsonl,34,Change the worn soccer ball into a worn leather backpack,worn leather backpack,"A young boy crouches low on a quiet street, one hand resting gently on a worn leather backpack beside his knee, his gaze steady and thoughtful under the soft glow of late afternoon light. His teal striped sweater, red shorts with white stripes, scuffed sneakers, and the frayed straps and faded stitching of the backpack all stand out sharply against the rough asphalt beneath, every texture rendered with photorealistic clarity. Behind him, a gentle blur of weathered brick walls and distant buildings melts into warm bokeh, hinting at a humble neighborhood bathed in golden-hour haze. The entire scene feels quietly nostalgic — where school days meet quiet contemplation, serene yet deeply human, captured with cinematic depth and organic warmth.",released_box_mask_needs_sam2,0.59088134765625,1,,,False,False,True,True,False,False,-1.8492995862949195,mask_area_above_limit|needs_sam2_mask_refinement|no_gt_image
rs_000119_1,ReShapeBench,multi_object,multi_object,000119_1,/mnt/bn/strategy-mllm-train/user/tanyue/datasets/ReShapeBench/multi_object/metadata.jsonl,36,Change the plate with an orange into a plate with a slice of cake,plate with a slice of cake,"A turquoise wooden table is set in a relaxed café-like environment. A small plate with a slice of cake can be seen resting near two white mugs of hot drinks and a laptop displaying '5:01' on its screen. A smartphone lies next to one mug, and the background features a weathered wall adorned with green vines. The scene feels casual and inviting, perfect for a cozy break.",released_box_mask_needs_sam2,0.8266639709472656,1,,,False,False,True,True,False,False,-2.058970018273084,mask_area_above_limit|needs_sam2_mask_refinement|no_gt_image
rs_000120_2,ReShapeBench,multi_object,multi_object,000120_2,/mnt/bn/strategy-mllm-train/user/tanyue/datasets/ReShapeBench/multi_object/metadata.jsonl,39,Change the watermelon slices into cantaloupe slices,cantaloupe slices,"A wooden board is arranged with several fresh, triangular cantaloupe slices displaying orange flesh and pale green rinds. The group of cantaloupe slices neatly can be seen placed on the board. Next to them, a glass of pink watermelon juice garnished with two mint leaves and a small sprig of mint rests on the wooden surface, with the warm wooden table in the background. The scene feels summery, refreshing, and inviting.",released_box_mask_needs_sam2,0.9909439086914062,1,,,False,False,True,True,False,False,-2.1719344948231534,mask_area_above_limit|needs_sam2_mask_refinement|no_gt_image
rs_000121_1,ReShapeBench,multi_object,multi_object,000121_1,/mnt/bn/strategy-mllm-train/user/tanyue/datasets/ReShapeBench/multi_object/metadata.jsonl,40,Change the wine glass into a small vase filled with pink roses,small vase filled with pink roses,"A dimly lit, elegant room is arranged with an ornate armchair and a small, round side table. A small vase can be seen filled with pink roses sitting on the table. Behind them, heavy green curtains and sheer white fabric frame a window, letting in soft filtered light. The atmosphere is classic, vintage, and quietly refined.",released_box_mask_needs_sam2,0.20270538330078125,1,,,False,False,True,True,False,True,5.318929147262103,needs_sam2_mask_refinement|no_gt_image
rs_000121_2,ReShapeBench,multi_object,multi_object,000121_2,/mnt/bn/strategy-mllm-train/user/tanyue/datasets/ReShapeBench/multi_object/metadata.jsonl,41,Change the wine glass into a decorative brass candlestick with an unlit white candle,decorative brass candlestick with an unlit white candle,"A dimly lit, elegant room is arranged with an ornate armchair and a small, round side table. A decorative brass candlestick with an unlit white candle can be seen sitting on the table. Behind them, heavy green curtains and sheer white fabric frame a window, letting in soft filtered light. The atmosphere is classic, vintage, and quietly refined.",released_box_mask_needs_sam2,0.20270538330078125,1,,,False,False,True,True,False,True,5.319750931880488,needs_sam2_mask_refinement|no_gt_image
rs_000122_1,ReShapeBench,multi_object,multi_object,000122_1,/mnt/bn/strategy-mllm-train/user/tanyue/datasets/ReShapeBench/multi_object/metadata.jsonl,42,Change the bowl of Turkish delights into a plate of assorted cookies,plate of assorted cookies,"A cozy breakfast scene is arranged on a woven surface with a delicate lace doily. A small plate stacked with assorted cookies, can be seen placed near the center. Beside it, there is a white, ribbed vase holding bright yellow flowers and a white cup with a floral-patterned saucer containing dark coffee. The atmosphere is warm, inviting, and perfect for a relaxing morning.",released_box_mask_needs_sam2,0.979736328125,1,,,False,False,True,True,False,False,-2.165230166216917,mask_area_above_limit|needs_sam2_mask_refinement|no_gt_image
rs_000123_2,ReShapeBench,multi_object,multi_object,000123_2,/mnt/bn/strategy-mllm-train/user/tanyue/datasets/ReShapeBench/multi_object/metadata.jsonl,45,Change the yellow pitcher with paintbrushes into a yellow pitcher with sunflowers,yellow pitcher with sunflowers,"A cozy wooden table is set with a vibrant fruit basket centerpiece, brimming with citrus, apples, and berries. A yellow pitcher can be seen filled with fresh sunflowers, placed near a tray of art supplies. A small vase of pink roses and eucalyptus, lit candles, and softly patterned wallpaper complete the inviting scene. The atmosphere is creative, warm, and welcoming.",released_box_mask_needs_sam2,0.9402427673339844,1,,,False,False,True,True,False,False,-2.1391904157623634,mask_area_above_limit|needs_sam2_mask_refinement|no_gt_image
rs_000124_2,ReShapeBench,multi_object,multi_object,000124_2,/mnt/bn/strategy-mllm-train/user/tanyue/datasets/ReShapeBench/multi_object/metadata.jsonl,47,Change the glass bowl filled with red berries into a woven basket filled with red berries,woven basket filled with red berries,"A rustic wooden table is set with a woven basket overflowing with small, round red berries. A woven basket filled with berries, which stands out at the center of the table. Several pomegranates are scattered around the basket, and a decorative fruit-themed painting and a glass jar are visible in the background. The atmosphere is warm, inviting, and reminiscent of a harvest celebration.",released_box_mask_needs_sam2,0.9978713989257812,1,,,False,False,True,True,False,False,-2.176767679715025,mask_area_above_limit|needs_sam2_mask_refinement|no_gt_image
rs_000125_1,ReShapeBench,multi_object,multi_object,000125_1,/mnt/bn/strategy-mllm-train/user/tanyue/datasets/ReShapeBench/multi_object/metadata.jsonl,48,Change the black scooter into a bucket,bucket,"A bright orange, two-story building with green trim and brown-framed windows stands prominently on a cobblestone street. A small orange three-wheeled truck can be seen parked in front of the building, next to a simple bucket placed on the ground. Potted plants line the street, and the clear blue sky and sunny weather add to the lively atmosphere. The scene feels vibrant, cheerful, and full of character.",released_box_mask_needs_sam2,0.23178863525390625,2,,,False,False,True,True,False,True,5.235808437074521,needs_sam2_mask_refinement|no_gt_image
rs_000125_2,ReShapeBench,multi_object,multi_object,000125_2,/mnt/bn/strategy-mllm-train/user/tanyue/datasets/ReShapeBench/multi_object/metadata.jsonl,49,Change the black scooter into a chair,chair,"A bright orange, two-story building with green trim and brown-framed windows stands prominently on a cobblestone street. A small orange three-wheeled truck can be seen parked in front of the building, next to a simple chair placed on the ground. Potted plants line the street, and the clear blue sky and sunny weather add to the lively atmosphere. The scene feels vibrant, cheerful, and full of character.",released_box_mask_needs_sam2,0.23178863525390625,2,,,False,False,True,True,False,True,5.235285849574306,needs_sam2_mask_refinement|no_gt_image
rs_000126_2,ReShapeBench,multi_object,multi_object,000126_2,/mnt/bn/strategy-mllm-train/user/tanyue/datasets/ReShapeBench/multi_object/metadata.jsonl,51,Change the white paper bag with croissants into a white paper bag with a bunch of green grapes,white paper bag with a bunch of green grapes,"A green metal chair is placed on a gravel path beside a grassy lawn in an outdoor park setting. A white paper bag holding a bunch of green grapes, which sits on the chair next to a clear plastic container of strawberries and a pair of sunglasses. The background includes the gravel ground, green grass, and a partial view of another chair or bag. The mood is relaxed and casual, evoking a simple outdoor picnic.",released_box_mask_needs_sam2,0.7510871887207031,1,,,False,False,True,True,False,False,-1.999198894668952,mask_area_above_limit|needs_sam2_mask_refinement|no_gt_image
rs_000127_2,ReShapeBench,multi_object,multi_object,000127_2,/mnt/bn/strategy-mllm-train/user/tanyue/datasets/ReShapeBench/multi_object/metadata.jsonl,53,Change the dog sitting beside the woman into a woven picnic basket,woven picnic basket,"A woman in a bright pink dress sits on sunlit stone steps surrounded by lush potted plants and blooming flowers. A woven picnic basket can be seen sitting beside her on the steps. Another dog is visible behind a glass window in the background, and the scene is filled with greenery and floral arrangements. The atmosphere is tranquil and garden-like, blending indoor and outdoor serenity.",released_box_mask_needs_sam2,0.5827789306640625,2,,,False,False,True,True,False,False,-1.8407943413214818,mask_area_above_limit|needs_sam2_mask_refinement|no_gt_image
rs_000128_1,ReShapeBench,multi_object,multi_object,000128_1,/mnt/bn/strategy-mllm-train/user/tanyue/datasets/ReShapeBench/multi_object/metadata.jsonl,54,Change the vase with dried flowers into a stack of books,stack of books,"A cozy, well-lit dining area is centered around a round wooden table surrounded by woven-back chairs. A stack of books can be seen placed at the center of the table. In the background, there is a wooden door, soft lighting fixtures, and tiled elements that complete the inviting restaurant or café setting. The atmosphere feels relaxed, warm, and welcoming.",released_box_mask_needs_sam2,0.3956756591796875,1,,,False,False,True,True,False,True,4.901107952262626,needs_sam2_mask_refinement|no_gt_image
rs_000128_2,ReShapeBench,multi_object,multi_object,000128_2,/mnt/bn/strategy-mllm-train/user/tanyue/datasets/ReShapeBench/multi_object/metadata.jsonl,55,Change the vase with dried flowers into a ceramic fruit bowl filled with oranges,ceramic fruit bowl filled with oranges,"A cozy, well-lit dining area is centered around a round wooden table surrounded by woven-back chairs. A ceramic fruit bowl can be seen filled with oranges placed at the center of the table. In the background, there is a wooden door, soft lighting fixtures, and tiled elements that complete the inviting restaurant or café setting. The atmosphere feels relaxed, warm, and welcoming.",released_box_mask_needs_sam2,0.3956756591796875,1,,,False,False,True,True,False,True,4.901876002622586,needs_sam2_mask_refinement|no_gt_image
rs_000129_2,ReShapeBench,multi_object,multi_object,000129_2,/mnt/bn/strategy-mllm-train/user/tanyue/datasets/ReShapeBench/multi_object/metadata.jsonl,57,Change the glass of orange liquid into a ceramic teapot,ceramic teapot,"A charming outdoor patio is set with a white round table surrounded by pastel-colored metal chairs with floral cushions. The main editable object is now a ceramic teapot placed on the table, next to the clear jar. The background features potted plants, a green door, and vintage decor, enhancing the cozy garden-like setting. The scene feels whimsical, inviting, and tranquil.",released_box_mask_needs_sam2,0.6267814636230469,1,,,False,False,True,True,False,False,-1.8865680597463659,mask_area_above_limit|needs_sam2_mask_refinement|no_gt_image
rs_000130_1,ReShapeBench,multi_object,multi_object,000130_1,/mnt/bn/strategy-mllm-train/user/tanyue/datasets/ReShapeBench/multi_object/metadata.jsonl,58,Change the plate of toast with orange preserves into a plate of toast with berry jam,plate of toast with berry jam,"A cozy breakfast scene is arranged on a lace tablecloth. The main editable object is now a blue-rimmed plate holding three pieces of toast topped with a creamy spread and berry jam. Beside the plate sits a clear glass cup filled with dark coffee, and the background is softly lit and textured. The atmosphere is warm, comforting, and homely.",released_box_mask_needs_sam2,0.9027099609375,1,,,False,False,True,True,False,False,-2.1136116333319297,mask_area_above_limit|needs_sam2_mask_refinement|no_gt_image
rs_000131_1,ReShapeBench,multi_object,multi_object,000131_1,/mnt/bn/strategy-mllm-train/user/tanyue/datasets/ReShapeBench/multi_object/metadata.jsonl,60,Change the wooden nightstand with a stack of books into a wooden nightstand with a small potted plant,wooden nightstand with a small potted plant,"A cozy bedroom is shown with a metal-framed bed covered in floral pillows and a patterned throw blanket. A wooden nightstand can be seen topped with a small potted plant instead of books. In the background, a decorative tapestry with colorful flowers hangs on the wall, and a vintage-style wall lamp provides a warm glow. The atmosphere is light, airy, and inviting.",released_box_mask_needs_sam2,0.3390960693359375,2,,,False,False,True,True,False,True,4.998101292694772,needs_sam2_mask_refinement|no_gt_image
rs_000131_2,ReShapeBench,multi_object,multi_object,000131_2,/mnt/bn/strategy-mllm-train/user/tanyue/datasets/ReShapeBench/multi_object/metadata.jsonl,61,Change the wooden nightstand with a stack of books into a wooden nightstand with an antique brass clock,wooden nightstand with an antique brass clock,"A cozy bedroom is shown with a metal-framed bed covered in floral pillows and a patterned throw blanket. A wooden nightstand can be seen topped with an antique brass clock instead of books. In the background, a decorative tapestry with colorful flowers hangs on the wall, and a vintage-style wall lamp provides a warm glow. The atmosphere is light, airy, and inviting.",released_box_mask_needs_sam2,0.3390960693359375,2,,,False,False,True,True,False,True,4.998282730747884,needs_sam2_mask_refinement|no_gt_image
rs_000132_1,ReShapeBench,multi_object,multi_object,000132_1,/mnt/bn/strategy-mllm-train/user/tanyue/datasets/ReShapeBench/multi_object/metadata.jsonl,62,Change the toasted bread slices into carrot sticks,carrot sticks,"A bowl of creamy hummus garnished with chickpeas, herbs, and oil sits atop a blue cloth on a stone-textured surface. A pile of carrot sticks can be seen placed beside the bowl. Around the setup are lemon wedges, a glass of olive oil, a small bowl of tahini, and a dish of sesame seeds, creating a colorful Mediterranean spread. The atmosphere is fresh, inviting, and appetizing.",released_box_mask_needs_sam2,0.397613525390625,2,,,False,False,True,True,False,True,4.898022973959986,needs_sam2_mask_refinement|no_gt_image
rs_000132_2,ReShapeBench,multi_object,multi_object,000132_2,/mnt/bn/strategy-mllm-train/user/tanyue/datasets/ReShapeBench/multi_object/metadata.jsonl,63,Change the toasted bread slices into crispy pita chips,crispy pita chips,"A bowl of creamy hummus garnished with chickpeas, herbs, and oil sits atop a blue cloth on a stone-textured surface. A stack of crispy pita chips can be seen placed beside the bowl. Around the setup are lemon wedges, a glass of olive oil, a small bowl of tahini, and a dish of sesame seeds, creating a colorful Mediterranean spread. The atmosphere is fresh, inviting, and appetizing.",released_box_mask_needs_sam2,0.397613525390625,2,,,False,False,True,True,False,True,4.898252706112705,needs_sam2_mask_refinement|no_gt_image
rs_000133_1,ReShapeBench,multi_object,multi_object,000133_1,/mnt/bn/strategy-mllm-train/user/tanyue/datasets/ReShapeBench/multi_object/metadata.jsonl,64,Change the glass of iced soda with a striped straw into a small plate of pastries,small plate of pastries,"A red-painted outdoor café table sits on a cobblestone street, creating a relaxed European dining atmosphere. A small plate of pastries can be seen placed on the table. Also on the table are two white coffee cups with saucers and a pair of glasses, while two chairs with red, dotted cushions are arranged around it. The scene feels casual and inviting, perfect for a leisurely break.",released_box_mask_needs_sam2,0.8568115234375,1,,,False,False,True,True,False,False,-2.0814535965199044,mask_area_above_limit|needs_sam2_mask_refinement|no_gt_image
rs_000134_1,ReShapeBench,multi_object,multi_object,000134_1,/mnt/bn/strategy-mllm-train/user/tanyue/datasets/ReShapeBench/multi_object/metadata.jsonl,66,Change the lifeguard tower into a lighthouse,lighthouse,"A light blue and white lighthouse labeled 'DEAUVILLE' stands prominently on a sandy beach. A tall can be seen, cylindrical lighthouse with a small observation deck at the top. Around the lighthouse, people are scattered across the sand, relaxing and playing, with the ocean and a clear blue sky stretching out in the background. The atmosphere is lively and summery, filled with the energy of a busy beach day.",released_box_mask_needs_sam2,0.057422637939453125,7,,,False,False,True,True,False,False,-0.8063326629621429,needs_sam2_mask_refinement|no_gt_image|too_many_mask_components
rs_000134_2,ReShapeBench,multi_object,multi_object,000134_2,/mnt/bn/strategy-mllm-train/user/tanyue/datasets/ReShapeBench/multi_object/metadata.jsonl,67,Change the lifeguard tower into a beachside snack kiosk,beachside snack kiosk,"A light blue and white beachside snack kiosk labeled 'DEAUVILLE' stands prominently on a sandy beach. A small snack kiosk with a serving window and a shaded awning can be seen. Around the kiosk, people are scattered across the sand, relaxing and playing, with the ocean and a clear blue sky stretching out in the background. The atmosphere is lively and summery, filled with the energy of a busy beach day.",released_box_mask_needs_sam2,0.057422637939453125,7,,,False,False,True,True,False,False,-0.8071502956479177,needs_sam2_mask_refinement|no_gt_image|too_many_mask_components
rs_000135_2,ReShapeBench,multi_object,multi_object,000135_2,/mnt/bn/strategy-mllm-train/user/tanyue/datasets/ReShapeBench/multi_object/metadata.jsonl,69,Change the blueberry-topped round pastry into a rectangular slice of layered strawberry shortcake,rectangular slice of layered strawberry shortcake,"Two hands are holding small dessert plates in front of a plain white background. A rectangular slice of layered strawberry shortcake with whipped cream and fresh strawberry slices on top can be seen. The other plate holds a smooth, dome-shaped dessert with a glossy pale green top and a tiny green garnish, and the hands are the only visible parts of the people. The scene is minimalistic, focusing on the delicate desserts and the clean, bright setting.",released_box_mask_needs_sam2,0.4984626770019531,1,,,False,False,True,True,False,False,-1.7427249580639297,mask_area_above_limit|needs_sam2_mask_refinement|no_gt_image
rs_000136_1,ReShapeBench,multi_object,multi_object,000136_1,/mnt/bn/strategy-mllm-train/user/tanyue/datasets/ReShapeBench/multi_object/metadata.jsonl,70,Change the ceramic pitcher into a clear glass tumbler,clear glass tumbler,"A rustic wooden table is set for a meal. A clear glass tumbler, can be seen placed on the wooden tray next to the textured wooden cup. In front, a patterned bowl holds rice with a dark garnish and crispy fried pieces in curry, while a fork and spoon rest nearby. The atmosphere is warm and inviting, evoking a cozy dining experience.",released_box_mask_needs_sam2,0.9708023071289062,1,,,False,False,True,True,False,False,-2.159104498802285,mask_area_above_limit|needs_sam2_mask_refinement|no_gt_image
rs_000137_1,ReShapeBench,multi_object,multi_object,000137_1,/mnt/bn/strategy-mllm-train/user/tanyue/datasets/ReShapeBench/multi_object/metadata.jsonl,72,Change the bouquet of pink flowers into a vintage brown leather suitcase,vintage brown leather suitcase,"A woman stands on a city sidewalk in front of a stone-walled storefront. She is wearing a white, backless dress and a light-colored helmet, and she now holds a vintage brown leather suitcase with metal clasps. The background includes a scooter parked nearby, a shop window with 'COC V' signage, and the textured stone wall of the building. The atmosphere is warm and inviting, with golden sunlight casting a cozy, urban glow.",released_box_mask_needs_sam2,0.7107315063476562,1,,,False,False,True,True,False,False,-1.9646053635176353,mask_area_above_limit|needs_sam2_mask_refinement|no_gt_image
rs_000138_1,ReShapeBench,multi_object,multi_object,000138_1,/mnt/bn/strategy-mllm-train/user/tanyue/datasets/ReShapeBench/multi_object/metadata.jsonl,74,Change the bottle of Sassi water into a vintage ceramic teapot with intricate patterns,vintage ceramic teapot with intricate patterns,"A round table draped with a white tablecloth is set in a warmly lit room with beige walls. A vintage ceramic teapot with intricate patterns can be seen standing beside the golden ornate vase filled with red and white flowers. Two small decorative glass objects, red-upholstered chairs, and a sunlit window complete the elegant dining scene. The atmosphere is cozy, refined, and inviting.",released_box_mask_needs_sam2,0.39402008056640625,1,,,False,False,True,True,False,True,4.9036951997944085,needs_sam2_mask_refinement|no_gt_image
rs_000138_2,ReShapeBench,multi_object,multi_object,000138_2,/mnt/bn/strategy-mllm-train/user/tanyue/datasets/ReShapeBench/multi_object/metadata.jsonl,75,"Change the bottle of Sassi water into a tall, slender crystal candlestick","tall, slender crystal candlestick","A round table draped with a white tablecloth is set in a warmly lit room with beige walls. A tall, slender crystal candlestick can be seen standing beside the golden ornate vase filled with red and white flowers. Two small decorative glass objects, red-upholstered chairs, and a sunlit window complete the elegant dining scene. The atmosphere is cozy, refined, and inviting.",released_box_mask_needs_sam2,0.39402008056640625,1,,,False,False,True,True,False,True,4.903602684525218,needs_sam2_mask_refinement|no_gt_image
rs_000139_2,ReShapeBench,multi_object,multi_object,000139_2,/mnt/bn/strategy-mllm-train/user/tanyue/datasets/ReShapeBench/multi_object/metadata.jsonl,77,Change the pink-and-white box with a decorative tag into a vase with a single pink tulip,vase with a single pink tulip,"A cozy breakfast scene is set on a glass table beside a window with a blurred green outdoor view. A small vase with a single pink tulip, can be seen placed near the plate. The plate holds two slices of toast topped with poached eggs, avocado, and orange slices, and a cup of latte with latte art sits on a saucer nearby. The atmosphere is inviting and peaceful, perfect for a relaxing morning meal.",released_box_mask_needs_sam2,0.8761329650878906,1,,,False,False,True,True,False,False,-2.095758935022186,mask_area_above_limit|needs_sam2_mask_refinement|no_gt_image
rs_000140_1,ReShapeBench,multi_object,multi_object,000140_1,/mnt/bn/strategy-mllm-train/user/tanyue/datasets/ReShapeBench/multi_object/metadata.jsonl,78,Change the left table with striped tablecloth into a left table with round marble tabletop and no tablecloth,left table with round marble tabletop and no tablecloth,"This is an outdoor café scene with two small tables, but the left table now has a round marble tabletop and no tablecloth, still accompanied by wooden stools. The left table, which stands out with its new marble surface. The background features a weathered building with a yellow upper wall, a stone-like lower section, and several potted plants hanging above, all bathed in natural light. The atmosphere is rustic, charming, and inviting.",released_box_mask_needs_sam2,0.2782402038574219,5,,,False,False,True,True,False,False,-1.3784374832888446,needs_sam2_mask_refinement|no_gt_image|too_many_mask_components
rs_000140_2,ReShapeBench,multi_object,multi_object,000140_2,/mnt/bn/strategy-mllm-train/user/tanyue/datasets/ReShapeBench/multi_object/metadata.jsonl,79,Change the left table with striped tablecloth into a left table replaced by a large woven basket,left table replaced by a large woven basket,"This is an outdoor café scene with two small tables, but the left table now features a large woven basket in place of the table, still accompanied by wooden stools. The left table area, which now holds a woven basket instead of a table. The background features a weathered building with a yellow upper wall, a stone-like lower section, and several potted plants hanging above, all bathed in natural light. The atmosphere is rustic, charming, and inviting.",released_box_mask_needs_sam2,0.2782402038574219,5,,,False,False,True,True,False,False,-1.378861388159864,needs_sam2_mask_refinement|no_gt_image|too_many_mask_components
rs_000141_1,ReShapeBench,multi_object,multi_object,000141_1,/mnt/bn/strategy-mllm-train/user/tanyue/datasets/ReShapeBench/multi_object/metadata.jsonl,80,Change the wooden crate of oranges into a wooden crate of books,wooden crate of books,"A tranquil garden features a stone pathway curving through lush green grass, leading to two wooden chairs beneath a tree covered in white blossoms. In the foreground, a wooden crate filled with a stack of books stands out, adding a cozy, literary touch. The background is filled with dense greenery and blooming trees, enhancing the natural beauty of the scene. The overall mood is peaceful and inviting, perfect for relaxation.",released_box_mask_needs_sam2,0.10413742065429688,3,,,False,False,True,True,False,False,-0.7640799835351302,needs_sam2_mask_refinement|no_gt_image|too_many_mask_components
rs_000141_2,ReShapeBench,multi_object,multi_object,000141_2,/mnt/bn/strategy-mllm-train/user/tanyue/datasets/ReShapeBench/multi_object/metadata.jsonl,81,Change the wooden crate of oranges into a wooden crate of potted flowers,wooden crate of potted flowers,"A tranquil garden features a stone pathway curving through lush green grass, leading to two wooden chairs beneath a tree covered in white blossoms. In the foreground, a wooden crate filled with colorful potted flowers stands out, bringing a vibrant, floral accent. The background is filled with dense greenery and blooming trees, enhancing the natural beauty of the scene. The overall mood is peaceful and inviting, perfect for relaxation.",released_box_mask_needs_sam2,0.10413742065429688,3,,,False,False,True,True,False,False,-0.7641359484106763,needs_sam2_mask_refinement|no_gt_image|too_many_mask_components
rs_000142_1,ReShapeBench,multi_object,multi_object,000142_1,/mnt/bn/strategy-mllm-train/user/tanyue/datasets/ReShapeBench/multi_object/metadata.jsonl,82,Change the large striped hot air balloon with 'www.royal' text into a giant floating beach ball with 'www.royal' text,giant floating beach ball with 'www.royal' text,"Several colorful hot air balloons float gracefully through the sky above a rugged, rocky landscape. The main focus is now a giant floating beach ball with bold stripes and 'www.royal' text in the foreground. Other hot air balloons in various colors and patterns drift in the background, set against a bright blue sky and unique geological formations below. The atmosphere is lively and adventurous, evoking a sense of wonder and exploration.",released_box_mask_needs_sam2,0.456329345703125,2,,,False,False,True,True,False,False,-1.6877181725018622,mask_area_above_limit|needs_sam2_mask_refinement|no_gt_image
rs_000143_2,ReShapeBench,multi_object,multi_object,000143_2,/mnt/bn/strategy-mllm-train/user/tanyue/datasets/ReShapeBench/multi_object/metadata.jsonl,85,Change the yellow phone with a map design into a stack of colorful macarons,stack of colorful macarons,"A cozy café scene shows a person holding a red cup of latte with intricate latte art, resting on a matching red saucer. A stack of colorful macarons can be seen placed on the wooden table. Other important objects include a pair of yellow earbuds, a book with a photo on the cover, and a vintage camera, all set against a backdrop of green plants and soft natural light. The atmosphere is warm, inviting, and relaxed.",released_box_mask_needs_sam2,0.8678398132324219,1,,,False,False,True,True,False,False,-2.0892769448642925,mask_area_above_limit|needs_sam2_mask_refinement|no_gt_image
rs_000144_2,ReShapeBench,multi_object,multi_object,000144_2,/mnt/bn/strategy-mllm-train/user/tanyue/datasets/ReShapeBench/multi_object/metadata.jsonl,87,Change the golden spoon into a pair of wooden chopsticks,pair of wooden chopsticks,"A minimalist scene is arranged with a white plate holding a small tart topped with whipped cream, set atop a white book labeled 'MINIMALISME POETIQUE.' A pair of wooden chopsticks can be seen resting on the plate beside the tart. Next to the plate, a tiny white cup contains black coffee, and yellow flowers with green leaves are arranged nearby, all against a white backdrop. The atmosphere is soft, elegant, and serene.",released_box_mask_needs_sam2,0.998046875,1,,,False,False,True,True,False,False,-2.1766167573259585,mask_area_above_limit|needs_sam2_mask_refinement|no_gt_image
rs_000145_1,ReShapeBench,multi_object,multi_object,000145_1,/mnt/bn/strategy-mllm-train/user/tanyue/datasets/ReShapeBench/multi_object/metadata.jsonl,88,Change the empty blue coffee grinder into a blue coffee grinder with a jar of cookies in the hopper,blue coffee grinder with a jar of cookies in the hopper,"A modern coffee shop counter is neatly arranged with equipment and accessories. A blue coffee grinder with a transparent hopper containing a jar of cookies instead of being empty can be seen. Beside them, a blue La Marzocco espresso machine is topped with stacks of white 'SPRO' cups, while shelves with coffee-related items and minimalist decor fill the background. The atmosphere is clean, organized, and contemporary.",released_box_mask_needs_sam2,0.3176383972167969,6,,,False,False,True,True,False,False,-1.4610280820581256,needs_sam2_mask_refinement|no_gt_image|too_many_mask_components
rs_000145_2,ReShapeBench,multi_object,multi_object,000145_2,/mnt/bn/strategy-mllm-train/user/tanyue/datasets/ReShapeBench/multi_object/metadata.jsonl,89,Change the empty blue coffee grinder into a blue coffee grinder with red apples in the hopper,blue coffee grinder with red apples in the hopper,"A modern coffee shop counter is neatly arranged with equipment and accessories. A blue coffee grinder with a transparent hopper containing bright red apples instead of being empty can be seen. Beside them, a blue La Marzocco espresso machine is topped with stacks of white 'SPRO' cups, while shelves with coffee-related items and minimalist decor fill the background. The atmosphere is clean, organized, and contemporary.",released_box_mask_needs_sam2,0.3176383972167969,6,,,False,False,True,True,False,False,-1.4610625380890234,needs_sam2_mask_refinement|no_gt_image|too_many_mask_components
rs_000146_1,ReShapeBench,multi_object,multi_object,000146_1,/mnt/bn/strategy-mllm-train/user/tanyue/datasets/ReShapeBench/multi_object/metadata.jsonl,90,Change the glass of red wine into a ceramic teacup,ceramic teacup,"An open book rests on a grassy field sprinkled with yellow wildflowers. A ceramic teacup can be seen sitting on a wooden board next to the book, surrounded by red roses. The background shows a lush green meadow filled with wildflowers, enhancing the tranquil outdoor setting. The scene feels peaceful, romantic, and perfect for a quiet moment of reading in nature.",released_box_mask_needs_sam2,0.18703842163085938,1,,,False,False,True,True,False,True,5.369629462002404,needs_sam2_mask_refinement|no_gt_image
rs_000146_2,ReShapeBench,multi_object,multi_object,000146_2,/mnt/bn/strategy-mllm-train/user/tanyue/datasets/ReShapeBench/multi_object/metadata.jsonl,91,Change the glass of red wine into a tall glass bottle of lemonade,tall glass bottle of lemonade,"An open book rests on a grassy field sprinkled with yellow wildflowers. A tall glass bottle of lemonade can be seen sitting on a wooden board next to the book, surrounded by red roses. The background shows a lush green meadow filled with wildflowers, enhancing the tranquil outdoor setting. The scene feels peaceful, romantic, and perfect for a quiet moment of reading in nature.",released_box_mask_needs_sam2,0.18703842163085938,1,,,False,False,True,True,False,True,5.369299944305114,needs_sam2_mask_refinement|no_gt_image
rs_000147_2,ReShapeBench,multi_object,multi_object,000147_2,/mnt/bn/strategy-mllm-train/user/tanyue/datasets/ReShapeBench/multi_object/metadata.jsonl,93,Change the blueberry-topped tart into a slice of lemon cheesecake,slice of lemon cheesecake,"A wooden table is set for a casual meal or snack. A small white plate can be seen holding a slice of lemon cheesecake with a thin layer of lemon curd. Beside it, there is a glass of iced brown beverage with a black straw, a napkin marked 'ROM', and a set of silverware. The atmosphere is clean, minimalistic, and relaxed, evoking a cozy café or home dining moment.",released_box_mask_needs_sam2,1.0,1,,,False,False,True,True,False,False,-2.1777464348755284,mask_area_above_limit|needs_sam2_mask_refinement|no_gt_image
rs_000148_1,ReShapeBench,multi_object,multi_object,000148_1,/mnt/bn/strategy-mllm-train/user/tanyue/datasets/ReShapeBench/multi_object/metadata.jsonl,94,Change the small round wooden table into a small round wicker ottoman,small round wicker ottoman,"A cozy outdoor seating area is arranged with a curved brown sofa decorated with patterned cushions. A small round wicker ottoman that holds a stack of books, a vintage clock, and a dark candle jar. The background features lush greenery, a large leafy plant in a decorative vase, and white draped curtains set against a wooden fence. The atmosphere is warm, inviting, and tranquil, perfect for relaxation.",released_box_mask_needs_sam2,0.6026191711425781,1,,,False,False,True,True,False,False,-1.8611517340522816,mask_area_above_limit|needs_sam2_mask_refinement|no_gt_image
rs_000149_1,ReShapeBench,multi_object,multi_object,000149_1,/mnt/bn/strategy-mllm-train/user/tanyue/datasets/ReShapeBench/multi_object/metadata.jsonl,96,Change the set of colorful pencils into a wooden mannequin figure,wooden mannequin figure,"A wooden desk is arranged as a creative artist's workspace. A wooden mannequin figure can be seen posed where the set of colorful pencils was. Surrounding the mannequin are two well-used paint palettes, stacked sketchbooks, a small water container, and various brushes scattered nearby. The atmosphere is softly lit, evoking a messy yet inspiring and productive mood.",released_box_mask_needs_sam2,0.7395706176757812,1,,,False,False,True,True,False,False,-1.989656741309337,mask_area_above_limit|needs_sam2_mask_refinement|no_gt_image
rs_000150_2,ReShapeBench,multi_object,multi_object,000150_2,/mnt/bn/strategy-mllm-train/user/tanyue/datasets/ReShapeBench/multi_object/metadata.jsonl,99,Change the glass pitcher into a rustic wooden ladle,rustic wooden ladle,"A hand is pouring vibrant green sauce from a rustic wooden ladle into a white bowl of gourmet food. The wooden ladle can be seen held above the bowl, releasing a stream of sauce. The bowl contains a poached egg and green garnish, and sits on a matching white plate against a dark, blurred restaurant background. The atmosphere is elegant and refined, capturing a moment of fine dining.",released_box_mask_needs_sam2,0.9725456237792969,1,,,False,False,True,True,False,False,-2.160260600897195,mask_area_above_limit|needs_sam2_mask_refinement|no_gt_image
rs_000001_1,ReShapeBench,single_object,single_object,000001_1,/mnt/bn/strategy-mllm-train/user/tanyue/datasets/ReShapeBench/single_object/metadata.jsonl,0,Change the car into a bicycle,bicycle,"A blue bicycle is being ridden down a road lined with trees. The bicycle features a sleek frame and shiny metal handlebars, standing out clearly against the autumn backdrop. The background is filled with blurred trees in warm autumn colors. The mood remains nostalgic and dynamic, evoking a sense of motion and outdoor adventure.",released_box_mask_needs_sam2,0.3060150146484375,1,,,False,False,False,False,False,True,3.6622988410528006,needs_sam2_mask_refinement|no_gt_image
rs_000002_1,ReShapeBench,single_object,single_object,000002_1,/mnt/bn/strategy-mllm-train/user/tanyue/datasets/ReShapeBench/single_object/metadata.jsonl,2,Change the squirrel into a hummingbird,hummingbird,"A delicate hummingbird perches gracefully on the textured surface, its iridescent feathers shimmering in emerald green and purple hues. The slender beak is poised near the vibrant red flowers, ready to sip nectar, while its wings are slightly blurred from recent flight. The background remains a lush, green blur of foliage, maintaining the serene and natural atmosphere. The scene captures gentle motion and fleeting elegance amidst the peaceful outdoor setting.",released_box_mask_needs_sam2,0.3599967956542969,1,,,False,False,False,False,False,True,3.5609320118085743,needs_sam2_mask_refinement|no_gt_image
rs_000003_1,ReShapeBench,single_object,single_object,000003_1,/mnt/bn/strategy-mllm-train/user/tanyue/datasets/ReShapeBench/single_object/metadata.jsonl,4,Change the sneaker into a cat,cat,"A sleek tabby cat rests elegantly atop a weathered tree stump, its graceful curves and soft fur catching the golden afternoon light. The rich orange-brown coat, white chest patch, black-tipped ears, and whiskers stand out sharply against the rough bark beneath, every strand rendered with photorealistic clarity. Behind it, a soft blur of ivy leaves and tangled branches melts into warm bokeh, hinting at a quiet forest edge bathed in dappled sunlight. The entire scene feels gently alive — where wild nature cradles quiet companionship, serene and soulful, captured with cinematic depth and organic warmth.",released_box_mask_needs_sam2,0.3302764892578125,1,,,False,False,False,False,False,True,3.6143237858475468,needs_sam2_mask_refinement|no_gt_image
rs_000005_1,ReShapeBench,single_object,single_object,000005_1,/mnt/bn/strategy-mllm-train/user/tanyue/datasets/ReShapeBench/single_object/metadata.jsonl,8,Change the snowdrops into a pocket watch,pocket watch,"A shiny silver pocket watch is partially buried in a patch of melting snow. The round, metallic case and ornate hands stand out against the glistening ice, with the watch face catching the soft light. The softly blurred background features earthy tones and subtle textures, maintaining the sense of early spring. The scene feels nostalgic and contemplative, as if time itself is thawing with the changing season.",released_box_mask_needs_sam2,0.17969894409179688,1,,,False,False,False,False,False,True,3.9949419652610456,needs_sam2_mask_refinement|no_gt_image
rs_000006_2,ReShapeBench,single_object,single_object,000006_2,/mnt/bn/strategy-mllm-train/user/tanyue/datasets/ReShapeBench/single_object/metadata.jsonl,11,Change the sedan into a bench,bench,"A classic wooden bench is placed on a cobblestone street in an urban setting. The bench features smooth wooden slats and sturdy metal armrests, blending naturally into the scene with a touch of timeless design. Behind it, a red brick building with closed garage doors forms a gritty, industrial backdrop, with streetlights and utility poles visible further down the street. The mood is still urban and slightly moody, with a sense of quiet sophistication.",released_box_mask_needs_sam2,0.33878326416015625,1,,,False,False,False,False,False,True,3.598599725942383,needs_sam2_mask_refinement|no_gt_image
rs_000008_1,ReShapeBench,single_object,single_object,000008_1,/mnt/bn/strategy-mllm-train/user/tanyue/datasets/ReShapeBench/single_object/metadata.jsonl,14,Change the boat into a swan,swan,"A tranquil dusk scene shows a sleek white swan gliding gently on the calm water. The swan's elegant neck and outstretched wings are mirrored on the water's surface, replacing the boat in the same position. In the background, traditional stilt houses are silhouetted against a vibrant sunset sky painted in pink, purple, and orange hues. The atmosphere remains peaceful and dreamlike, with the still water perfectly reflecting the colors of the sky.",released_box_mask_needs_sam2,0.1849365234375,1,,,False,False,False,False,False,True,3.9766657914081263,needs_sam2_mask_refinement|no_gt_image
rs_000011_2,ReShapeBench,single_object,single_object,000011_2,/mnt/bn/strategy-mllm-train/user/tanyue/datasets/ReShapeBench/single_object/metadata.jsonl,21,Change the bench into a statue of a deer,statue of a deer,"A tranquil park is bathed in the warm glow of autumn sunlight. In the foreground, a bronze statue of a deer stands gracefully on the path blanketed with golden and orange fallen leaves. The background displays a large tree with textured bark and bright yellow foliage, surrounded by more colorful trees and a grassy field stretching into the distance. The atmosphere is peaceful, inviting calm and a deep connection to nature.",released_box_mask_needs_sam2,0.1915130615234375,1,,,False,False,False,False,False,True,3.95538906373775,needs_sam2_mask_refinement|no_gt_image
rs_000012_1,ReShapeBench,single_object,single_object,000012_1,/mnt/bn/strategy-mllm-train/user/tanyue/datasets/ReShapeBench/single_object/metadata.jsonl,22,Change the cowboy on horse into a bicycle,bicycle,"A bright red bicycle stands alone on a vast, dusty plain beneath a clear blue sky. The bicycle's frame gleams in the sunlight, its wheels and handlebars casting crisp shadows on the ground. In the distance, low hills and a solitary wind turbine rise against the serene horizon, blending nature with a hint of modern technology. The atmosphere is tranquil and open, evoking a sense of freedom and possibility in the wide landscape.",released_box_mask_needs_sam2,0.3473167419433594,1,,,False,False,False,False,False,True,3.5828123369645266,needs_sam2_mask_refinement|no_gt_image
rs_000013_2,ReShapeBench,single_object,single_object,000013_2,/mnt/bn/strategy-mllm-train/user/tanyue/datasets/ReShapeBench/single_object/metadata.jsonl,25,Change the rowboat into a frog,frog,"A small frog rests quietly by the edge of a calm pond near the shore, surrounded by lush green plants. The frog's smooth skin and subtle patterns are illuminated by soft, filtered light, highlighting its delicate form. Overhanging tree branches with delicate leaves form a dappled canopy, casting soft patterns onto the pond's surface. The mood remains tranquil and reflective, with bamboo stalks in the background enhancing the serene, natural setting.",released_box_mask_needs_sam2,0.0352783203125,1,,,False,False,False,False,False,True,3.988485420647658,needs_sam2_mask_refinement|no_gt_image
rs_000015_2,ReShapeBench,single_object,single_object,000015_2,/mnt/bn/strategy-mllm-train/user/tanyue/datasets/ReShapeBench/single_object/metadata.jsonl,29,Change the wooden door into a potted olive tree,potted olive tree,"A pastel-pink building facade features a large potted olive tree as the central element, its slender trunk and silvery-green leaves reaching upward. The tree sits in a rustic clay pot, positioned where the door once was, and its foliage casts gentle shadows on the wall. To the left is a utility box, and to the right is a partially visible window with a dark frame, with 'EEE' letters embedded above the tree. Warm sunlight highlights the textures, creating a cozy and inviting atmosphere.",released_box_mask_needs_sam2,0.056304931640625,1,,,False,False,False,False,False,True,4.280997568401479,needs_sam2_mask_refinement|no_gt_image
rs_000017_1,ReShapeBench,single_object,single_object,000017_1,/mnt/bn/strategy-mllm-train/user/tanyue/datasets/ReShapeBench/single_object/metadata.jsonl,32,Change the dog into a squirrel,squirrel,"A curious gray squirrel sits comfortably inside a patterned basket in a softly lit room. The squirrel's bushy tail, alert eyes, and small paws make it look lively and inquisitive. The basket is decorated with a delicate floral design in muted gray and white tones, enhancing the cozy setting. The atmosphere is gentle and inviting, with warm, diffused light highlighting the squirrel's energetic yet calm presence.",released_box_mask_needs_sam2,0.3154296875,1,,,False,False,False,False,False,True,3.642728545868009,needs_sam2_mask_refinement|no_gt_image
rs_000018_2,ReShapeBench,single_object,single_object,000018_2,/mnt/bn/strategy-mllm-train/user/tanyue/datasets/ReShapeBench/single_object/metadata.jsonl,35,Change the surfer into a kayak,kayak,"A sleek white kayak glides along the shoreline at sunset, its paddler seated inside and moving steadily through the shallow surf. The person is dressed in a life vest and paddling gear, prepared for an ocean journey. In the background, calm waves gently reach the shore and distant rock formations rise from the water, adding depth to the scene. The mood is peaceful and adventurous, with warm golden light creating a tranquil coastal atmosphere.",released_box_mask_needs_sam2,0.12298202514648438,1,,,False,False,False,False,False,True,4.231804081190791,needs_sam2_mask_refinement|no_gt_image
rs_000022_2,ReShapeBench,single_object,single_object,000022_2,/mnt/bn/strategy-mllm-train/user/tanyue/datasets/ReShapeBench/single_object/metadata.jsonl,43,Change the cat into a tortoise,tortoise,"A sturdy brown tortoise ambles steadily through a vibrant meadow, its textured shell catching the gentle sunlight. The tortoise's small, focused eyes, wrinkled skin, and determined posture give it a unique and captivating look. The background is filled with lush wildflowers and green grass, providing a vivid contrast to the earthy tones of the tortoise. The atmosphere is peaceful and contemplative, highlighting the quiet beauty of the animal in its natural surroundings.",released_box_mask_needs_sam2,0.3564338684082031,1,,,False,False,False,False,False,True,3.567038092605138,needs_sam2_mask_refinement|no_gt_image
rs_000025_2,ReShapeBench,single_object,single_object,000025_2,/mnt/bn/strategy-mllm-train/user/tanyue/datasets/ReShapeBench/single_object/metadata.jsonl,49,Change the classic car into a tandem bicycle,tandem bicycle,"A bright red tandem bicycle is gliding along the smooth, open road under a bright blue sky. The bicycle features two seats, elongated handlebars, and shiny metal parts that catch the sunlight as it moves. In the background, lush green trees line the roadside, adding a serene contrast to the dynamic motion of the bike. The atmosphere is energetic and cheerful, capturing the joy of cycling in a scenic outdoor setting.",released_box_mask_needs_sam2,0.15224456787109375,1,,,False,False,False,False,False,True,4.098183464529793,needs_sam2_mask_refinement|no_gt_image
rs_000026_2,ReShapeBench,single_object,single_object,000026_2,/mnt/bn/strategy-mllm-train/user/tanyue/datasets/ReShapeBench/single_object/metadata.jsonl,51,Change the Eiffel Tower into a lighthouse,lighthouse,"A towering lighthouse stands prominently against the clear blue sky, its white and red stripes gleaming in the sunlight. In the foreground, several small boats drift peacefully along the calm waters of the Seine River. Lush green trees line both sides of the river, providing a vibrant contrast to the lighthouse and deep blue water. The atmosphere is tranquil and picturesque, preserving the serene beauty of the riverside setting.",released_box_mask_needs_sam2,0.0117034912109375,1,,,True,False,False,False,False,True,5.09952974288165,needs_sam2_mask_refinement|no_gt_image
rs_000028_2,ReShapeBench,single_object,single_object,000028_2,/mnt/bn/strategy-mllm-train/user/tanyue/datasets/ReShapeBench/single_object/metadata.jsonl,55,Change the loaf of bread into a wheel of cheese,wheel of cheese,"A large wheel of aged cheese sits on a wooden cutting board, its firm rind dusted with a light coating of flour. The cheese has a rustic, cracked surface that suggests a rich, nutty flavor and creamy texture. In the background, a basket filled with eggs nestled in straw adds a cozy, homely touch. Scattered wheat stalks and flour-dusted surfaces create a wholesome, comforting atmosphere reminiscent of traditional baking.",released_box_mask_needs_sam2,0.00732421875,1,,,True,False,False,False,False,True,4.806599876733462,needs_sam2_mask_refinement|no_gt_image
rs_000030_2,ReShapeBench,single_object,single_object,000030_2,/mnt/bn/strategy-mllm-train/user/tanyue/datasets/ReShapeBench/single_object/metadata.jsonl,59,Change the woodpecker into a chameleon,chameleon,"A camouflaged chameleon clings to a dark, weathered branch in front of a softly blurred green background. The chameleon's textured skin and subtle color variations are rendered with fine detail, highlighting its adaptive nature. The background consists of gentle shades of green, evoking a peaceful woodland environment. The overall mood is quiet and observant, emphasizing the creature's stillness and awareness.",released_box_mask_needs_sam2,0.3358879089355469,1,,,False,False,False,False,False,True,3.6039244614523493,needs_sam2_mask_refinement|no_gt_image
rs_000035_1,ReShapeBench,single_object,single_object,000035_1,/mnt/bn/strategy-mllm-train/user/tanyue/datasets/ReShapeBench/single_object/metadata.jsonl,68,Change the mulberries into a river stone,river stone,"A hand is gently holding a small, smooth river stone against a vibrant teal background. The stone is oval-shaped, cool gray, and polished, resting securely in the slightly curled fingers. The background remains a bright, solid teal that creates a striking contrast and makes the stone stand out. The scene feels calm and elegant, with a delicate bracelet adding a subtle touch of style.",released_box_mask_needs_sam2,0.22218704223632812,1,,,False,False,False,False,False,True,3.862272567159616,needs_sam2_mask_refinement|no_gt_image
rs_000036_2,ReShapeBench,single_object,single_object,000036_2,/mnt/bn/strategy-mllm-train/user/tanyue/datasets/ReShapeBench/single_object/metadata.jsonl,71,Change the person into a vase,vase,"A tall floor vase stands with its opening facing away from the viewer, filled with a bouquet of pastel pink and white flowers. The smooth ceramic surface of the vase and the delicate arrangement of blooms are highlighted against the clean, neutral beige background. The background remains simple and unobtrusive, keeping the focus on the vase and flowers. The mood is calm, elegant, and timeless.",released_box_mask_needs_sam2,0.3825492858886719,1,,,False,False,False,False,False,True,3.522936456075738,needs_sam2_mask_refinement|no_gt_image
rs_000037_1,ReShapeBench,single_object,single_object,000037_1,/mnt/bn/strategy-mllm-train/user/tanyue/datasets/ReShapeBench/single_object/metadata.jsonl,72,Change the cat into a sea turtle,sea turtle,"A sturdy sea turtle rests calmly on a rocky shoreline, its shell patterned in earthy browns and grays blending with the rocks. The turtle's textured shell and flippers are highlighted as it faces the camera, fitting naturally among the stones. In the background, a small white house with a red roof stands near the water, slightly blurred to keep the focus on the turtle. The scene remains peaceful and serene, with gentle lighting and muted tones creating a tranquil coastal atmosphere.",released_box_mask_needs_sam2,0.30065155029296875,1,,,False,False,False,False,False,True,3.6735350632840524,needs_sam2_mask_refinement|no_gt_image
rs_000044_2,ReShapeBench,single_object,single_object,000044_2,/mnt/bn/strategy-mllm-train/user/tanyue/datasets/ReShapeBench/single_object/metadata.jsonl,87,Change the bird into a squirrel,squirrel,"A small squirrel is perched gracefully on a slender, gnarled branch. Its bushy tail, agile body, and alert eyes are rendered in lifelike detail, standing out against the natural setting. The background is a softly blurred green, drawing attention to the squirrel's lively form and textured fur. The mood is peaceful and lively, highlighting the charm of wildlife in a serene environment.",released_box_mask_needs_sam2,0.166839599609375,1,,,False,False,False,False,False,True,4.041586432312039,needs_sam2_mask_refinement|no_gt_image
rs_000046_1,ReShapeBench,single_object,single_object,000046_1,/mnt/bn/strategy-mllm-train/user/tanyue/datasets/ReShapeBench/single_object/metadata.jsonl,90,Change the poodle into a bicycle,bicycle,"A shiny red bicycle is parked upright on a lush green lawn. Its sleek frame, black tires, and silver handlebars stand out against the grass, while a small bell adds a playful accent. Behind the bicycle, tall leafy plants fill the background, creating a peaceful and natural outdoor setting. The scene feels cheerful and inviting, blending the sense of outdoor adventure with tranquility.",released_box_mask_needs_sam2,0.1608428955078125,1,,,False,False,False,False,False,True,4.064319865456208,needs_sam2_mask_refinement|no_gt_image
rs_000047_1,ReShapeBench,single_object,single_object,000047_1,/mnt/bn/strategy-mllm-train/user/tanyue/datasets/ReShapeBench/single_object/metadata.jsonl,92,Change the betta fish into a butterfly,butterfly,"A majestic peacock butterfly spreads its wings wide open against a stark black background, revealing a stunning array of iridescent hues. The butterfly's wings are adorned with intricate patterns of blue, green, and gold, featuring eye-like spots and delicate edges. The background is entirely black, ensuring all focus remains on the butterfly's form and vibrant colors. The scene feels mesmerizing and ethereal, emphasizing the butterfly's allure and elegance.",released_box_mask_needs_sam2,0.36102294921875,1,,,False,False,False,False,False,True,3.5591339347236817,needs_sam2_mask_refinement|no_gt_image
rs_000053_1,ReShapeBench,single_object,single_object,000053_1,/mnt/bn/strategy-mllm-train/user/tanyue/datasets/ReShapeBench/single_object/metadata.jsonl,104,Change the person into a bicycle,bicycle,"A single bicycle stands parked on a wet city street on a rainy day, its frame partially shielded by a bright pink rain cover. The bicycle has a sturdy build and black tires, with droplets of water beading on the metal and seat. Closed storefronts with bold red shutters line the background, adding vibrant color to the urban scene. The reflective pavement and subdued light create a quiet, melancholic city atmosphere.",released_box_mask_needs_sam2,0.05901336669921875,1,,,False,False,False,False,False,True,4.31070816947208,needs_sam2_mask_refinement|no_gt_image
rs_000055_1,ReShapeBench,single_object,single_object,000055_1,/mnt/bn/strategy-mllm-train/user/tanyue/datasets/ReShapeBench/single_object/metadata.jsonl,108,Change the bench into a wheelbarrow,wheelbarrow,"A tranquil winter scene shows a classic wooden wheelbarrow positioned in the center of a snowy field, surrounded by trees with bright orange leaves. The wheelbarrow appears inviting, suggesting a perfect place to rest tools or gather snow in the peaceful surroundings. The ground is blanketed in fresh snow, which contrasts beautifully with the warm autumn foliage, and a distant village or town is visible in the background. The overall mood is calm and reflective, with a soft, overcast sky adding to the serene ambiance.",released_box_mask_needs_sam2,0.07810592651367188,1,,,False,False,False,False,False,True,4.48593818944453,needs_sam2_mask_refinement|no_gt_image
rs_000060_1,ReShapeBench,single_object,single_object,000060_1,/mnt/bn/strategy-mllm-train/user/tanyue/datasets/ReShapeBench/single_object/metadata.jsonl,118,Change the dog into a bicycle,bicycle,"A bright red bicycle is rolling across a sunlit grassy field, its frame gleaming in the light. The bicycle features shiny metal parts, black tires, and a basket attached to the handlebars, adding to its playful appearance. In the background, vibrant green trees with fresh spring leaves cast dappled shadows, and a house with red siding and white trim is visible in the distance. The scene feels lively and carefree, evoking the spirit of outdoor adventure.",released_box_mask_needs_sam2,0.07062911987304688,1,,,False,False,False,False,False,True,4.422808621180914,needs_sam2_mask_refinement|no_gt_image
rs_000061_1,ReShapeBench,single_object,single_object,000061_1,/mnt/bn/strategy-mllm-train/user/tanyue/datasets/ReShapeBench/single_object/metadata.jsonl,120,Change the bicycle into a bench,bench,"A sturdy wooden bench is placed against a vibrant yellow wall, creating a welcoming and eye-catching scene. The bench features slatted wood, metal armrests, and a simple, classic design that fits the retro atmosphere. In the background, a yellow wall is accented by a small potted plant at its base, all illuminated by warm, golden sunlight. The mood is inviting and relaxed, maintaining the cheerful spirit of the urban setting.",released_box_mask_needs_sam2,0.2853660583496094,1,,,False,False,False,False,False,True,3.7056514316845095,needs_sam2_mask_refinement|no_gt_image
rs_000062_2,ReShapeBench,single_object,single_object,000062_2,/mnt/bn/strategy-mllm-train/user/tanyue/datasets/ReShapeBench/single_object/metadata.jsonl,123,Change the person with parasol into a marble statue with parasol,marble statue with parasol,"A tall, slender marble statue stands gracefully beneath a large white parasol in the same lush, green outdoor setting. The statue is elegantly sculpted in a classical style, its smooth surface catching the soft light as it stands where the person was. Dense green foliage fills the background, preserving the serene and natural environment. The gentle lighting highlights the contrast between the bright parasol and the pale marble, creating a tranquil and refined mood.",released_box_mask_needs_sam2,0.19493865966796875,1,,,False,False,False,False,False,True,3.944292354169404,needs_sam2_mask_refinement|no_gt_image
rs_000069_1,ReShapeBench,single_object,single_object,000069_1,/mnt/bn/strategy-mllm-train/user/tanyue/datasets/ReShapeBench/single_object/metadata.jsonl,136,Change the vintage car into a horse,horse,"A sturdy brown horse trots along a narrow country road. The horse has a glossy coat, strong legs, and a flowing mane, exuding natural grace and presence. Surrounding the road are golden fields of tall grass, creating a peaceful rural backdrop. The mood is serene and timeless, with the wet road reflecting the horse's silhouette and enhancing the sense of a classic countryside journey.",released_box_mask_needs_sam2,0.10951995849609375,1,,,False,False,False,False,False,True,4.30449325380864,needs_sam2_mask_refinement|no_gt_image
rs_000070_2,ReShapeBench,single_object,single_object,000070_2,/mnt/bn/strategy-mllm-train/user/tanyue/datasets/ReShapeBench/single_object/metadata.jsonl,139,Change the duck into a rowboat,rowboat,"A small wooden rowboat drifts quietly across the calm, reflective body of water. The boat's smooth hull and simple oars stand out against the serene blue surface, creating a striking focal point. The water mirrors the boat's shape, adding depth and symmetry to the scene. The tranquil blue background emphasizes the peaceful and contemplative mood.",released_box_mask_needs_sam2,0.089263916015625,1,,,False,False,False,False,False,True,4.4322182238855525,needs_sam2_mask_refinement|no_gt_image
